Date,Region,City,State,Lat,Lon,Forecast_Precip_In,Forecast_UV,Action,Trigger_Reason,Hist_Umbrella_Revenue,Priority_Score,Spend_Share
2026-09-29,US,Naples,Florida,26.14234,-81.79596,0.315,2.0,Scale Umbrellas,Forecast rain 0.32 in ≥ 0.20 in,1471.19,2317.12,0.136636
2026-09-29,US,Albuquerque,New Mexico,35.08449,-106.65114,0.878,1.1,Scale Umbrellas,Forecast rain 0.88 in ≥ 0.20 in,600.62,1801.86,0.106252
2026-09-29,US,Honolulu,Hawaii,21.30694,-157.85834,0.087,8.35,Sun Protection (Hats/Shirts),Forecast UV 8.3 ≥ 8,1610.55,1681.01,0.099126
2026-09-29,US,Tucson,Arizona,32.22174,-110.92648,0.382,3.65,Scale Umbrellas,Forecast rain 0.38 in ≥ 0.20 in,776.7,1483.5,0.087479
2026-09-29,US,Saint Paul,Minnesota,44.94441,-93.09327,0.488,2.25,Scale Umbrellas,Forecast rain 0.49 in ≥ 0.20 in,508.1,1239.76,0.073106
2026-09-29,CAN,Vancouver,British Columbia,49.24966,-123.11934,0.768,0.95,Scale Umbrellas,Forecast rain 0.77 in ≥ 0.20 in,271.66,814.98,0.048058
2026-09-29,US,Omaha,Nebraska,41.25626,-95.94043,0.283,1.3,Scale Umbrellas,Forecast rain 0.28 in ≥ 0.20 in,448.37,634.44,0.037412
2026-09-29,US,Santa Fe,New Mexico,35.68698,-105.9378,0.866,3.2,Scale Umbrellas,Forecast rain 0.87 in ≥ 0.20 in,196.16,588.48,0.034702
2026-09-29,US,Tacoma,Washington,47.25288,-122.44429,0.232,0.35,Scale Umbrellas,Forecast rain 0.23 in ≥ 0.20 in,431.4,500.42,0.029509
2026-09-29,US,Lincoln,Nebraska,40.8,-96.66696,0.484,2.6,Scale Umbrellas,Forecast rain 0.48 in ≥ 0.20 in,203.64000000000001,492.81,0.02906
2026-09-29,US,Las Cruces,New Mexico,32.31232,-106.77834,0.78,2.45,Scale Umbrellas,Forecast rain 0.78 in ≥ 0.20 in,137.95,413.85,0.024404
2026-09-29,US,Minnetonka,Minnesota,44.9133,-93.50329,1.248,1.45,Scale Umbrellas,Forecast rain 1.25 in ≥ 0.20 in,129.98,389.94,0.022994
2026-09-29,US,Sioux Falls,South Dakota,43.54997,-96.70033,0.626,1.35,Scale Umbrellas,Forecast rain 0.63 in ≥ 0.20 in,117.28,351.84,0.020747
2026-09-29,US,Ewa Beach,Hawaii,21.31556,-158.00722,0.028,8.25,Sun Protection (Hats/Shirts),Forecast UV 8.2 ≥ 8,318.9,328.87,0.019393
2026-09-29,US,West Des Moines,Iowa,41.57721,-93.71133,1.748,4.0,Scale Umbrellas,Forecast rain 1.75 in ≥ 0.20 in,106.61999999999999,319.86,0.018862
2026-09-29,US,Des Moines,Iowa,41.60054,-93.60911,0.469,4.35,Scale Umbrellas,Forecast rain 0.47 in ≥ 0.20 in,131.38,308.09,0.018167
2026-09-29,CAN,Surrey,British Columbia,49.10635,-122.82509,0.894,2.6,Scale Umbrellas,Forecast rain 0.89 in ≥ 0.20 in,84.99,254.97,0.015035
2026-09-29,US,Kailua,Hawaii,21.40241,-157.74054,0.098,8.3,Sun Protection (Hats/Shirts),Forecast UV 8.3 ≥ 8,223.49,231.87,0.013673
2026-09-29,CAN,Burnaby,British Columbia,49.26636,-122.95263,1.272,0.85,Scale Umbrellas,Forecast rain 1.27 in ≥ 0.20 in,73.67,221.01,0.013033
2026-09-29,US,Kaneohe,Hawaii,21.39994,-157.79895,0.098,8.35,Sun Protection (Hats/Shirts),Forecast UV 8.3 ≥ 8,204.73,213.69,0.012601
2026-09-29,US,Fargo,North Dakota,46.87719,-96.7898,0.311,1.6,Scale Umbrellas,Forecast rain 0.31 in ≥ 0.20 in,126.84,197.24,0.011631
2026-09-29,US,Los Alamos,New Mexico,35.88808,-106.30697,1.161,3.1,Scale Umbrellas,Forecast rain 1.16 in ≥ 0.20 in,62.35,187.05,0.01103
2026-09-29,US,Anchorage,Alaska,61.21806,-149.90028,0.248,2.05,Scale Umbrellas,Forecast rain 0.25 in ≥ 0.20 in,147.56,182.97,0.010789
2026-09-29,US,Tijeras,New Mexico,35.08088,-106.38808,1.189,1.35,Scale Umbrellas,Forecast rain 1.19 in ≥ 0.20 in,55.67,167.01,0.009848
2026-09-29,CAN,North Vancouver,British Columbia,49.31636,-123.06934,1.299,0.85,Scale Umbrellas,Forecast rain 1.30 in ≥ 0.20 in,55.17,165.51,0.00976
2026-09-29,CAN,Victoria,British Columbia,48.4359,-123.35155,0.508,1.45,Scale Umbrellas,Forecast rain 0.51 in ≥ 0.20 in,64.17,162.99,0.009611
2026-09-29,US,Leawood,Kansas,38.96667,-94.6169,0.256,4.6,Scale Umbrellas,Forecast rain 0.26 in ≥ 0.20 in,124.37,159.19,0.009387
2026-09-29,US,Cordova,Alaska,60.5432,-145.75867,0.512,1.55,Scale Umbrellas,Forecast rain 0.51 in ≥ 0.20 in,57.24,146.53,0.008641
2026-09-29,US,West Fargo,North Dakota,46.87497,-96.90036,0.354,2.15,Scale Umbrellas,Forecast rain 0.35 in ≥ 0.20 in,76.10000000000001,134.7,0.007943
2026-09-29,US,Ames,Iowa,42.03471,-93.61994,0.283,2.65,Scale Umbrellas,Forecast rain 0.28 in ≥ 0.20 in,92.36,130.69,0.007707
2026-09-29,US,Bangor,Maine,44.79884,-68.77265,0.441,0.35,Scale Umbrellas,Forecast rain 0.44 in ≥ 0.20 in,57.54,126.88,0.007482
2026-09-29,US,Sitka,Alaska,57.05315,-135.33089,0.488,2.45,Scale Umbrellas,Forecast rain 0.49 in ≥ 0.20 in,30.84,75.25,0.004437
2026-09-29,CAN,Hay River,Northwest Territories,60.81555,-115.79993,0.843,0.3,Scale Umbrellas,Forecast rain 0.84 in ≥ 0.20 in,0.0,64.7,0.003815
2026-09-29,CAN,Stratford,Prince Edward Island,46.2153,-63.0866,1.094,1.05,Scale Umbrellas,Forecast rain 1.09 in ≥ 0.20 in,0.0,64.7,0.003815
2026-09-29,CAN,Charlottetown,Prince Edward Island,46.23459,-63.1256,0.528,0.85,Scale Umbrellas,Forecast rain 0.53 in ≥ 0.20 in,0.0,56.94,0.003358
2026-09-29,CAN,Iqaluit,Nunavut,63.74697,-68.51727,0.524,1.15,Scale Umbrellas,Forecast rain 0.52 in ≥ 0.20 in,0.0,56.51,0.003332
2026-09-29,US,Grand Forks,North Dakota,47.92526,-97.03285,0.843,3.85,Scale Umbrellas,Forecast rain 0.84 in ≥ 0.20 in,17.33,51.99,0.003066
2026-09-29,CAN,Sydney,Nova Scotia,46.1351,-60.1831,0.421,0.7,Scale Umbrellas,Forecast rain 0.42 in ≥ 0.20 in,0.0,45.4,0.002677
2026-09-29,UK,Lisburn,Northern Ireland,54.52337,-6.03527,0.319,1.65,Scale Umbrellas,Forecast rain 0.32 in ≥ 0.20 in,0.0,34.4,0.002029
2026-09-29,CAN,Saint John,New Brunswick,45.27076,-66.05616,0.311,1.1,Scale Umbrellas,Forecast rain 0.31 in ≥ 0.20 in,0.0,33.54,0.001978
2026-09-29,CAN,Fort Smith,Northwest Territories,60.00439,-111.88871,0.287,0.45,Scale Umbrellas,Forecast rain 0.29 in ≥ 0.20 in,0.0,30.95,0.001825
2026-09-29,CAN,Thompson,Manitoba,55.7435,-97.85579,0.228,2.75,Scale Umbrellas,Forecast rain 0.23 in ≥ 0.20 in,0.0,24.59,0.00145
2026-09-29,CAN,Dieppe,New Brunswick,46.07844,-64.68735,0.453,0.7,Scale Umbrellas,Forecast rain 0.45 in ≥ 0.20 in,8.95,20.27,0.001195
2026-09-29,CAN,Halifax,Nova Scotia,44.64269,-63.57688,0.228,2.55,Scale Umbrellas,Forecast rain 0.23 in ≥ 0.20 in,17.27,19.69,0.001161
2026-09-29,UK,Newry,Northern Ireland,54.17841,-6.33739,0.323,1.5,Scale Umbrellas,Forecast rain 0.32 in ≥ 0.20 in,5.859999999999999,9.46,0.000558
2026-09-29,UK,Clarbeston Road,Wales,51.85139,-4.88056,0.618,2.0,Scale Umbrellas,Forecast rain 0.62 in ≥ 0.20 in,2.83,8.49,0.000501
2026-09-29,UK,Dromara,Northern Ireland,54.36667,-6.01667,0.748,1.55,Scale Umbrellas,Forecast rain 0.75 in ≥ 0.20 in,2.63,7.89,0.000465
2026-09-29,UK,Belfast,Northern Ireland,54.59682,-5.92541,0.287,1.15,Scale Umbrellas,Forecast rain 0.29 in ≥ 0.20 in,3.08,4.42,0.000261
2026-09-29,US,Fairbanks,Alaska,64.83778,-147.71638,0.035,1.2,Baseline,No forecast trigger,42.79,0.0,0.0
2026-09-29,US,Wasilla,Alaska,61.5809,-149.4415,0.185,1.25,Baseline,No forecast trigger,19.48,0.0,0.0
2026-09-29,US,Birmingham,Alabama,33.52066,-86.80249,0.0,6.6,Baseline,No forecast trigger,717.32,0.0,0.0
2026-09-29,US,Huntsville,Alabama,34.7304,-86.58594,0.0,6.45,Baseline,No forecast trigger,573.15,0.0,0.0
2026-09-29,US,Mobile,Alabama,30.69436,-88.04305,0.0,6.95,Baseline,No forecast trigger,313.08000000000004,0.0,0.0
2026-09-29,US,Madison,Alabama,34.69926,-86.74833,0.0,6.45,Baseline,No forecast trigger,792.59,0.0,0.0
2026-09-29,US,Fairhope,Alabama,30.52297,-87.90333,0.0,7.05,Baseline,No forecast trigger,189.36,0.0,0.0
2026-09-29,US,Little Rock,Arkansas,34.74648,-92.28959,0.0,6.35,Baseline,No forecast trigger,493.72,0.0,0.0
2026-09-29,US,Jonesboro,Arkansas,35.8423,-90.70428,0.0,6.1,Baseline,No forecast trigger,181.6,0.0,0.0
2026-09-29,US,Bentonville,Arkansas,36.37285,-94.20882,0.0,5.75,Baseline,No forecast trigger,269.24,0.0,0.0
2026-09-29,US,Fayetteville,Arkansas,36.06258,-94.15743,0.0,5.95,Baseline,No forecast trigger,181.82999999999998,0.0,0.0
2026-09-29,US,Rogers,Arkansas,36.33202,-94.11854,0.0,6.1,Baseline,No forecast trigger,197.76,0.0,0.0
2026-09-29,US,Phoenix,Arizona,33.44838,-112.07404,0.016,6.8,Baseline,No forecast trigger,886.63,0.0,0.0
2026-09-29,US,Scottsdale,Arizona,33.50921,-111.89903,0.0,6.8,Baseline,No forecast trigger,721.34,0.0,0.0
2026-09-29,US,Gilbert,Arizona,33.35283,-111.78903,0.059,6.85,Baseline,No forecast trigger,258.89,0.0,0.0
2026-09-29,US,Mesa,Arizona,33.42227,-111.82264,0.0,6.85,Baseline,No forecast trigger,266.38,0.0,0.0
2026-09-29,US,Los Angeles,California,34.05223,-118.24368,0.0,6.6,Baseline,No forecast trigger,4672.68,0.0,0.0
2026-09-29,US,San Francisco,California,37.77493,-122.41942,0.0,6.1,Baseline,No forecast trigger,4813.09,0.0,0.0
2026-09-29,US,San Diego,California,32.71571,-117.16472,0.0,6.75,Baseline,No forecast trigger,2386.1600000000003,0.0,0.0
2026-09-29,US,San Jose,California,37.33939,-121.89496,0.0,6.2,Baseline,No forecast trigger,1891.11,0.0,0.0
2026-09-29,US,Oakland,California,37.80437,-122.2708,0.0,6.1,Baseline,No forecast trigger,1290.01,0.0,0.0
2026-09-29,US,Denver,Colorado,39.73915,-104.9847,0.0,5.95,Baseline,No forecast trigger,1084.28,0.0,0.0
2026-09-29,US,Colorado Springs,Colorado,38.83388,-104.82136,0.016,3.8,Baseline,No forecast trigger,560.03,0.0,0.0
2026-09-29,US,Littleton,Colorado,39.61332,-105.01665,0.0,6.0,Baseline,No forecast trigger,314.51,0.0,0.0
2026-09-29,US,Aurora,Colorado,39.72943,-104.83192,0.0,5.95,Baseline,No forecast trigger,258.96,0.0,0.0
2026-09-29,US,Fort Collins,Colorado,40.58526,-105.08442,0.0,5.85,Baseline,No forecast trigger,268.81,0.0,0.0
2026-09-29,US,Norwalk,Connecticut,41.1176,-73.4079,0.0,5.3,Baseline,No forecast trigger,262.88,0.0,0.0
2026-09-29,US,Greenwich,Connecticut,41.02649,-73.62846,0.0,4.35,Baseline,No forecast trigger,814.0,0.0,0.0
2026-09-29,US,Stamford,Connecticut,41.05343,-73.53873,0.0,4.35,Baseline,No forecast trigger,312.91,0.0,0.0
2026-09-29,US,Fairfield,Connecticut,41.14121,-73.26373,0.0,5.35,Baseline,No forecast trigger,300.54,0.0,0.0
2026-09-29,US,New Canaan,Connecticut,41.14676,-73.49484,0.0,4.8,Baseline,No forecast trigger,321.95,0.0,0.0
2026-09-29,US,Wilmington,Delaware,39.74595,-75.54659,0.0,3.6,Baseline,No forecast trigger,1140.94,0.0,0.0
2026-09-29,US,New Castle,Delaware,39.65948,-75.56359,0.0,3.6,Baseline,No forecast trigger,190.71,0.0,0.0
2026-09-29,US,Lewes,Delaware,38.77456,-75.13935,0.016,3.2,Baseline,No forecast trigger,177.47,0.0,0.0
2026-09-29,US,Newark,Delaware,39.68372,-75.74966,0.0,3.65,Baseline,No forecast trigger,206.69,0.0,0.0
2026-09-29,US,Middletown,Delaware,39.44956,-75.71632,0.0,4.65,Baseline,No forecast trigger,92.73,0.0,0.0
2026-09-29,US,Miami,Florida,25.77427,-80.19366,0.016,7.2,Baseline,No forecast trigger,5223.5,0.0,0.0
2026-09-29,US,Orlando,Florida,28.53834,-81.37924,0.0,4.85,Baseline,No forecast trigger,1883.09,0.0,0.0
2026-09-29,US,Tampa,Florida,27.94752,-82.45843,0.016,5.95,Baseline,No forecast trigger,1342.3799999999999,0.0,0.0
2026-09-29,US,Boca Raton,Florida,26.35869,-80.0831,0.016,5.35,Baseline,No forecast trigger,1157.6399999999999,0.0,0.0
2026-09-29,US,Atlanta,Georgia,33.749,-84.38798,0.0,6.6,Baseline,No forecast trigger,2321.8900000000003,0.0,0.0
2026-09-29,US,Marietta,Georgia,33.9526,-84.54993,0.0,6.6,Baseline,No forecast trigger,1085.94,0.0,0.0
2026-09-29,US,Savannah,Georgia,32.08354,-81.09983,0.0,6.8,Baseline,No forecast trigger,617.49,0.0,0.0
2026-09-29,US,Alpharetta,Georgia,34.07538,-84.29409,0.0,6.6,Baseline,No forecast trigger,510.98,0.0,0.0
2026-09-29,US,Decatur,Georgia,33.77483,-84.29631,0.0,6.6,Baseline,No forecast trigger,385.13,0.0,0.0
2026-09-29,US,Mililani,Hawaii,21.4504,-158.01503,0.012,7.7,Baseline,No forecast trigger,172.35999999999999,0.0,0.0
2026-09-29,US,Cedar Rapids,Iowa,42.00833,-91.64407,0.047,4.9,Baseline,No forecast trigger,191.83,0.0,0.0
2026-09-29,US,Iowa City,Iowa,41.66113,-91.53017,0.0,5.05,Baseline,No forecast trigger,140.3,0.0,0.0
2026-09-29,US,Boise,Idaho,43.6135,-116.20345,0.0,5.4,Baseline,No forecast trigger,320.84000000000003,0.0,0.0
2026-09-29,US,Meridian,Idaho,43.61211,-116.39151,0.0,5.35,Baseline,No forecast trigger,190.19,0.0,0.0
2026-09-29,US,Eagle,Idaho,43.69544,-116.35401,0.0,5.35,Baseline,No forecast trigger,87.22,0.0,0.0
2026-09-29,US,Kuna,Idaho,43.49183,-116.42012,0.0,5.4,Baseline,No forecast trigger,146.76,0.0,0.0
2026-09-29,US,Chicago,Illinois,41.85003,-87.65005,0.0,4.75,Baseline,No forecast trigger,5673.47,0.0,0.0
2026-09-29,US,Naperville,Illinois,41.78586,-88.14729,0.0,4.6,Baseline,No forecast trigger,583.85,0.0,0.0
2026-09-29,US,Evanston,Illinois,42.04114,-87.69006,0.0,4.7,Baseline,No forecast trigger,342.7,0.0,0.0
2026-09-29,US,Wilmette,Illinois,42.07225,-87.72284,0.0,4.7,Baseline,No forecast trigger,317.19,0.0,0.0
2026-09-29,US,Downers Grove,Illinois,41.80892,-88.01117,0.0,4.85,Baseline,No forecast trigger,279.19,0.0,0.0
2026-09-29,US,Indianapolis,Indiana,39.76838,-86.15804,0.0,5.55,Baseline,No forecast trigger,929.67,0.0,0.0
2026-09-29,US,Carmel,Indiana,39.97837,-86.11804,0.0,5.55,Baseline,No forecast trigger,523.33,0.0,0.0
2026-09-29,US,Fort Wayne,Indiana,41.1306,-85.12886,0.0,5.3,Baseline,No forecast trigger,393.86,0.0,0.0
2026-09-29,US,Bloomington,Indiana,39.16533,-86.52639,0.0,5.6,Baseline,No forecast trigger,283.25,0.0,0.0
2026-09-29,US,West Lafayette,Indiana,40.42587,-86.90807,0.0,5.45,Baseline,No forecast trigger,176.75,0.0,0.0
2026-09-29,US,Wichita,Kansas,37.69224,-97.33754,0.059,3.05,Baseline,No forecast trigger,448.71,0.0,0.0
2026-09-29,US,Overland Park,Kansas,38.98223,-94.67079,0.185,4.6,Baseline,No forecast trigger,418.71,0.0,0.0
2026-09-29,US,Olathe,Kansas,38.8814,-94.81913,0.0,5.05,Baseline,No forecast trigger,223.28,0.0,0.0
2026-09-29,US,Lawrence,Kansas,38.97167,-95.23525,0.031,3.7,Baseline,No forecast trigger,135.29,0.0,0.0
2026-09-29,US,Louisville,Kentucky,38.25424,-85.75941,0.0,5.75,Baseline,No forecast trigger,1012.77,0.0,0.0
2026-09-29,US,Lexington,Kentucky,37.98869,-84.47772,0.0,5.8,Baseline,No forecast trigger,698.16,0.0,0.0
2026-09-29,US,Bowling Green,Kentucky,36.99032,-86.4436,0.0,5.95,Baseline,No forecast trigger,131.9,0.0,0.0
2026-09-29,US,Paducah,Kentucky,37.08339,-88.60005,0.0,5.9,Baseline,No forecast trigger,160.38,0.0,0.0
2026-09-29,US,Middlesboro,Kentucky,36.60842,-83.71658,0.0,5.95,Baseline,No forecast trigger,43.95,0.0,0.0
2026-09-29,US,Baton Rouge,Louisiana,30.44332,-91.18747,0.0,7.0,Baseline,No forecast trigger,804.9499999999999,0.0,0.0
2026-09-29,US,New Orleans,Louisiana,29.95465,-90.07507,0.0,7.15,Baseline,No forecast trigger,621.88,0.0,0.0
2026-09-29,US,Lafayette,Louisiana,30.22409,-92.01984,0.0,7.0,Baseline,No forecast trigger,471.93,0.0,0.0
2026-09-29,US,Shreveport,Louisiana,32.52515,-93.75018,0.0,6.65,Baseline,No forecast trigger,560.43,0.0,0.0
2026-09-29,US,Metairie,Louisiana,29.98409,-90.15285,0.0,7.15,Baseline,No forecast trigger,288.17,0.0,0.0
2026-09-29,US,Reading,Massachusetts,42.52565,-71.09533,0.0,3.15,Baseline,No forecast trigger,1833.74,0.0,0.0
2026-09-29,US,Boston,Massachusetts,42.35843,-71.05977,0.0,3.2,Baseline,No forecast trigger,1916.95,0.0,0.0
2026-09-29,US,Cambridge,Massachusetts,42.3751,-71.10561,0.0,3.4,Baseline,No forecast trigger,688.7,0.0,0.0
2026-09-29,US,Berkley,Massachusetts,41.84593,-71.08282,0.0,2.8,Baseline,No forecast trigger,201.49,0.0,0.0
2026-09-29,US,Somerville,Massachusetts,42.3876,-71.0995,0.0,3.4,Baseline,No forecast trigger,352.11,0.0,0.0
2026-09-29,US,Baltimore,Maryland,39.29038,-76.61219,0.0,4.75,Baseline,No forecast trigger,716.91,0.0,0.0
2026-09-29,US,Bethesda,Maryland,38.98067,-77.10026,0.016,4.05,Baseline,No forecast trigger,749.47,0.0,0.0
2026-09-29,US,Silver Spring,Maryland,38.99067,-77.02609,0.0,4.0,Baseline,No forecast trigger,424.96,0.0,0.0
2026-09-29,US,Rockville,Maryland,39.084,-77.15276,0.016,4.9,Baseline,No forecast trigger,396.81,0.0,0.0
2026-09-29,US,Annapolis,Maryland,38.97859,-76.49184,0.0,3.75,Baseline,No forecast trigger,373.24,0.0,0.0
2026-09-29,US,Portland,Maine,43.65737,-70.2589,0.043,0.75,Baseline,No forecast trigger,2148.29,0.0,0.0
2026-09-29,US,Scarborough,Maine,43.57814,-70.32172,0.0,0.75,Baseline,No forecast trigger,116.28,0.0,0.0
2026-09-29,US,Falmouth,Maine,43.72953,-70.24199,0.043,0.8,Baseline,No forecast trigger,80.34,0.0,0.0
2026-09-29,US,Eliot,Maine,43.15314,-70.80006,0.031,1.85,Baseline,No forecast trigger,45.09,0.0,0.0
2026-09-29,US,Ann Arbor,Michigan,42.27756,-83.74088,0.0,5.15,Baseline,No forecast trigger,531.72,0.0,0.0
2026-09-29,US,Grand Rapids,Michigan,42.96336,-85.66809,0.0,5.05,Baseline,No forecast trigger,582.97,0.0,0.0
2026-09-29,US,Bloomfield Hills,Michigan,42.58364,-83.24549,0.0,5.1,Baseline,No forecast trigger,349.34999999999997,0.0,0.0
2026-09-29,US,Plymouth,Michigan,42.37143,-83.47021,0.0,5.15,Baseline,No forecast trigger,442.88,0.0,0.0
2026-09-29,US,Macomb,Michigan,42.70087,-82.95909,0.0,5.1,Baseline,No forecast trigger,180.2,0.0,0.0
2026-09-29,US,Minneapolis,Minnesota,44.97997,-93.26384,0.185,2.15,Baseline,No forecast trigger,1008.53,0.0,0.0
2026-09-29,US,Plymouth,Minnesota,45.01052,-93.45551,0.142,1.55,Baseline,No forecast trigger,442.88,0.0,0.0
2026-09-29,US,Eden Prairie,Minnesota,44.85469,-93.47079,0.157,1.45,Baseline,No forecast trigger,158.16,0.0,0.0
2026-09-29,US,Saint Louis,Missouri,38.65174,-90.20525,0.0,5.75,Baseline,No forecast trigger,971.51,0.0,0.0
2026-09-29,US,Kansas City,Missouri,39.09973,-94.57857,0.185,4.75,Baseline,No forecast trigger,569.2,0.0,0.0
2026-09-29,US,Chesterfield,Missouri,38.66311,-90.57707,0.0,5.7,Baseline,No forecast trigger,297.32,0.0,0.0
2026-09-29,US,Saint Charles,Missouri,38.78394,-90.48123,0.0,5.7,Baseline,No forecast trigger,215.67999999999998,0.0,0.0
2026-09-29,US,Springfield,Missouri,37.21533,-93.29824,0.0,5.85,Baseline,No forecast trigger,218.38,0.0,0.0
2026-09-29,US,Madison,Mississippi,32.46181,-90.11536,0.0,6.75,Baseline,No forecast trigger,792.59,0.0,0.0
2026-09-29,US,Gulfport,Mississippi,30.36742,-89.09282,0.0,7.0,Baseline,No forecast trigger,125.63,0.0,0.0
2026-09-29,US,Hattiesburg,Mississippi,31.32712,-89.29034,0.0,6.9,Baseline,No forecast trigger,69.27,0.0,0.0
2026-09-29,US,Jackson,Mississippi,32.29876,-90.18481,0.0,6.75,Baseline,No forecast trigger,77.13,0.0,0.0
2026-09-29,US,Southaven,Mississippi,34.98898,-90.01259,0.0,6.35,Baseline,No forecast trigger,81.25,0.0,0.0
2026-09-29,US,Bozeman,Montana,45.67965,-111.03856,0.0,5.35,Baseline,No forecast trigger,95.10000000000001,0.0,0.0
2026-09-29,US,Billings,Montana,45.78329,-108.50069,0.0,5.25,Baseline,No forecast trigger,122.97999999999999,0.0,0.0
2026-09-29,US,Great Falls,Montana,47.50024,-111.30081,0.0,3.65,Baseline,No forecast trigger,56.92,0.0,0.0
2026-09-29,US,Missoula,Montana,46.87215,-113.994,0.0,4.7,Baseline,No forecast trigger,54.42,0.0,0.0
2026-09-29,US,Kalispell,Montana,48.19579,-114.31291,0.0,4.3,Baseline,No forecast trigger,69.74,0.0,0.0
2026-09-29,US,Charlotte,North Carolina,35.22709,-80.84313,0.0,6.15,Baseline,No forecast trigger,2037.75,0.0,0.0
2026-09-29,US,Raleigh,North Carolina,35.7721,-78.63861,0.0,6.2,Baseline,No forecast trigger,1298.0,0.0,0.0
2026-09-29,US,Durham,North Carolina,35.99403,-78.89862,0.0,6.15,Baseline,No forecast trigger,430.65,0.0,0.0
2026-09-29,US,Wilmington,North Carolina,34.23556,-77.94604,0.0,6.4,Baseline,No forecast trigger,1140.94,0.0,0.0
2026-09-29,US,Chapel Hill,North Carolina,35.9132,-79.05584,0.0,6.2,Baseline,No forecast trigger,451.88,0.0,0.0
2026-09-29,US,Bismarck,North Dakota,46.80833,-100.78374,0.114,4.95,Baseline,No forecast trigger,53.26,0.0,0.0
2026-09-29,US,Dickinson,North Dakota,46.87918,-102.78962,0.0,4.9,Baseline,No forecast trigger,50.58,0.0,0.0
2026-09-29,US,Elkhorn,Nebraska,41.345,-96.256,0.0,1.25,Baseline,No forecast trigger,113.06,0.0,0.0
2026-09-29,US,Bellevue,Nebraska,41.13667,-95.89084,0.071,1.25,Baseline,No forecast trigger,571.83,0.0,0.0
2026-09-29,US,Papillion,Nebraska,41.15444,-96.04224,0.016,1.35,Baseline,No forecast trigger,71.71000000000001,0.0,0.0
2026-09-29,US,Manchester,New Hampshire,42.99564,-71.45479,0.0,2.75,Baseline,No forecast trigger,163.22,0.0,0.0
2026-09-29,US,Nashua,New Hampshire,42.76537,-71.46757,0.0,3.15,Baseline,No forecast trigger,165.9,0.0,0.0
2026-09-29,US,Hampton,New Hampshire,42.93759,-70.83894,0.0,2.85,Baseline,No forecast trigger,112.68,0.0,0.0
2026-09-29,US,Portsmouth,New Hampshire,43.07704,-70.75766,0.016,2.2,Baseline,No forecast trigger,99.81,0.0,0.0
2026-09-29,US,Exeter,New Hampshire,42.98148,-70.94783,0.0,2.8,Baseline,No forecast trigger,72.16,0.0,0.0
2026-09-29,US,Jersey City,New Jersey,40.72816,-74.07764,0.0,4.2,Baseline,No forecast trigger,1131.21,0.0,0.0
2026-09-29,US,Hoboken,New Jersey,40.74399,-74.03236,0.0,4.2,Baseline,No forecast trigger,584.46,0.0,0.0
2026-09-29,US,Morristown,New Jersey,40.79677,-74.48154,0.0,5.1,Baseline,No forecast trigger,391.5,0.0,0.0
2026-09-29,US,Westfield,New Jersey,40.65899,-74.34737,0.0,5.25,Baseline,No forecast trigger,358.62,0.0,0.0
2026-09-29,US,Princeton,New Jersey,40.34872,-74.65905,0.0,4.75,Baseline,No forecast trigger,291.97,0.0,0.0
2026-09-29,US,Henderson,Nevada,36.0397,-114.98194,0.0,5.05,Baseline,No forecast trigger,427.53000000000003,0.0,0.0
2026-09-29,US,Las Vegas,Nevada,36.17497,-115.13722,0.098,6.15,Baseline,No forecast trigger,1162.12,0.0,0.0
2026-09-29,US,Reno,Nevada,39.52963,-119.8138,0.0,6.2,Baseline,No forecast trigger,381.45,0.0,0.0
2026-09-29,US,Carson City,Nevada,39.1638,-119.7674,0.0,6.3,Baseline,No forecast trigger,42.79,0.0,0.0
2026-09-29,US,North Las Vegas,Nevada,36.19886,-115.1175,0.043,6.15,Baseline,No forecast trigger,40.589999999999996,0.0,0.0
2026-09-29,US,New York,New York,40.71427,-74.00597,0.0,4.2,Baseline,No forecast trigger,15059.880000000001,0.0,0.0
2026-09-29,US,Brooklyn,New York,40.6501,-73.94958,0.0,4.7,Baseline,No forecast trigger,7550.5599999999995,0.0,0.0
2026-09-29,US,Bronx,New York,40.84985,-73.86641,0.0,4.1,Baseline,No forecast trigger,874.54,0.0,0.0
2026-09-29,US,Staten Island,New York,40.56233,-74.13986,0.0,4.4,Baseline,No forecast trigger,959.27,0.0,0.0
2026-09-29,US,Astoria,New York,40.77205,-73.93014,0.0,3.9,Baseline,No forecast trigger,526.69,0.0,0.0
2026-09-29,US,Cincinnati,Ohio,39.12711,-84.51439,0.0,5.6,Baseline,No forecast trigger,1433.23,0.0,0.0
2026-09-29,US,Columbus,Ohio,39.96118,-82.99879,0.0,5.45,Baseline,No forecast trigger,1196.1299999999999,0.0,0.0
2026-09-29,US,Dayton,Ohio,39.75895,-84.19161,0.0,5.5,Baseline,No forecast trigger,456.67,0.0,0.0
2026-09-29,US,Dublin,Ohio,40.09923,-83.11408,0.0,5.45,Baseline,No forecast trigger,314.94,0.0,0.0
2026-09-29,US,Cleveland,Ohio,41.4995,-81.69541,0.0,5.25,Baseline,No forecast trigger,289.03,0.0,0.0
2026-09-29,US,Edmond,Oklahoma,35.65283,-97.4781,0.0,4.65,Baseline,No forecast trigger,733.89,0.0,0.0
2026-09-29,US,Tulsa,Oklahoma,36.15398,-95.99277,0.0,5.1,Baseline,No forecast trigger,869.0,0.0,0.0
2026-09-29,US,Oklahoma City,Oklahoma,35.46756,-97.51643,0.0,5.8,Baseline,No forecast trigger,443.71999999999997,0.0,0.0
2026-09-29,US,Norman,Oklahoma,35.22257,-97.43948,0.0,5.2,Baseline,No forecast trigger,220.45,0.0,0.0
2026-09-29,US,Broken Arrow,Oklahoma,36.0526,-95.79082,0.0,5.8,Baseline,No forecast trigger,170.9,0.0,0.0
2026-09-29,US,Portland,Oregon,45.52345,-122.67621,0.0,4.35,Baseline,No forecast trigger,2148.29,0.0,0.0
2026-09-29,US,Lake Oswego,Oregon,45.42067,-122.67065,0.0,4.3,Baseline,No forecast trigger,348.06,0.0,0.0
2026-09-29,US,Beaverton,Oregon,45.48706,-122.80371,0.0,4.35,Baseline,No forecast trigger,233.05,0.0,0.0
2026-09-29,US,Eugene,Oregon,44.05207,-123.08675,0.0,4.6,Baseline,No forecast trigger,247.76,0.0,0.0
2026-09-29,US,Salem,Oregon,44.9429,-123.0351,0.0,3.9,Baseline,No forecast trigger,203.3,0.0,0.0
2026-09-29,US,Philadelphia,Pennsylvania,39.95238,-75.16362,0.0,4.15,Baseline,No forecast trigger,2106.57,0.0,0.0
2026-09-29,US,Pittsburgh,Pennsylvania,40.44062,-79.99589,0.0,4.8,Baseline,No forecast trigger,1310.97,0.0,0.0
2026-09-29,US,Lancaster,Pennsylvania,40.03788,-76.30551,0.0,3.4,Baseline,No forecast trigger,348.75,0.0,0.0
2026-09-29,US,West Chester,Pennsylvania,39.96097,-75.60804,0.0,3.8,Baseline,No forecast trigger,338.35,0.0,0.0
2026-09-29,US,Doylestown,Pennsylvania,40.31011,-75.12989,0.0,4.35,Baseline,No forecast trigger,312.63,0.0,0.0
2026-09-29,US,Providence,Rhode Island,41.82399,-71.41283,0.0,2.95,Baseline,No forecast trigger,285.02,0.0,0.0
2026-09-29,US,Barrington,Rhode Island,41.74066,-71.30866,0.0,3.0,Baseline,No forecast trigger,151.94,0.0,0.0
2026-09-29,US,Cranston,Rhode Island,41.77982,-71.43728,0.0,3.6,Baseline,No forecast trigger,80.37,0.0,0.0
2026-09-29,US,Warwick,Rhode Island,41.7001,-71.41617,0.0,3.0,Baseline,No forecast trigger,90.69000000000001,0.0,0.0
2026-09-29,US,East Greenwich,Rhode Island,41.66038,-71.45589,0.0,3.3,Baseline,No forecast trigger,71.36,0.0,0.0
2026-09-29,US,Greenville,South Carolina,34.85262,-82.39401,0.0,6.45,Baseline,No forecast trigger,692.64,0.0,0.0
2026-09-29,US,Charleston,South Carolina,32.77632,-79.93275,0.0,6.65,Baseline,No forecast trigger,702.72,0.0,0.0
2026-09-29,US,Mount Pleasant,South Carolina,32.79407,-79.86259,0.0,6.65,Baseline,No forecast trigger,407.3,0.0,0.0
2026-09-29,US,Columbia,South Carolina,34.00071,-81.03481,0.0,6.5,Baseline,No forecast trigger,444.65000000000003,0.0,0.0
2026-09-29,US,Myrtle Beach,South Carolina,33.68906,-78.88669,0.0,6.5,Baseline,No forecast trigger,475.21999999999997,0.0,0.0
2026-09-29,US,Rapid City,South Dakota,44.08054,-103.23101,0.0,5.45,Baseline,No forecast trigger,61.57,0.0,0.0
2026-09-29,US,Lennox,South Dakota,43.35415,-96.892,0.075,1.7,Baseline,No forecast trigger,35.589999999999996,0.0,0.0
2026-09-29,US,Madison,South Dakota,44.00608,-97.11395,0.071,1.15,Baseline,No forecast trigger,792.59,0.0,0.0
2026-09-29,US,Aberdeen,South Dakota,45.4647,-98.48648,0.173,4.7,Baseline,No forecast trigger,16.51,0.0,0.0
2026-09-29,US,Nashville,Tennessee,36.16589,-86.78444,0.0,6.05,Baseline,No forecast trigger,1367.7,0.0,0.0
2026-09-29,US,Knoxville,Tennessee,35.96064,-83.92074,0.0,6.1,Baseline,No forecast trigger,796.52,0.0,0.0
2026-09-29,US,Memphis,Tennessee,35.14953,-90.04898,0.0,6.1,Baseline,No forecast trigger,618.09,0.0,0.0
2026-09-29,US,Franklin,Tennessee,35.92506,-86.86889,0.0,6.1,Baseline,No forecast trigger,581.0400000000001,0.0,0.0
2026-09-29,US,Chattanooga,Tennessee,35.04563,-85.30968,0.0,6.2,Baseline,No forecast trigger,354.65000000000003,0.0,0.0
2026-09-29,US,Houston,Texas,29.76328,-95.36327,0.0,6.45,Baseline,No forecast trigger,5346.01,0.0,0.0
2026-09-29,US,Austin,Texas,30.26715,-97.74306,0.0,6.85,Baseline,No forecast trigger,2988.3900000000003,0.0,0.0
2026-09-29,US,Dallas,Texas,32.78306,-96.80667,0.0,6.2,Baseline,No forecast trigger,2898.67,0.0,0.0
2026-09-29,US,San Antonio,Texas,29.42412,-98.49363,0.0,5.45,Baseline,No forecast trigger,1479.07,0.0,0.0
2026-09-29,US,Fort Worth,Texas,32.72541,-97.32085,0.0,6.3,Baseline,No forecast trigger,1206.6200000000001,0.0,0.0
2026-09-29,US,Salt Lake City,Utah,40.76078,-111.89105,0.0,5.95,Baseline,No forecast trigger,325.87,0.0,0.0
2026-09-29,US,South Jordan,Utah,40.56217,-111.92966,0.0,6.0,Baseline,No forecast trigger,175.77,0.0,0.0
2026-09-29,US,Park City,Utah,40.64606,-111.49797,0.0,6.1,Baseline,No forecast trigger,140.23,0.0,0.0
2026-09-29,US,Sandy,Utah,40.59161,-111.8841,0.0,6.0,Baseline,No forecast trigger,113.27,0.0,0.0
2026-09-29,US,Alexandria,Virginia,38.80484,-77.04692,0.0,3.85,Baseline,No forecast trigger,1635.43,0.0,0.0
2026-09-29,US,Arlington,Virginia,38.88101,-77.10428,0.0,3.55,Baseline,No forecast trigger,1174.14,0.0,0.0
2026-09-29,US,Virginia Beach,Virginia,36.85293,-75.97799,0.0,4.35,Baseline,No forecast trigger,922.99,0.0,0.0
2026-09-29,US,Richmond,Virginia,37.55376,-77.46026,0.0,3.4,Baseline,No forecast trigger,908.02,0.0,0.0
2026-09-29,US,Fairfax,Virginia,38.84622,-77.30637,0.0,3.6,Baseline,No forecast trigger,566.71,0.0,0.0
2026-09-29,US,Burlington,Vermont,44.47588,-73.21207,0.0,1.5,Baseline,No forecast trigger,70.22,0.0,0.0
2026-09-29,US,Essex Junction,Vermont,44.49061,-73.11096,0.0,1.5,Baseline,No forecast trigger,46.56,0.0,0.0
2026-09-29,US,Hyde Park,Vermont,44.59394,-72.61651,0.0,1.05,Baseline,No forecast trigger,39.81,0.0,0.0
2026-09-29,US,South Burlington,Vermont,44.46699,-73.17096,0.0,1.5,Baseline,No forecast trigger,89.83,0.0,0.0
2026-09-29,US,Stowe,Vermont,44.46533,-72.68456,0.0,0.85,Baseline,No forecast trigger,62.660000000000004,0.0,0.0
2026-09-29,US,Seattle,Washington,47.60621,-122.33207,0.0,0.85,Baseline,No forecast trigger,2971.65,0.0,0.0
2026-09-29,US,Bellevue,Washington,47.61038,-122.20068,0.016,0.55,Baseline,No forecast trigger,571.83,0.0,0.0
2026-09-29,US,Vancouver,Washington,45.63873,-122.66149,0.0,4.2,Baseline,No forecast trigger,525.01,0.0,0.0
2026-09-29,US,Milwaukee,Wisconsin,43.0389,-87.90647,0.0,4.3,Baseline,No forecast trigger,501.74,0.0,0.0
2026-09-29,US,Madison,Wisconsin,43.07305,-89.40123,0.0,4.5,Baseline,No forecast trigger,792.59,0.0,0.0
2026-09-29,US,Waukesha,Wisconsin,43.01168,-88.23148,0.0,4.35,Baseline,No forecast trigger,127.14,0.0,0.0
2026-09-29,US,Whitefish Bay,Wisconsin,43.11334,-87.90009,0.0,4.3,Baseline,No forecast trigger,129.47,0.0,0.0
2026-09-29,US,Appleton,Wisconsin,44.26193,-88.41538,0.031,4.45,Baseline,No forecast trigger,117.31,0.0,0.0
2026-09-29,US,Morgantown,West Virginia,39.62953,-79.9559,0.0,5.15,Baseline,No forecast trigger,196.82,0.0,0.0
2026-09-29,US,Huntington,West Virginia,38.41925,-82.44515,0.0,5.65,Baseline,No forecast trigger,96.22,0.0,0.0
2026-09-29,US,Charleston,West Virginia,38.34982,-81.63262,0.0,5.65,Baseline,No forecast trigger,702.72,0.0,0.0
2026-09-29,US,Wheeling,West Virginia,40.06396,-80.72091,0.0,5.3,Baseline,No forecast trigger,110.49,0.0,0.0
2026-09-29,US,Hurricane,West Virginia,38.43259,-82.02014,0.0,5.65,Baseline,No forecast trigger,50.01,0.0,0.0
2026-09-29,US,Cheyenne,Wyoming,41.13998,-104.82025,0.0,5.9,Baseline,No forecast trigger,97.29,0.0,0.0
2026-09-29,US,Sheridan,Wyoming,44.79719,-106.95618,0.0,5.4,Baseline,No forecast trigger,79.39999999999999,0.0,0.0
2026-09-29,US,Rock Springs,Wyoming,41.58746,-109.2029,0.0,6.1,Baseline,No forecast trigger,63.05,0.0,0.0
2026-09-29,US,Cody,Wyoming,44.52634,-109.05653,0.0,5.6,Baseline,No forecast trigger,26.89,0.0,0.0
2026-09-29,US,Casper,Wyoming,42.86663,-106.31308,0.0,5.8,Baseline,No forecast trigger,20.36,0.0,0.0
2026-09-29,US,Washington,District Of Columbia,38.89511,-77.03637,0.0,4.0,Baseline,No forecast trigger,3398.3399999999997,0.0,0.0
2026-09-29,UK,London,England,51.50853,-0.12574,0.016,2.75,Baseline,No forecast trigger,333.68,0.0,0.0
2026-09-29,UK,Bristol,England,51.45523,-2.59665,0.0,2.4,Baseline,No forecast trigger,44.980000000000004,0.0,0.0
2026-09-29,UK,Sheffield,England,53.38297,-1.4659,0.039,1.25,Baseline,No forecast trigger,19.35,0.0,0.0
2026-09-29,UK,Swindon,England,51.55797,-1.78116,0.012,2.55,Baseline,No forecast trigger,23.59,0.0,0.0
2026-09-29,UK,Birmingham,England,52.48142,-1.89983,0.177,2.1,Baseline,No forecast trigger,12.91,0.0,0.0
2026-09-29,UK,Brighton,England,50.82838,-0.13947,0.031,2.75,Baseline,No forecast trigger,10.48,0.0,0.0
2026-09-29,UK,Hove,England,50.83088,-0.1672,0.028,2.75,Baseline,No forecast trigger,12.92,0.0,0.0
2026-09-29,UK,Manchester,England,53.48095,-2.23743,0.0,2.0,Baseline,No forecast trigger,12.33,0.0,0.0
2026-09-29,UK,Glasgow,Scotland,55.86515,-4.25763,0.0,1.65,Baseline,No forecast trigger,15.85,0.0,0.0
2026-09-29,UK,Edinburgh,Scotland,55.95206,-3.19648,0.0,1.55,Baseline,No forecast trigger,12.5,0.0,0.0
2026-09-29,UK,Aberdeen,Scotland,57.14369,-2.09814,0.0,1.4,Baseline,No forecast trigger,6.25,0.0,0.0
2026-09-29,UK,Dunfermline,Scotland,56.07156,-3.45887,0.0,1.7,Baseline,No forecast trigger,6.300000000000001,0.0,0.0
2026-09-29,UK,Aboyne,Scotland,57.07546,-2.78023,0.055,1.6,Baseline,No forecast trigger,2.43,0.0,0.0
2026-09-29,UK,Balerno,Scotland,55.88437,-3.33975,0.0,1.65,Baseline,No forecast trigger,2.94,0.0,0.0
2026-09-29,UK,Banchory,Scotland,57.05168,-2.48824,0.0,1.4,Baseline,No forecast trigger,3.8200000000000003,0.0,0.0
2026-09-29,UK,Barrhead,Scotland,55.79916,-4.39285,0.0,1.3,Baseline,No forecast trigger,3.2,0.0,0.0
2026-09-29,UK,Cardiff,Wales,51.48,-3.18,0.0,2.35,Baseline,No forecast trigger,8.45,0.0,0.0
2026-09-29,UK,Aberdare,Wales,51.71438,-3.44918,0.008,1.95,Baseline,No forecast trigger,5.9399999999999995,0.0,0.0
2026-09-29,UK,Cwmbran,Wales,51.65446,-3.02281,0.0,2.15,Baseline,No forecast trigger,2.79,0.0,0.0
2026-09-29,UK,Llanidloes,Wales,52.44977,-3.53997,0.0,1.4,Baseline,No forecast trigger,2.6500000000000004,0.0,0.0
2026-09-29,UK,Merthyr Tydfil,Wales,51.74794,-3.37779,0.004,2.0,Baseline,No forecast trigger,3.1,0.0,0.0
2026-09-29,UK,Port Talbot,Wales,51.59241,-3.78019,0.035,2.65,Baseline,No forecast trigger,3.26,0.0,0.0
2026-09-29,UK,Craigavon,Northern Ireland,54.44709,-6.387,0.181,1.75,Baseline,No forecast trigger,2.81,0.0,0.0
2026-09-29,UK,Derry,Northern Ireland,54.9981,-7.30934,0.102,1.3,Baseline,No forecast trigger,0.0,0.0,0.0
2026-09-29,UK,Bangor,Northern Ireland,54.66079,-5.66802,0.114,1.15,Baseline,No forecast trigger,0.0,0.0,0.0
2026-09-29,CAN,Calgary,Alberta,51.05011,-114.08529,0.071,3.95,Baseline,No forecast trigger,120.13,0.0,0.0
2026-09-29,CAN,Edmonton,Alberta,53.55014,-113.46871,0.0,3.8,Baseline,No forecast trigger,51.53,0.0,0.0
2026-09-29,CAN,St. Albert,Alberta,53.63344,-113.63533,0.004,3.8,Baseline,No forecast trigger,6.260000000000001,0.0,0.0
2026-09-29,CAN,Wainwright,Alberta,52.83482,-110.85342,0.0,3.9,Baseline,No forecast trigger,1.96,0.0,0.0
2026-09-29,CAN,West Baptiste,Alberta,54.75016,-113.5688,0.059,3.5,Baseline,No forecast trigger,1.1300000000000001,0.0,0.0
2026-09-29,CAN,Headingley,Manitoba,49.8753,-97.40896,0.055,4.05,Baseline,No forecast trigger,2.4,0.0,0.0
2026-09-29,CAN,Winnipeg,Manitoba,49.8844,-97.14704,0.016,3.4,Baseline,No forecast trigger,13.26,0.0,0.0
2026-09-29,CAN,Brandon,Manitoba,49.84692,-99.95306,0.0,3.7,Baseline,No forecast trigger,0.0,0.0,0.0
2026-09-29,CAN,Steinbach,Manitoba,49.52579,-96.68451,0.0,2.3,Baseline,No forecast trigger,0.0,0.0,0.0
2026-09-29,CAN,Moncton,New Brunswick,46.09454,-64.7965,0.043,0.6,Baseline,No forecast trigger,4.27,0.0,0.0
2026-09-29,CAN,Fredericton,New Brunswick,45.94541,-66.66558,0.142,1.05,Baseline,No forecast trigger,2.72,0.0,0.0
2026-09-29,CAN,Miramichi,New Brunswick,47.02895,-65.50186,0.146,0.7,Baseline,No forecast trigger,0.0,0.0,0.0
2026-09-29,CAN,St. John'S,Newfoundland And Labrador,47.56494,-52.70931,0.008,4.3,Baseline,No forecast trigger,2.87,0.0,0.0
2026-09-29,CAN,Mount Pearl,Newfoundland And Labrador,47.51659,-52.78135,0.012,4.4,Baseline,No forecast trigger,0.0,0.0,0.0
2026-09-29,CAN,Corner Brook,Newfoundland And Labrador,48.95001,-57.95202,0.087,0.85,Baseline,No forecast trigger,0.0,0.0,0.0
2026-09-29,CAN,Dartmouth,Nova Scotia,44.67134,-63.57719,0.173,2.55,Baseline,No forecast trigger,2.3000000000000003,0.0,0.0
2026-09-29,CAN,Truro,Nova Scotia,45.36685,-63.26538,0.016,1.5,Baseline,No forecast trigger,0.0,0.0,0.0
2026-09-29,CAN,New Glasgow,Nova Scotia,45.58344,-62.64863,0.0,3.5,Baseline,No forecast trigger,0.0,0.0,0.0
2026-09-29,CAN,Yellowknife,Northwest Territories,62.45411,-114.37248,0.0,1.9,Baseline,No forecast trigger,0.0,0.0,0.0
2026-09-29,CAN,Inuvik,Northwest Territories,68.36166,-133.72816,0.067,0.9,Baseline,No forecast trigger,0.0,0.0,0.0
2026-09-29,CAN,Behchokǫ̀,Northwest Territories,62.8025,-116.04639,0.047,2.1,Baseline,No forecast trigger,0.0,0.0,0.0
2026-09-29,CAN,Rankin Inlet,Nunavut,62.80906,-92.08534,0.071,0.95,Baseline,No forecast trigger,0.0,0.0,0.0
2026-09-29,CAN,Arviat,Nunavut,61.10883,-94.05848,0.004,2.35,Baseline,No forecast trigger,0.0,0.0,0.0
2026-09-29,CAN,Baker Lake,Nunavut,64.32009,-96.02123,0.047,0.8,Baseline,No forecast trigger,0.0,0.0,0.0
2026-09-29,CAN,Cambridge Bay,Nunavut,69.11489,-105.05484,0.012,0.6,Baseline,No forecast trigger,0.0,0.0,0.0
2026-09-29,CAN,Toronto,Ontario,43.70643,-79.39864,0.0,4.85,Baseline,No forecast trigger,355.27,0.0,0.0
2026-09-29,CAN,Ottawa,Ontario,45.41117,-75.69812,0.0,4.6,Baseline,No forecast trigger,115.72999999999999,0.0,0.0
2026-09-29,CAN,Kingston,Ontario,44.22976,-76.48098,0.0,4.75,Baseline,No forecast trigger,15.200000000000001,0.0,0.0
2026-09-29,CAN,Guelph,Ontario,43.54594,-80.25599,0.0,4.9,Baseline,No forecast trigger,21.63,0.0,0.0
2026-09-29,CAN,Markham,Ontario,43.86682,-79.2663,0.0,4.85,Baseline,No forecast trigger,28.5,0.0,0.0
2026-09-29,CAN,Summerside,Prince Edward Island,46.3912,-63.78869,0.031,0.75,Baseline,No forecast trigger,0.0,0.0,0.0
2026-09-29,CAN,Cornwall,Prince Edward Island,46.22652,-63.21809,0.118,0.85,Baseline,No forecast trigger,0.0,0.0,0.0
2026-09-29,CAN,Montague,Prince Edward Island,46.16681,-62.64866,0.075,2.3,Baseline,No forecast trigger,0.0,0.0,0.0
2026-09-29,CAN,Montreal,Quebec,45.50884,-73.58781,0.0,4.6,Baseline,No forecast trigger,70.45,0.0,0.0
2026-09-29,CAN,Dorval,Quebec,45.4473,-73.75335,0.0,4.6,Baseline,No forecast trigger,5.35,0.0,0.0
2026-09-29,CAN,Blainville,Quebec,45.66678,-73.88249,0.0,4.6,Baseline,No forecast trigger,7.81,0.0,0.0
2026-09-29,CAN,Brossard,Quebec,45.45008,-73.46583,0.0,3.65,Baseline,No forecast trigger,5.61,0.0,0.0
2026-09-29,CAN,Cote-Saint-Luc,Quebec,45.46536,-73.66585,0.0,4.6,Baseline,No forecast trigger,4.7700000000000005,0.0,0.0
2026-09-29,CAN,Saskatoon,Saskatchewan,52.13238,-106.66892,0.0,3.9,Baseline,No forecast trigger,12.18,0.0,0.0
2026-09-29,CAN,Yellow Grass,Saskatchewan,49.80006,-104.16781,0.0,4.0,Baseline,No forecast trigger,3.3,0.0,0.0
2026-09-29,CAN,Regina,Saskatchewan,50.45008,-104.6178,0.0,4.0,Baseline,No forecast trigger,2.59,0.0,0.0
2026-09-29,CAN,Prince Albert,Saskatchewan,53.20008,-105.76772,0.0,3.3,Baseline,No forecast trigger,0.0,0.0,0.0
2026-09-29,CAN,Moose Jaw,Saskatchewan,50.40005,-105.53445,0.0,4.05,Baseline,No forecast trigger,0.0,0.0,0.0
2026-09-29,CAN,Whitehorse,Yukon,60.71611,-135.05376,0.047,1.9,Baseline,No forecast trigger,0.0,0.0,0.0
2026-09-29,CAN,Dawson City,Yukon,64.06013,-139.43327,0.051,1.35,Baseline,No forecast trigger,0.0,0.0,0.0
2026-09-29,CAN,Watson Lake,Yukon,60.06349,-128.70892,0.098,2.25,Baseline,No forecast trigger,0.0,0.0,0.0
2026-09-29,CAN,Haines Junction,Yukon,60.75216,-137.51082,0.0,2.55,Baseline,No forecast trigger,0.0,0.0,0.0
2026-09-29,CAN,Mayo,Yukon,63.59274,-135.89984,0.008,1.0,Baseline,No forecast trigger,0.0,0.0,0.0
2026-09-29,US,Coeur D'Alene,Idaho,47.6777,-116.7805,0.0,2.25,Baseline,No forecast trigger,20.02,0.0,0.0
2026-09-29,US,Eagle Mountain,Utah,40.3144,-111.9849,0.0,6.1,Baseline,No forecast trigger,25.580000000000002,0.0,0.0
2026-09-29,US,Spokane,Washington,47.6569,-117.425,0.016,3.6,Baseline,No forecast trigger,186.72,0.0,0.0
2026-09-29,UK,Swansea,Wales,51.6214,-3.9436,0.134,2.6,Baseline,No forecast trigger,2.66,0.0,0.0
2026-09-29,CAN,Grand Falls-Windsor,Newfoundland And Labrador,48.9332,-55.6649,0.02,1.0,Baseline,No forecast trigger,0.0,0.0,0.0
2026-09-29,CAN,Paradise,Newfoundland And Labrador,47.5333,-52.9667,0.012,4.4,Baseline,No forecast trigger,2.7,0.0,0.0
2026-09-30,US,Miami,Florida,25.77427,-80.19366,3.075,5.0,Scale Umbrellas,Forecast rain 3.08 in ≥ 0.20 in,5223.5,15670.5,0.273343
2026-09-30,US,Honolulu,Hawaii,21.30694,-157.85834,0.835,7.7,Scale Umbrellas,Forecast rain 0.83 in ≥ 0.20 in,1610.55,4831.65,0.084279
2026-09-30,US,Naples,Florida,26.14234,-81.79596,2.512,5.4,Scale Umbrellas,Forecast rain 2.51 in ≥ 0.20 in,1471.19,4413.57,0.076987
2026-09-30,US,Denver,Colorado,39.73915,-104.9847,0.921,4.75,Scale Umbrellas,Forecast rain 0.92 in ≥ 0.20 in,1084.28,3252.84,0.05674
2026-09-30,US,Boca Raton,Florida,26.35869,-80.0831,0.386,7.45,Scale Umbrellas,Forecast rain 0.39 in ≥ 0.20 in,1157.6399999999999,2234.25,0.038972
2026-09-30,US,Grand Rapids,Michigan,42.96336,-85.66809,0.614,1.05,Scale Umbrellas,Forecast rain 0.61 in ≥ 0.20 in,582.97,1748.91,0.030506
2026-09-30,US,Bellevue,Nebraska,41.13667,-95.89084,1.201,0.65,Scale Umbrellas,Forecast rain 1.20 in ≥ 0.20 in,571.83,1715.49,0.029924
2026-09-30,US,Colorado Springs,Colorado,38.83388,-104.82136,1.591,1.35,Scale Umbrellas,Forecast rain 1.59 in ≥ 0.20 in,560.03,1680.09,0.029306
2026-09-30,US,Milwaukee,Wisconsin,43.0389,-87.90647,0.693,0.75,Scale Umbrellas,Forecast rain 0.69 in ≥ 0.20 in,501.74,1505.22,0.026256
2026-09-30,US,Omaha,Nebraska,41.25626,-95.94043,0.811,0.6,Scale Umbrellas,Forecast rain 0.81 in ≥ 0.20 in,448.37,1345.11,0.023463
2026-09-30,US,Madison,Wisconsin,43.07305,-89.40123,0.339,1.85,Scale Umbrellas,Forecast rain 0.34 in ≥ 0.20 in,792.59,1343.44,0.023434
2026-09-30,US,Oklahoma City,Oklahoma,35.46756,-97.51643,1.657,5.25,Scale Umbrellas,Forecast rain 1.66 in ≥ 0.20 in,443.71999999999997,1331.16,0.02322
2026-09-30,US,Albuquerque,New Mexico,35.08449,-106.65114,0.394,3.75,Scale Umbrellas,Forecast rain 0.39 in ≥ 0.20 in,600.62,1183.22,0.020639
2026-09-30,US,Evanston,Illinois,42.04114,-87.69006,0.669,0.6,Scale Umbrellas,Forecast rain 0.67 in ≥ 0.20 in,342.7,1028.1,0.017933
2026-09-30,US,Ewa Beach,Hawaii,21.31556,-158.00722,1.248,7.4,Scale Umbrellas,Forecast rain 1.25 in ≥ 0.20 in,318.9,956.7,0.016688
2026-09-30,US,Littleton,Colorado,39.61332,-105.01665,0.866,4.7,Scale Umbrellas,Forecast rain 0.87 in ≥ 0.20 in,314.51,943.53,0.016458
2026-09-30,US,Naperville,Illinois,41.78586,-88.14729,0.307,0.6,Scale Umbrellas,Forecast rain 0.31 in ≥ 0.20 in,583.85,896.21,0.015633
2026-09-30,US,Edmond,Oklahoma,35.65283,-97.4781,0.244,4.85,Scale Umbrellas,Forecast rain 0.24 in ≥ 0.20 in,733.89,895.35,0.015618
2026-09-30,US,Wilmette,Illinois,42.07225,-87.72284,0.5,0.45,Scale Umbrellas,Forecast rain 0.50 in ≥ 0.20 in,317.19,792.98,0.013832
2026-09-30,US,Aurora,Colorado,39.72943,-104.83192,1.169,4.7,Scale Umbrellas,Forecast rain 1.17 in ≥ 0.20 in,258.96,776.88,0.013551
2026-09-30,US,Kailua,Hawaii,21.40241,-157.74054,1.11,8.05,Scale Umbrellas,Forecast rain 1.11 in ≥ 0.20 in,223.49,670.47,0.011695
2026-09-30,US,Kaneohe,Hawaii,21.39994,-157.79895,1.11,7.7,Scale Umbrellas,Forecast rain 1.11 in ≥ 0.20 in,204.73,614.19,0.010713
2026-09-30,US,Lincoln,Nebraska,40.8,-96.66696,4.008,0.55,Scale Umbrellas,Forecast rain 4.01 in ≥ 0.20 in,203.64000000000001,610.92,0.010656
2026-09-30,US,Cedar Rapids,Iowa,42.00833,-91.64407,1.37,0.35,Scale Umbrellas,Forecast rain 1.37 in ≥ 0.20 in,191.83,575.49,0.010038
2026-09-30,US,Mililani,Hawaii,21.4504,-158.01503,0.886,6.3,Scale Umbrellas,Forecast rain 0.89 in ≥ 0.20 in,172.35999999999999,517.08,0.009019
2026-09-30,US,Norman,Oklahoma,35.22257,-97.43948,0.398,5.2,Scale Umbrellas,Forecast rain 0.40 in ≥ 0.20 in,220.45,438.7,0.007652
2026-09-30,US,Iowa City,Iowa,41.66113,-91.53017,3.083,0.4,Scale Umbrellas,Forecast rain 3.08 in ≥ 0.20 in,140.3,420.9,0.007342
2026-09-30,US,Lawrence,Kansas,38.97167,-95.23525,0.724,2.1,Scale Umbrellas,Forecast rain 0.72 in ≥ 0.20 in,135.29,405.87,0.00708
2026-09-30,US,Des Moines,Iowa,41.60054,-93.60911,1.272,0.45,Scale Umbrellas,Forecast rain 1.27 in ≥ 0.20 in,131.38,394.14,0.006875
2026-09-30,US,Whitefish Bay,Wisconsin,43.11334,-87.90009,0.728,0.8,Scale Umbrellas,Forecast rain 0.73 in ≥ 0.20 in,129.47,388.41,0.006775
2026-09-30,US,Santa Fe,New Mexico,35.68698,-105.9378,0.366,4.75,Scale Umbrellas,Forecast rain 0.37 in ≥ 0.20 in,196.16,358.97,0.006262
2026-09-30,US,Elkhorn,Nebraska,41.345,-96.256,0.744,0.6,Scale Umbrellas,Forecast rain 0.74 in ≥ 0.20 in,113.06,339.18,0.005916
2026-09-30,US,Downers Grove,Illinois,41.80892,-88.01117,0.232,0.65,Scale Umbrellas,Forecast rain 0.23 in ≥ 0.20 in,279.19,323.86,0.005649
2026-09-30,US,West Des Moines,Iowa,41.57721,-93.71133,1.197,0.5,Scale Umbrellas,Forecast rain 1.20 in ≥ 0.20 in,106.61999999999999,319.86,0.005579
2026-09-30,US,Anchorage,Alaska,61.21806,-149.90028,0.421,0.5,Scale Umbrellas,Forecast rain 0.42 in ≥ 0.20 in,147.56,310.61,0.005418
2026-09-30,US,Waukesha,Wisconsin,43.01168,-88.23148,0.484,0.55,Scale Umbrellas,Forecast rain 0.48 in ≥ 0.20 in,127.14,307.68,0.005367
2026-09-30,US,Appleton,Wisconsin,44.26193,-88.41538,0.457,1.55,Scale Umbrellas,Forecast rain 0.46 in ≥ 0.20 in,117.31,268.05,0.004676
2026-09-30,US,Papillion,Nebraska,41.15444,-96.04224,2.752,0.6,Scale Umbrellas,Forecast rain 2.75 in ≥ 0.20 in,71.71000000000001,215.13,0.003753
2026-09-30,US,Ames,Iowa,42.03471,-93.61994,0.441,0.5,Scale Umbrellas,Forecast rain 0.44 in ≥ 0.20 in,92.36,203.65,0.003552
2026-09-30,US,Los Alamos,New Mexico,35.88808,-106.30697,1.02,5.55,Scale Umbrellas,Forecast rain 1.02 in ≥ 0.20 in,62.35,187.05,0.003263
2026-09-30,US,Cordova,Alaska,60.5432,-145.75867,0.783,0.45,Scale Umbrellas,Forecast rain 0.78 in ≥ 0.20 in,57.24,171.72,0.002995
2026-09-30,US,Tijeras,New Mexico,35.08088,-106.38808,0.362,5.45,Scale Umbrellas,Forecast rain 0.36 in ≥ 0.20 in,55.67,100.76,0.001758
2026-09-30,US,Sitka,Alaska,57.05315,-135.33089,0.555,2.7,Scale Umbrellas,Forecast rain 0.56 in ≥ 0.20 in,30.84,85.58,0.001493
2026-09-30,UK,Bristol,England,51.45523,-2.59665,0.315,2.1,Scale Umbrellas,Forecast rain 0.32 in ≥ 0.20 in,44.980000000000004,70.84,0.001236
2026-09-30,UK,Lisburn,Northern Ireland,54.52337,-6.03527,0.843,2.2,Scale Umbrellas,Forecast rain 0.84 in ≥ 0.20 in,0.0,64.7,0.001129
2026-09-30,UK,Bangor,Northern Ireland,54.66079,-5.66802,0.866,2.25,Scale Umbrellas,Forecast rain 0.87 in ≥ 0.20 in,0.0,64.7,0.001129
2026-09-30,UK,Derry,Northern Ireland,54.9981,-7.30934,0.551,2.0,Scale Umbrellas,Forecast rain 0.55 in ≥ 0.20 in,0.0,59.42,0.001036
2026-09-30,US,Wasilla,Alaska,61.5809,-149.4415,0.39,0.45,Scale Umbrellas,Forecast rain 0.39 in ≥ 0.20 in,19.48,37.99,0.000663
2026-09-30,CAN,Iqaluit,Nunavut,63.74697,-68.51727,0.346,1.45,Scale Umbrellas,Forecast rain 0.35 in ≥ 0.20 in,0.0,37.31,0.000651
2026-09-30,CAN,Thompson,Manitoba,55.7435,-97.85579,0.315,0.3,Scale Umbrellas,Forecast rain 0.32 in ≥ 0.20 in,0.0,33.97,0.000593
2026-09-30,UK,Cardiff,Wales,51.48,-3.18,0.768,2.5,Scale Umbrellas,Forecast rain 0.77 in ≥ 0.20 in,8.45,25.35,0.000442
2026-09-30,UK,Glasgow,Scotland,55.86515,-4.25763,0.272,1.9,Scale Umbrellas,Forecast rain 0.27 in ≥ 0.20 in,15.85,21.56,0.000376
2026-09-30,UK,Aberdare,Wales,51.71438,-3.44918,1.65,2.7,Scale Umbrellas,Forecast rain 1.65 in ≥ 0.20 in,5.9399999999999995,17.82,0.000311
2026-09-30,UK,Newry,Northern Ireland,54.17841,-6.33739,0.969,2.0,Scale Umbrellas,Forecast rain 0.97 in ≥ 0.20 in,5.859999999999999,17.58,0.000307
2026-09-30,UK,Port Talbot,Wales,51.59241,-3.78019,0.965,2.3,Scale Umbrellas,Forecast rain 0.96 in ≥ 0.20 in,3.26,9.78,0.000171
2026-09-30,UK,Merthyr Tydfil,Wales,51.74794,-3.37779,1.524,2.55,Scale Umbrellas,Forecast rain 1.52 in ≥ 0.20 in,3.1,9.3,0.000162
2026-09-30,UK,Belfast,Northern Ireland,54.59682,-5.92541,0.85,2.2,Scale Umbrellas,Forecast rain 0.85 in ≥ 0.20 in,3.08,9.24,0.000161
2026-09-30,UK,Clarbeston Road,Wales,51.85139,-4.88056,0.717,2.2,Scale Umbrellas,Forecast rain 0.72 in ≥ 0.20 in,2.83,8.49,0.000148
2026-09-30,UK,Cwmbran,Wales,51.65446,-3.02281,0.673,2.25,Scale Umbrellas,Forecast rain 0.67 in ≥ 0.20 in,2.79,8.37,0.000146
2026-09-30,UK,Llanidloes,Wales,52.44977,-3.53997,0.654,2.45,Scale Umbrellas,Forecast rain 0.65 in ≥ 0.20 in,2.6500000000000004,7.95,0.000139
2026-09-30,UK,Swansea,Wales,51.6214,-3.9436,1.02,2.1,Scale Umbrellas,Forecast rain 1.02 in ≥ 0.20 in,2.66,7.98,0.000139
2026-09-30,UK,Dromara,Northern Ireland,54.36667,-6.01667,0.866,2.25,Scale Umbrellas,Forecast rain 0.87 in ≥ 0.20 in,2.63,7.89,0.000138
2026-09-30,UK,Craigavon,Northern Ireland,54.44709,-6.387,0.524,2.0,Scale Umbrellas,Forecast rain 0.52 in ≥ 0.20 in,2.81,7.36,0.000128
2026-09-30,UK,Barrhead,Scotland,55.79916,-4.39285,0.429,2.0,Scale Umbrellas,Forecast rain 0.43 in ≥ 0.20 in,3.2,6.86,0.00012
2026-09-30,UK,Aberdeen,Scotland,57.14369,-2.09814,0.209,1.7,Scale Umbrellas,Forecast rain 0.21 in ≥ 0.20 in,6.25,6.53,0.000114
2026-09-30,UK,Banchory,Scotland,57.05168,-2.48824,0.339,1.75,Scale Umbrellas,Forecast rain 0.34 in ≥ 0.20 in,3.8200000000000003,6.47,0.000113
2026-09-30,UK,Aboyne,Scotland,57.07546,-2.78023,0.409,1.75,Scale Umbrellas,Forecast rain 0.41 in ≥ 0.20 in,2.43,4.97,8.7e-05
2026-09-30,UK,Balerno,Scotland,55.88437,-3.33975,0.22,1.85,Scale Umbrellas,Forecast rain 0.22 in ≥ 0.20 in,2.94,3.23,5.6e-05
2026-09-30,US,Fairbanks,Alaska,64.83778,-147.71638,0.0,1.45,Baseline,No forecast trigger,42.79,0.0,0.0
2026-09-30,US,Birmingham,Alabama,33.52066,-86.80249,0.0,6.65,Baseline,No forecast trigger,717.32,0.0,0.0
2026-09-30,US,Huntsville,Alabama,34.7304,-86.58594,0.0,6.45,Baseline,No forecast trigger,573.15,0.0,0.0
2026-09-30,US,Mobile,Alabama,30.69436,-88.04305,0.0,6.95,Baseline,No forecast trigger,313.08000000000004,0.0,0.0
2026-09-30,US,Madison,Alabama,34.69926,-86.74833,0.0,6.45,Baseline,No forecast trigger,792.59,0.0,0.0
2026-09-30,US,Fairhope,Alabama,30.52297,-87.90333,0.0,7.05,Baseline,No forecast trigger,189.36,0.0,0.0
2026-09-30,US,Little Rock,Arkansas,34.74648,-92.28959,0.0,6.25,Baseline,No forecast trigger,493.72,0.0,0.0
2026-09-30,US,Jonesboro,Arkansas,35.8423,-90.70428,0.0,5.85,Baseline,No forecast trigger,181.6,0.0,0.0
2026-09-30,US,Bentonville,Arkansas,36.37285,-94.20882,0.0,3.7,Baseline,No forecast trigger,269.24,0.0,0.0
2026-09-30,US,Fayetteville,Arkansas,36.06258,-94.15743,0.0,3.7,Baseline,No forecast trigger,181.82999999999998,0.0,0.0
2026-09-30,US,Rogers,Arkansas,36.33202,-94.11854,0.0,3.6,Baseline,No forecast trigger,197.76,0.0,0.0
2026-09-30,US,Phoenix,Arizona,33.44838,-112.07404,0.0,6.65,Baseline,No forecast trigger,886.63,0.0,0.0
2026-09-30,US,Tucson,Arizona,32.22174,-110.92648,0.0,6.55,Baseline,No forecast trigger,776.7,0.0,0.0
2026-09-30,US,Scottsdale,Arizona,33.50921,-111.89903,0.0,6.6,Baseline,No forecast trigger,721.34,0.0,0.0
2026-09-30,US,Gilbert,Arizona,33.35283,-111.78903,0.043,6.65,Baseline,No forecast trigger,258.89,0.0,0.0
2026-09-30,US,Mesa,Arizona,33.42227,-111.82264,0.0,6.6,Baseline,No forecast trigger,266.38,0.0,0.0
2026-09-30,US,Los Angeles,California,34.05223,-118.24368,0.0,6.6,Baseline,No forecast trigger,4672.68,0.0,0.0
2026-09-30,US,San Francisco,California,37.77493,-122.41942,0.0,6.05,Baseline,No forecast trigger,4813.09,0.0,0.0
2026-09-30,US,San Diego,California,32.71571,-117.16472,0.0,6.75,Baseline,No forecast trigger,2386.1600000000003,0.0,0.0
2026-09-30,US,San Jose,California,37.33939,-121.89496,0.0,6.15,Baseline,No forecast trigger,1891.11,0.0,0.0
2026-09-30,US,Oakland,California,37.80437,-122.2708,0.0,6.05,Baseline,No forecast trigger,1290.01,0.0,0.0
2026-09-30,US,Fort Collins,Colorado,40.58526,-105.08442,0.016,5.9,Baseline,No forecast trigger,268.81,0.0,0.0
2026-09-30,US,Norwalk,Connecticut,41.1176,-73.4079,0.0,4.85,Baseline,No forecast trigger,262.88,0.0,0.0
2026-09-30,US,Greenwich,Connecticut,41.02649,-73.62846,0.0,4.9,Baseline,No forecast trigger,814.0,0.0,0.0
2026-09-30,US,Stamford,Connecticut,41.05343,-73.53873,0.0,4.9,Baseline,No forecast trigger,312.91,0.0,0.0
2026-09-30,US,Fairfield,Connecticut,41.14121,-73.26373,0.0,4.95,Baseline,No forecast trigger,300.54,0.0,0.0
2026-09-30,US,New Canaan,Connecticut,41.14676,-73.49484,0.0,4.85,Baseline,No forecast trigger,321.95,0.0,0.0
2026-09-30,US,Wilmington,Delaware,39.74595,-75.54659,0.0,5.05,Baseline,No forecast trigger,1140.94,0.0,0.0
2026-09-30,US,New Castle,Delaware,39.65948,-75.56359,0.0,5.15,Baseline,No forecast trigger,190.71,0.0,0.0
2026-09-30,US,Lewes,Delaware,38.77456,-75.13935,0.0,5.7,Baseline,No forecast trigger,177.47,0.0,0.0
2026-09-30,US,Newark,Delaware,39.68372,-75.74966,0.0,5.05,Baseline,No forecast trigger,206.69,0.0,0.0
2026-09-30,US,Middletown,Delaware,39.44956,-75.71632,0.0,5.3,Baseline,No forecast trigger,92.73,0.0,0.0
2026-09-30,US,Orlando,Florida,28.53834,-81.37924,0.0,6.4,Baseline,No forecast trigger,1883.09,0.0,0.0
2026-09-30,US,Tampa,Florida,27.94752,-82.45843,0.016,6.35,Baseline,No forecast trigger,1342.3799999999999,0.0,0.0
2026-09-30,US,Atlanta,Georgia,33.749,-84.38798,0.0,6.6,Baseline,No forecast trigger,2321.8900000000003,0.0,0.0
2026-09-30,US,Marietta,Georgia,33.9526,-84.54993,0.0,6.6,Baseline,No forecast trigger,1085.94,0.0,0.0
2026-09-30,US,Savannah,Georgia,32.08354,-81.09983,0.043,6.55,Baseline,No forecast trigger,617.49,0.0,0.0
2026-09-30,US,Alpharetta,Georgia,34.07538,-84.29409,0.0,6.6,Baseline,No forecast trigger,510.98,0.0,0.0
2026-09-30,US,Decatur,Georgia,33.77483,-84.29631,0.0,6.6,Baseline,No forecast trigger,385.13,0.0,0.0
2026-09-30,US,Boise,Idaho,43.6135,-116.20345,0.0,5.4,Baseline,No forecast trigger,320.84000000000003,0.0,0.0
2026-09-30,US,Meridian,Idaho,43.61211,-116.39151,0.0,5.35,Baseline,No forecast trigger,190.19,0.0,0.0
2026-09-30,US,Eagle,Idaho,43.69544,-116.35401,0.0,5.35,Baseline,No forecast trigger,87.22,0.0,0.0
2026-09-30,US,Kuna,Idaho,43.49183,-116.42012,0.0,5.4,Baseline,No forecast trigger,146.76,0.0,0.0
2026-09-30,US,Chicago,Illinois,41.85003,-87.65005,0.161,0.75,Baseline,No forecast trigger,5673.47,0.0,0.0
2026-09-30,US,Indianapolis,Indiana,39.76838,-86.15804,0.0,4.4,Baseline,No forecast trigger,929.67,0.0,0.0
2026-09-30,US,Carmel,Indiana,39.97837,-86.11804,0.016,4.4,Baseline,No forecast trigger,523.33,0.0,0.0
2026-09-30,US,Fort Wayne,Indiana,41.1306,-85.12886,0.0,2.55,Baseline,No forecast trigger,393.86,0.0,0.0
2026-09-30,US,Bloomington,Indiana,39.16533,-86.52639,0.0,4.4,Baseline,No forecast trigger,283.25,0.0,0.0
2026-09-30,US,West Lafayette,Indiana,40.42587,-86.90807,0.016,3.95,Baseline,No forecast trigger,176.75,0.0,0.0
2026-09-30,US,Wichita,Kansas,37.69224,-97.33754,0.0,2.4,Baseline,No forecast trigger,448.71,0.0,0.0
2026-09-30,US,Overland Park,Kansas,38.98223,-94.67079,0.098,2.35,Baseline,No forecast trigger,418.71,0.0,0.0
2026-09-30,US,Olathe,Kansas,38.8814,-94.81913,0.059,2.65,Baseline,No forecast trigger,223.28,0.0,0.0
2026-09-30,US,Leawood,Kansas,38.96667,-94.6169,0.114,2.05,Baseline,No forecast trigger,124.37,0.0,0.0
2026-09-30,US,Louisville,Kentucky,38.25424,-85.75941,0.0,5.35,Baseline,No forecast trigger,1012.77,0.0,0.0
2026-09-30,US,Lexington,Kentucky,37.98869,-84.47772,0.0,5.25,Baseline,No forecast trigger,698.16,0.0,0.0
2026-09-30,US,Bowling Green,Kentucky,36.99032,-86.4436,0.0,5.45,Baseline,No forecast trigger,131.9,0.0,0.0
2026-09-30,US,Paducah,Kentucky,37.08339,-88.60005,0.0,5.9,Baseline,No forecast trigger,160.38,0.0,0.0
2026-09-30,US,Middlesboro,Kentucky,36.60842,-83.71658,0.0,6.0,Baseline,No forecast trigger,43.95,0.0,0.0
2026-09-30,US,Baton Rouge,Louisiana,30.44332,-91.18747,0.0,7.0,Baseline,No forecast trigger,804.9499999999999,0.0,0.0
2026-09-30,US,New Orleans,Louisiana,29.95465,-90.07507,0.0,7.15,Baseline,No forecast trigger,621.88,0.0,0.0
2026-09-30,US,Lafayette,Louisiana,30.22409,-92.01984,0.0,6.3,Baseline,No forecast trigger,471.93,0.0,0.0
2026-09-30,US,Shreveport,Louisiana,32.52515,-93.75018,0.0,6.75,Baseline,No forecast trigger,560.43,0.0,0.0
2026-09-30,US,Metairie,Louisiana,29.98409,-90.15285,0.0,7.15,Baseline,No forecast trigger,288.17,0.0,0.0
2026-09-30,US,Reading,Massachusetts,42.52565,-71.09533,0.0,5.25,Baseline,No forecast trigger,1833.74,0.0,0.0
2026-09-30,US,Boston,Massachusetts,42.35843,-71.05977,0.0,5.35,Baseline,No forecast trigger,1916.95,0.0,0.0
2026-09-30,US,Cambridge,Massachusetts,42.3751,-71.10561,0.0,5.3,Baseline,No forecast trigger,688.7,0.0,0.0
2026-09-30,US,Berkley,Massachusetts,41.84593,-71.08282,0.0,5.3,Baseline,No forecast trigger,201.49,0.0,0.0
2026-09-30,US,Somerville,Massachusetts,42.3876,-71.0995,0.0,5.3,Baseline,No forecast trigger,352.11,0.0,0.0
2026-09-30,US,Baltimore,Maryland,39.29038,-76.61219,0.0,5.6,Baseline,No forecast trigger,716.91,0.0,0.0
2026-09-30,US,Bethesda,Maryland,38.98067,-77.10026,0.0,5.65,Baseline,No forecast trigger,749.47,0.0,0.0
2026-09-30,US,Silver Spring,Maryland,38.99067,-77.02609,0.0,5.65,Baseline,No forecast trigger,424.96,0.0,0.0
2026-09-30,US,Rockville,Maryland,39.084,-77.15276,0.0,5.65,Baseline,No forecast trigger,396.81,0.0,0.0
2026-09-30,US,Annapolis,Maryland,38.97859,-76.49184,0.0,5.65,Baseline,No forecast trigger,373.24,0.0,0.0
2026-09-30,US,Portland,Maine,43.65737,-70.2589,0.0,4.05,Baseline,No forecast trigger,2148.29,0.0,0.0
2026-09-30,US,Scarborough,Maine,43.57814,-70.32172,0.0,4.05,Baseline,No forecast trigger,116.28,0.0,0.0
2026-09-30,US,Falmouth,Maine,43.72953,-70.24199,0.0,5.0,Baseline,No forecast trigger,80.34,0.0,0.0
2026-09-30,US,Bangor,Maine,44.79884,-68.77265,0.0,4.95,Baseline,No forecast trigger,57.54,0.0,0.0
2026-09-30,US,Eliot,Maine,43.15314,-70.80006,0.0,4.75,Baseline,No forecast trigger,45.09,0.0,0.0
2026-09-30,US,Ann Arbor,Michigan,42.27756,-83.74088,0.047,3.9,Baseline,No forecast trigger,531.72,0.0,0.0
2026-09-30,US,Bloomfield Hills,Michigan,42.58364,-83.24549,0.016,2.25,Baseline,No forecast trigger,349.34999999999997,0.0,0.0
2026-09-30,US,Plymouth,Michigan,42.37143,-83.47021,0.0,3.25,Baseline,No forecast trigger,442.88,0.0,0.0
2026-09-30,US,Macomb,Michigan,42.70087,-82.95909,0.0,2.15,Baseline,No forecast trigger,180.2,0.0,0.0
2026-09-30,US,Minneapolis,Minnesota,44.97997,-93.26384,0.0,4.35,Baseline,No forecast trigger,1008.53,0.0,0.0
2026-09-30,US,Saint Paul,Minnesota,44.94441,-93.09327,0.0,4.35,Baseline,No forecast trigger,508.1,0.0,0.0
2026-09-30,US,Plymouth,Minnesota,45.01052,-93.45551,0.0,4.45,Baseline,No forecast trigger,442.88,0.0,0.0
2026-09-30,US,Minnetonka,Minnesota,44.9133,-93.50329,0.0,4.35,Baseline,No forecast trigger,129.98,0.0,0.0
2026-09-30,US,Eden Prairie,Minnesota,44.85469,-93.47079,0.0,4.35,Baseline,No forecast trigger,158.16,0.0,0.0
2026-09-30,US,Saint Louis,Missouri,38.65174,-90.20525,0.0,5.3,Baseline,No forecast trigger,971.51,0.0,0.0
2026-09-30,US,Kansas City,Missouri,39.09973,-94.57857,0.102,1.8,Baseline,No forecast trigger,569.2,0.0,0.0
2026-09-30,US,Chesterfield,Missouri,38.66311,-90.57707,0.0,5.35,Baseline,No forecast trigger,297.32,0.0,0.0
2026-09-30,US,Saint Charles,Missouri,38.78394,-90.48123,0.0,5.35,Baseline,No forecast trigger,215.67999999999998,0.0,0.0
2026-09-30,US,Springfield,Missouri,37.21533,-93.29824,0.0,5.5,Baseline,No forecast trigger,218.38,0.0,0.0
2026-09-30,US,Madison,Mississippi,32.46181,-90.11536,0.0,6.75,Baseline,No forecast trigger,792.59,0.0,0.0
2026-09-30,US,Gulfport,Mississippi,30.36742,-89.09282,0.0,7.0,Baseline,No forecast trigger,125.63,0.0,0.0
2026-09-30,US,Hattiesburg,Mississippi,31.32712,-89.29034,0.0,6.9,Baseline,No forecast trigger,69.27,0.0,0.0
2026-09-30,US,Jackson,Mississippi,32.29876,-90.18481,0.0,6.75,Baseline,No forecast trigger,77.13,0.0,0.0
2026-09-30,US,Southaven,Mississippi,34.98898,-90.01259,0.0,6.35,Baseline,No forecast trigger,81.25,0.0,0.0
2026-09-30,US,Bozeman,Montana,45.67965,-111.03856,0.0,5.35,Baseline,No forecast trigger,95.10000000000001,0.0,0.0
2026-09-30,US,Billings,Montana,45.78329,-108.50069,0.0,5.2,Baseline,No forecast trigger,122.97999999999999,0.0,0.0
2026-09-30,US,Great Falls,Montana,47.50024,-111.30081,0.0,4.75,Baseline,No forecast trigger,56.92,0.0,0.0
2026-09-30,US,Missoula,Montana,46.87215,-113.994,0.0,1.35,Baseline,No forecast trigger,54.42,0.0,0.0
2026-09-30,US,Kalispell,Montana,48.19579,-114.31291,0.0,3.75,Baseline,No forecast trigger,69.74,0.0,0.0
2026-09-30,US,Charlotte,North Carolina,35.22709,-80.84313,0.0,6.15,Baseline,No forecast trigger,2037.75,0.0,0.0
2026-09-30,US,Raleigh,North Carolina,35.7721,-78.63861,0.0,6.2,Baseline,No forecast trigger,1298.0,0.0,0.0
2026-09-30,US,Durham,North Carolina,35.99403,-78.89862,0.0,6.15,Baseline,No forecast trigger,430.65,0.0,0.0
2026-09-30,US,Wilmington,North Carolina,34.23556,-77.94604,0.0,6.35,Baseline,No forecast trigger,1140.94,0.0,0.0
2026-09-30,US,Chapel Hill,North Carolina,35.9132,-79.05584,0.0,6.15,Baseline,No forecast trigger,451.88,0.0,0.0
2026-09-30,US,Fargo,North Dakota,46.87719,-96.7898,0.0,4.8,Baseline,No forecast trigger,126.84,0.0,0.0
2026-09-30,US,West Fargo,North Dakota,46.87497,-96.90036,0.0,4.8,Baseline,No forecast trigger,76.10000000000001,0.0,0.0
2026-09-30,US,Bismarck,North Dakota,46.80833,-100.78374,0.0,4.95,Baseline,No forecast trigger,53.26,0.0,0.0
2026-09-30,US,Dickinson,North Dakota,46.87918,-102.78962,0.0,4.95,Baseline,No forecast trigger,50.58,0.0,0.0
2026-09-30,US,Grand Forks,North Dakota,47.92526,-97.03285,0.0,4.65,Baseline,No forecast trigger,17.33,0.0,0.0
2026-09-30,US,Manchester,New Hampshire,42.99564,-71.45479,0.0,4.95,Baseline,No forecast trigger,163.22,0.0,0.0
2026-09-30,US,Nashua,New Hampshire,42.76537,-71.46757,0.0,5.05,Baseline,No forecast trigger,165.9,0.0,0.0
2026-09-30,US,Hampton,New Hampshire,42.93759,-70.83894,0.0,5.25,Baseline,No forecast trigger,112.68,0.0,0.0
2026-09-30,US,Portsmouth,New Hampshire,43.07704,-70.75766,0.0,5.2,Baseline,No forecast trigger,99.81,0.0,0.0
2026-09-30,US,Exeter,New Hampshire,42.98148,-70.94783,0.0,5.25,Baseline,No forecast trigger,72.16,0.0,0.0
2026-09-30,US,Jersey City,New Jersey,40.72816,-74.07764,0.0,5.3,Baseline,No forecast trigger,1131.21,0.0,0.0
2026-09-30,US,Hoboken,New Jersey,40.74399,-74.03236,0.0,5.3,Baseline,No forecast trigger,584.46,0.0,0.0
2026-09-30,US,Morristown,New Jersey,40.79677,-74.48154,0.0,5.3,Baseline,No forecast trigger,391.5,0.0,0.0
2026-09-30,US,Westfield,New Jersey,40.65899,-74.34737,0.0,5.1,Baseline,No forecast trigger,358.62,0.0,0.0
2026-09-30,US,Princeton,New Jersey,40.34872,-74.65905,0.0,5.2,Baseline,No forecast trigger,291.97,0.0,0.0
2026-09-30,US,Las Cruces,New Mexico,32.31232,-106.77834,0.0,6.95,Baseline,No forecast trigger,137.95,0.0,0.0
2026-09-30,US,Henderson,Nevada,36.0397,-114.98194,0.0,6.35,Baseline,No forecast trigger,427.53000000000003,0.0,0.0
2026-09-30,US,Las Vegas,Nevada,36.17497,-115.13722,0.0,6.6,Baseline,No forecast trigger,1162.12,0.0,0.0
2026-09-30,US,Reno,Nevada,39.52963,-119.8138,0.0,6.2,Baseline,No forecast trigger,381.45,0.0,0.0
2026-09-30,US,Carson City,Nevada,39.1638,-119.7674,0.0,6.25,Baseline,No forecast trigger,42.79,0.0,0.0
2026-09-30,US,North Las Vegas,Nevada,36.19886,-115.1175,0.0,6.6,Baseline,No forecast trigger,40.589999999999996,0.0,0.0
2026-09-30,US,New York,New York,40.71427,-74.00597,0.0,5.3,Baseline,No forecast trigger,15059.880000000001,0.0,0.0
2026-09-30,US,Brooklyn,New York,40.6501,-73.94958,0.0,5.4,Baseline,No forecast trigger,7550.5599999999995,0.0,0.0
2026-09-30,US,Bronx,New York,40.84985,-73.86641,0.0,5.1,Baseline,No forecast trigger,874.54,0.0,0.0
2026-09-30,US,Staten Island,New York,40.56233,-74.13986,0.0,5.25,Baseline,No forecast trigger,959.27,0.0,0.0
2026-09-30,US,Astoria,New York,40.77205,-73.93014,0.0,5.25,Baseline,No forecast trigger,526.69,0.0,0.0
2026-09-30,US,Cincinnati,Ohio,39.12711,-84.51439,0.0,4.95,Baseline,No forecast trigger,1433.23,0.0,0.0
2026-09-30,US,Columbus,Ohio,39.96118,-82.99879,0.0,4.75,Baseline,No forecast trigger,1196.1299999999999,0.0,0.0
2026-09-30,US,Dayton,Ohio,39.75895,-84.19161,0.0,4.2,Baseline,No forecast trigger,456.67,0.0,0.0
2026-09-30,US,Dublin,Ohio,40.09923,-83.11408,0.0,4.75,Baseline,No forecast trigger,314.94,0.0,0.0
2026-09-30,US,Cleveland,Ohio,41.4995,-81.69541,0.0,4.3,Baseline,No forecast trigger,289.03,0.0,0.0
2026-09-30,US,Tulsa,Oklahoma,36.15398,-95.99277,0.016,5.5,Baseline,No forecast trigger,869.0,0.0,0.0
2026-09-30,US,Broken Arrow,Oklahoma,36.0526,-95.79082,0.059,5.5,Baseline,No forecast trigger,170.9,0.0,0.0
2026-09-30,US,Portland,Oregon,45.52345,-122.67621,0.0,4.85,Baseline,No forecast trigger,2148.29,0.0,0.0
2026-09-30,US,Lake Oswego,Oregon,45.42067,-122.67065,0.0,4.85,Baseline,No forecast trigger,348.06,0.0,0.0
2026-09-30,US,Beaverton,Oregon,45.48706,-122.80371,0.0,4.75,Baseline,No forecast trigger,233.05,0.0,0.0
2026-09-30,US,Eugene,Oregon,44.05207,-123.08675,0.0,5.1,Baseline,No forecast trigger,247.76,0.0,0.0
2026-09-30,US,Salem,Oregon,44.9429,-123.0351,0.0,4.95,Baseline,No forecast trigger,203.3,0.0,0.0
2026-09-30,US,Philadelphia,Pennsylvania,39.95238,-75.16362,0.0,4.75,Baseline,No forecast trigger,2106.57,0.0,0.0
2026-09-30,US,Pittsburgh,Pennsylvania,40.44062,-79.99589,0.0,5.0,Baseline,No forecast trigger,1310.97,0.0,0.0
2026-09-30,US,Lancaster,Pennsylvania,40.03788,-76.30551,0.0,5.3,Baseline,No forecast trigger,348.75,0.0,0.0
2026-09-30,US,West Chester,Pennsylvania,39.96097,-75.60804,0.0,5.05,Baseline,No forecast trigger,338.35,0.0,0.0
2026-09-30,US,Doylestown,Pennsylvania,40.31011,-75.12989,0.0,4.6,Baseline,No forecast trigger,312.63,0.0,0.0
2026-09-30,US,Providence,Rhode Island,41.82399,-71.41283,0.0,5.35,Baseline,No forecast trigger,285.02,0.0,0.0
2026-09-30,US,Barrington,Rhode Island,41.74066,-71.30866,0.0,5.4,Baseline,No forecast trigger,151.94,0.0,0.0
2026-09-30,US,Cranston,Rhode Island,41.77982,-71.43728,0.0,5.4,Baseline,No forecast trigger,80.37,0.0,0.0
2026-09-30,US,Warwick,Rhode Island,41.7001,-71.41617,0.0,5.4,Baseline,No forecast trigger,90.69000000000001,0.0,0.0
2026-09-30,US,East Greenwich,Rhode Island,41.66038,-71.45589,0.0,5.35,Baseline,No forecast trigger,71.36,0.0,0.0
2026-09-30,US,Greenville,South Carolina,34.85262,-82.39401,0.0,6.4,Baseline,No forecast trigger,692.64,0.0,0.0
2026-09-30,US,Charleston,South Carolina,32.77632,-79.93275,0.0,6.6,Baseline,No forecast trigger,702.72,0.0,0.0
2026-09-30,US,Mount Pleasant,South Carolina,32.79407,-79.86259,0.0,6.6,Baseline,No forecast trigger,407.3,0.0,0.0
2026-09-30,US,Columbia,South Carolina,34.00071,-81.03481,0.0,6.45,Baseline,No forecast trigger,444.65000000000003,0.0,0.0
2026-09-30,US,Myrtle Beach,South Carolina,33.68906,-78.88669,0.0,6.45,Baseline,No forecast trigger,475.21999999999997,0.0,0.0
2026-09-30,US,Sioux Falls,South Dakota,43.54997,-96.70033,0.0,4.35,Baseline,No forecast trigger,117.28,0.0,0.0
2026-09-30,US,Rapid City,South Dakota,44.08054,-103.23101,0.0,5.45,Baseline,No forecast trigger,61.57,0.0,0.0
2026-09-30,US,Lennox,South Dakota,43.35415,-96.892,0.0,4.05,Baseline,No forecast trigger,35.589999999999996,0.0,0.0
2026-09-30,US,Madison,South Dakota,44.00608,-97.11395,0.0,3.45,Baseline,No forecast trigger,792.59,0.0,0.0
2026-09-30,US,Aberdeen,South Dakota,45.4647,-98.48648,0.0,5.05,Baseline,No forecast trigger,16.51,0.0,0.0
2026-09-30,US,Nashville,Tennessee,36.16589,-86.78444,0.0,6.0,Baseline,No forecast trigger,1367.7,0.0,0.0
2026-09-30,US,Knoxville,Tennessee,35.96064,-83.92074,0.0,6.1,Baseline,No forecast trigger,796.52,0.0,0.0
2026-09-30,US,Memphis,Tennessee,35.14953,-90.04898,0.0,6.05,Baseline,No forecast trigger,618.09,0.0,0.0
2026-09-30,US,Franklin,Tennessee,35.92506,-86.86889,0.0,6.1,Baseline,No forecast trigger,581.0400000000001,0.0,0.0
2026-09-30,US,Chattanooga,Tennessee,35.04563,-85.30968,0.0,6.2,Baseline,No forecast trigger,354.65000000000003,0.0,0.0
2026-09-30,US,Houston,Texas,29.76328,-95.36327,0.0,6.45,Baseline,No forecast trigger,5346.01,0.0,0.0
2026-09-30,US,Austin,Texas,30.26715,-97.74306,0.0,6.0,Baseline,No forecast trigger,2988.3900000000003,0.0,0.0
2026-09-30,US,Dallas,Texas,32.78306,-96.80667,0.0,4.75,Baseline,No forecast trigger,2898.67,0.0,0.0
2026-09-30,US,San Antonio,Texas,29.42412,-98.49363,0.0,5.45,Baseline,No forecast trigger,1479.07,0.0,0.0
2026-09-30,US,Fort Worth,Texas,32.72541,-97.32085,0.055,5.55,Baseline,No forecast trigger,1206.6200000000001,0.0,0.0
2026-09-30,US,Salt Lake City,Utah,40.76078,-111.89105,0.0,6.0,Baseline,No forecast trigger,325.87,0.0,0.0
2026-09-30,US,South Jordan,Utah,40.56217,-111.92966,0.0,6.0,Baseline,No forecast trigger,175.77,0.0,0.0
2026-09-30,US,Park City,Utah,40.64606,-111.49797,0.0,6.1,Baseline,No forecast trigger,140.23,0.0,0.0
2026-09-30,US,Sandy,Utah,40.59161,-111.8841,0.0,6.0,Baseline,No forecast trigger,113.27,0.0,0.0
2026-09-30,US,Alexandria,Virginia,38.80484,-77.04692,0.0,5.65,Baseline,No forecast trigger,1635.43,0.0,0.0
2026-09-30,US,Arlington,Virginia,38.88101,-77.10428,0.0,5.65,Baseline,No forecast trigger,1174.14,0.0,0.0
2026-09-30,US,Virginia Beach,Virginia,36.85293,-75.97799,0.0,6.0,Baseline,No forecast trigger,922.99,0.0,0.0
2026-09-30,US,Richmond,Virginia,37.55376,-77.46026,0.0,5.85,Baseline,No forecast trigger,908.02,0.0,0.0
2026-09-30,US,Fairfax,Virginia,38.84622,-77.30637,0.0,5.65,Baseline,No forecast trigger,566.71,0.0,0.0
2026-09-30,US,Burlington,Vermont,44.47588,-73.21207,0.0,4.3,Baseline,No forecast trigger,70.22,0.0,0.0
2026-09-30,US,Essex Junction,Vermont,44.49061,-73.11096,0.0,4.3,Baseline,No forecast trigger,46.56,0.0,0.0
2026-09-30,US,Hyde Park,Vermont,44.59394,-72.61651,0.0,3.8,Baseline,No forecast trigger,39.81,0.0,0.0
2026-09-30,US,South Burlington,Vermont,44.46699,-73.17096,0.0,4.3,Baseline,No forecast trigger,89.83,0.0,0.0
2026-09-30,US,Stowe,Vermont,44.46533,-72.68456,0.0,4.2,Baseline,No forecast trigger,62.660000000000004,0.0,0.0
2026-09-30,US,Seattle,Washington,47.60621,-122.33207,0.0,4.35,Baseline,No forecast trigger,2971.65,0.0,0.0
2026-09-30,US,Bellevue,Washington,47.61038,-122.20068,0.0,4.35,Baseline,No forecast trigger,571.83,0.0,0.0
2026-09-30,US,Vancouver,Washington,45.63873,-122.66149,0.031,4.8,Baseline,No forecast trigger,525.01,0.0,0.0
2026-09-30,US,Tacoma,Washington,47.25288,-122.44429,0.0,4.45,Baseline,No forecast trigger,431.4,0.0,0.0
2026-09-30,US,Morgantown,West Virginia,39.62953,-79.9559,0.0,5.6,Baseline,No forecast trigger,196.82,0.0,0.0
2026-09-30,US,Huntington,West Virginia,38.41925,-82.44515,0.0,5.5,Baseline,No forecast trigger,96.22,0.0,0.0
2026-09-30,US,Charleston,West Virginia,38.34982,-81.63262,0.0,5.5,Baseline,No forecast trigger,702.72,0.0,0.0
2026-09-30,US,Wheeling,West Virginia,40.06396,-80.72091,0.0,5.3,Baseline,No forecast trigger,110.49,0.0,0.0
2026-09-30,US,Hurricane,West Virginia,38.43259,-82.02014,0.0,5.35,Baseline,No forecast trigger,50.01,0.0,0.0
2026-09-30,US,Cheyenne,Wyoming,41.13998,-104.82025,0.0,5.55,Baseline,No forecast trigger,97.29,0.0,0.0
2026-09-30,US,Sheridan,Wyoming,44.79719,-106.95618,0.0,5.4,Baseline,No forecast trigger,79.39999999999999,0.0,0.0
2026-09-30,US,Rock Springs,Wyoming,41.58746,-109.2029,0.0,6.1,Baseline,No forecast trigger,63.05,0.0,0.0
2026-09-30,US,Cody,Wyoming,44.52634,-109.05653,0.0,5.6,Baseline,No forecast trigger,26.89,0.0,0.0
2026-09-30,US,Casper,Wyoming,42.86663,-106.31308,0.0,5.8,Baseline,No forecast trigger,20.36,0.0,0.0
2026-09-30,US,Washington,District Of Columbia,38.89511,-77.03637,0.0,5.65,Baseline,No forecast trigger,3398.3399999999997,0.0,0.0
2026-09-30,UK,London,England,51.50853,-0.12574,0.012,2.65,Baseline,No forecast trigger,333.68,0.0,0.0
2026-09-30,UK,Sheffield,England,53.38297,-1.4659,0.047,2.4,Baseline,No forecast trigger,19.35,0.0,0.0
2026-09-30,UK,Swindon,England,51.55797,-1.78116,0.146,2.25,Baseline,No forecast trigger,23.59,0.0,0.0
2026-09-30,UK,Birmingham,England,52.48142,-1.89983,0.142,2.4,Baseline,No forecast trigger,12.91,0.0,0.0
2026-09-30,UK,Brighton,England,50.82838,-0.13947,0.012,2.7,Baseline,No forecast trigger,10.48,0.0,0.0
2026-09-30,UK,Hove,England,50.83088,-0.1672,0.008,2.75,Baseline,No forecast trigger,12.92,0.0,0.0
2026-09-30,UK,Manchester,England,53.48095,-2.23743,0.126,2.3,Baseline,No forecast trigger,12.33,0.0,0.0
2026-09-30,UK,Edinburgh,Scotland,55.95206,-3.19648,0.11,1.9,Baseline,No forecast trigger,12.5,0.0,0.0
2026-09-30,UK,Dunfermline,Scotland,56.07156,-3.45887,0.177,1.65,Baseline,No forecast trigger,6.300000000000001,0.0,0.0
2026-09-30,CAN,Calgary,Alberta,51.05011,-114.08529,0.047,4.05,Baseline,No forecast trigger,120.13,0.0,0.0
2026-09-30,CAN,Edmonton,Alberta,53.55014,-113.46871,0.0,3.75,Baseline,No forecast trigger,51.53,0.0,0.0
2026-09-30,CAN,St. Albert,Alberta,53.63344,-113.63533,0.0,3.75,Baseline,No forecast trigger,6.260000000000001,0.0,0.0
2026-09-30,CAN,Wainwright,Alberta,52.83482,-110.85342,0.0,3.85,Baseline,No forecast trigger,1.96,0.0,0.0
2026-09-30,CAN,West Baptiste,Alberta,54.75016,-113.5688,0.004,3.5,Baseline,No forecast trigger,1.1300000000000001,0.0,0.0
2026-09-30,CAN,Vancouver,British Columbia,49.24966,-123.11934,0.0,3.75,Baseline,No forecast trigger,271.66,0.0,0.0
2026-09-30,CAN,Victoria,British Columbia,48.4359,-123.35155,0.0,4.35,Baseline,No forecast trigger,64.17,0.0,0.0
2026-09-30,CAN,Surrey,British Columbia,49.10635,-122.82509,0.0,4.25,Baseline,No forecast trigger,84.99,0.0,0.0
2026-09-30,CAN,Burnaby,British Columbia,49.26636,-122.95263,0.0,4.2,Baseline,No forecast trigger,73.67,0.0,0.0
2026-09-30,CAN,North Vancouver,British Columbia,49.31636,-123.06934,0.0,3.75,Baseline,No forecast trigger,55.17,0.0,0.0
2026-09-30,CAN,Headingley,Manitoba,49.8753,-97.40896,0.0,4.3,Baseline,No forecast trigger,2.4,0.0,0.0
2026-09-30,CAN,Winnipeg,Manitoba,49.8844,-97.14704,0.0,4.3,Baseline,No forecast trigger,13.26,0.0,0.0
2026-09-30,CAN,Brandon,Manitoba,49.84692,-99.95306,0.0,4.1,Baseline,No forecast trigger,0.0,0.0,0.0
2026-09-30,CAN,Steinbach,Manitoba,49.52579,-96.68451,0.0,4.25,Baseline,No forecast trigger,0.0,0.0,0.0
2026-09-30,CAN,Moncton,New Brunswick,46.09454,-64.7965,0.016,2.85,Baseline,No forecast trigger,4.27,0.0,0.0
2026-09-30,CAN,Saint John,New Brunswick,45.27076,-66.05616,0.0,4.55,Baseline,No forecast trigger,0.0,0.0,0.0
2026-09-30,CAN,Fredericton,New Brunswick,45.94541,-66.66558,0.0,4.75,Baseline,No forecast trigger,2.72,0.0,0.0
2026-09-30,CAN,Dieppe,New Brunswick,46.07844,-64.68735,0.059,2.65,Baseline,No forecast trigger,8.95,0.0,0.0
2026-09-30,CAN,Miramichi,New Brunswick,47.02895,-65.50186,0.0,4.55,Baseline,No forecast trigger,0.0,0.0,0.0
2026-09-30,CAN,St. John'S,Newfoundland And Labrador,47.56494,-52.70931,0.075,2.75,Baseline,No forecast trigger,2.87,0.0,0.0
2026-09-30,CAN,Mount Pearl,Newfoundland And Labrador,47.51659,-52.78135,0.091,3.0,Baseline,No forecast trigger,0.0,0.0,0.0
2026-09-30,CAN,Corner Brook,Newfoundland And Labrador,48.95001,-57.95202,0.063,4.05,Baseline,No forecast trigger,0.0,0.0,0.0
2026-09-30,CAN,Halifax,Nova Scotia,44.64269,-63.57688,0.114,1.6,Baseline,No forecast trigger,17.27,0.0,0.0
2026-09-30,CAN,Dartmouth,Nova Scotia,44.67134,-63.57719,0.059,1.6,Baseline,No forecast trigger,2.3000000000000003,0.0,0.0
2026-09-30,CAN,Sydney,Nova Scotia,46.1351,-60.1831,0.0,2.65,Baseline,No forecast trigger,0.0,0.0,0.0
2026-09-30,CAN,Truro,Nova Scotia,45.36685,-63.26538,0.0,2.65,Baseline,No forecast trigger,0.0,0.0,0.0
2026-09-30,CAN,New Glasgow,Nova Scotia,45.58344,-62.64863,0.016,2.15,Baseline,No forecast trigger,0.0,0.0,0.0
2026-09-30,CAN,Yellowknife,Northwest Territories,62.45411,-114.37248,0.0,2.1,Baseline,No forecast trigger,0.0,0.0,0.0
2026-09-30,CAN,Hay River,Northwest Territories,60.81555,-115.79993,0.189,1.55,Baseline,No forecast trigger,0.0,0.0,0.0
2026-09-30,CAN,Inuvik,Northwest Territories,68.36166,-133.72816,0.012,1.55,Baseline,No forecast trigger,0.0,0.0,0.0
2026-09-30,CAN,Fort Smith,Northwest Territories,60.00439,-111.88871,0.197,1.55,Baseline,No forecast trigger,0.0,0.0,0.0
2026-09-30,CAN,Behchokǫ̀,Northwest Territories,62.8025,-116.04639,0.016,1.45,Baseline,No forecast trigger,0.0,0.0,0.0
2026-09-30,CAN,Rankin Inlet,Nunavut,62.80906,-92.08534,0.0,1.15,Baseline,No forecast trigger,0.0,0.0,0.0
2026-09-30,CAN,Arviat,Nunavut,61.10883,-94.05848,0.004,2.05,Baseline,No forecast trigger,0.0,0.0,0.0
2026-09-30,CAN,Baker Lake,Nunavut,64.32009,-96.02123,0.0,1.55,Baseline,No forecast trigger,0.0,0.0,0.0
2026-09-30,CAN,Cambridge Bay,Nunavut,69.11489,-105.05484,0.031,0.75,Baseline,No forecast trigger,0.0,0.0,0.0
2026-09-30,CAN,Toronto,Ontario,43.70643,-79.39864,0.059,3.7,Baseline,No forecast trigger,355.27,0.0,0.0
2026-09-30,CAN,Ottawa,Ontario,45.41117,-75.69812,0.0,3.1,Baseline,No forecast trigger,115.72999999999999,0.0,0.0
2026-09-30,CAN,Kingston,Ontario,44.22976,-76.48098,0.0,4.15,Baseline,No forecast trigger,15.200000000000001,0.0,0.0
2026-09-30,CAN,Guelph,Ontario,43.54594,-80.25599,0.016,3.45,Baseline,No forecast trigger,21.63,0.0,0.0
2026-09-30,CAN,Markham,Ontario,43.86682,-79.2663,0.071,3.95,Baseline,No forecast trigger,28.5,0.0,0.0
2026-09-30,CAN,Charlottetown,Prince Edward Island,46.23459,-63.1256,0.063,3.85,Baseline,No forecast trigger,0.0,0.0,0.0
2026-09-30,CAN,Summerside,Prince Edward Island,46.3912,-63.78869,0.0,3.15,Baseline,No forecast trigger,0.0,0.0,0.0
2026-09-30,CAN,Cornwall,Prince Edward Island,46.22652,-63.21809,0.087,3.85,Baseline,No forecast trigger,0.0,0.0,0.0
2026-09-30,CAN,Montague,Prince Edward Island,46.16681,-62.64866,0.157,2.7,Baseline,No forecast trigger,0.0,0.0,0.0
2026-09-30,CAN,Montreal,Quebec,45.50884,-73.58781,0.0,3.65,Baseline,No forecast trigger,70.45,0.0,0.0
2026-09-30,CAN,Dorval,Quebec,45.4473,-73.75335,0.0,3.9,Baseline,No forecast trigger,5.35,0.0,0.0
2026-09-30,CAN,Blainville,Quebec,45.66678,-73.88249,0.0,3.8,Baseline,No forecast trigger,7.81,0.0,0.0
2026-09-30,CAN,Brossard,Quebec,45.45008,-73.46583,0.0,3.95,Baseline,No forecast trigger,5.61,0.0,0.0
2026-09-30,CAN,Cote-Saint-Luc,Quebec,45.46536,-73.66585,0.0,3.9,Baseline,No forecast trigger,4.7700000000000005,0.0,0.0
2026-09-30,CAN,Saskatoon,Saskatchewan,52.13238,-106.66892,0.0,3.85,Baseline,No forecast trigger,12.18,0.0,0.0
2026-09-30,CAN,Yellow Grass,Saskatchewan,49.80006,-104.16781,0.0,4.05,Baseline,No forecast trigger,3.3,0.0,0.0
2026-09-30,CAN,Regina,Saskatchewan,50.45008,-104.6178,0.071,3.9,Baseline,No forecast trigger,2.59,0.0,0.0
2026-09-30,CAN,Prince Albert,Saskatchewan,53.20008,-105.76772,0.0,3.7,Baseline,No forecast trigger,0.0,0.0,0.0
2026-09-30,CAN,Moose Jaw,Saskatchewan,50.40005,-105.53445,0.055,3.9,Baseline,No forecast trigger,0.0,0.0,0.0
2026-09-30,CAN,Whitehorse,Yukon,60.71611,-135.05376,0.008,2.45,Baseline,No forecast trigger,0.0,0.0,0.0
2026-09-30,CAN,Dawson City,Yukon,64.06013,-139.43327,0.004,1.6,Baseline,No forecast trigger,0.0,0.0,0.0
2026-09-30,CAN,Watson Lake,Yukon,60.06349,-128.70892,0.008,2.25,Baseline,No forecast trigger,0.0,0.0,0.0
2026-09-30,CAN,Haines Junction,Yukon,60.75216,-137.51082,0.0,1.65,Baseline,No forecast trigger,0.0,0.0,0.0
2026-09-30,CAN,Mayo,Yukon,63.59274,-135.89984,0.012,1.7,Baseline,No forecast trigger,0.0,0.0,0.0
2026-09-30,US,Coeur D'Alene,Idaho,47.6777,-116.7805,0.0,2.5,Baseline,No forecast trigger,20.02,0.0,0.0
2026-09-30,US,Eagle Mountain,Utah,40.3144,-111.9849,0.0,6.1,Baseline,No forecast trigger,25.580000000000002,0.0,0.0
2026-09-30,US,Spokane,Washington,47.6569,-117.425,0.0,3.35,Baseline,No forecast trigger,186.72,0.0,0.0
2026-09-30,CAN,Grand Falls-Windsor,Newfoundland And Labrador,48.9332,-55.6649,0.177,2.35,Baseline,No forecast trigger,0.0,0.0,0.0
2026-09-30,CAN,Paradise,Newfoundland And Labrador,47.5333,-52.9667,0.043,2.95,Baseline,No forecast trigger,2.7,0.0,0.0
2026-09-30,CAN,Stratford,Prince Edward Island,46.2153,-63.0866,0.047,3.35,Baseline,No forecast trigger,0.0,0.0,0.0
2026-10-01,US,Chicago,Illinois,41.85003,-87.65005,0.976,1.15,Scale Umbrellas,Forecast rain 0.98 in ≥ 0.20 in,5673.47,17020.41,0.162594
2026-10-01,US,Miami,Florida,25.77427,-80.19366,2.217,7.5,Scale Umbrellas,Forecast rain 2.22 in ≥ 0.20 in,5223.5,15670.5,0.149698
2026-10-01,US,Houston,Texas,29.76328,-95.36327,0.356,6.4,Scale Umbrellas,Forecast rain 0.36 in ≥ 0.20 in,5346.01,9515.9,0.090904
2026-10-01,US,Austin,Texas,30.26715,-97.74306,1.214,5.7,Scale Umbrellas,Forecast rain 1.21 in ≥ 0.20 in,2988.3900000000003,8965.17,0.085643
2026-10-01,US,Dallas,Texas,32.78306,-96.80667,9.347,3.05,Scale Umbrellas,Forecast rain 9.35 in ≥ 0.20 in,2898.67,8696.01,0.083072
2026-10-01,US,San Antonio,Texas,29.42412,-98.49363,2.05,6.05,Scale Umbrellas,Forecast rain 2.05 in ≥ 0.20 in,1479.07,4437.21,0.042388
2026-10-01,US,Fort Worth,Texas,32.72541,-97.32085,3.504,3.75,Scale Umbrellas,Forecast rain 3.50 in ≥ 0.20 in,1206.6200000000001,3619.86,0.03458
2026-10-01,US,Boca Raton,Florida,26.35869,-80.0831,1.794,5.2,Scale Umbrellas,Forecast rain 1.79 in ≥ 0.20 in,1157.6399999999999,3472.92,0.033176
2026-10-01,US,Madison,Wisconsin,43.07305,-89.40123,0.768,1.05,Scale Umbrellas,Forecast rain 0.77 in ≥ 0.20 in,792.59,2377.77,0.022715
2026-10-01,US,Honolulu,Hawaii,21.30694,-157.85834,0.287,7.2,Scale Umbrellas,Forecast rain 0.29 in ≥ 0.20 in,1610.55,2311.14,0.022078
2026-10-01,US,Edmond,Oklahoma,35.65283,-97.4781,0.884,4.85,Scale Umbrellas,Forecast rain 0.88 in ≥ 0.20 in,733.89,2201.67,0.021032
2026-10-01,US,Tampa,Florida,27.94752,-82.45843,0.283,7.35,Scale Umbrellas,Forecast rain 0.28 in ≥ 0.20 in,1342.3799999999999,1899.47,0.018145
2026-10-01,US,Naperville,Illinois,41.78586,-88.14729,1.335,0.65,Scale Umbrellas,Forecast rain 1.33 in ≥ 0.20 in,583.85,1751.55,0.016732
2026-10-01,US,Grand Rapids,Michigan,42.96336,-85.66809,1.315,0.55,Scale Umbrellas,Forecast rain 1.31 in ≥ 0.20 in,582.97,1748.91,0.016707
2026-10-01,US,Bellevue,Nebraska,41.13667,-95.89084,1.777,2.95,Scale Umbrellas,Forecast rain 1.78 in ≥ 0.20 in,571.83,1715.49,0.016388
2026-10-01,US,Kansas City,Missouri,39.09973,-94.57857,0.964,1.35,Scale Umbrellas,Forecast rain 0.96 in ≥ 0.20 in,569.2,1707.6,0.016312
2026-10-01,US,Tulsa,Oklahoma,36.15398,-95.99277,0.362,3.2,Scale Umbrellas,Forecast rain 0.36 in ≥ 0.20 in,869.0,1572.89,0.015026
2026-10-01,US,Milwaukee,Wisconsin,43.0389,-87.90647,1.837,0.75,Scale Umbrellas,Forecast rain 1.84 in ≥ 0.20 in,501.74,1505.22,0.014379
2026-10-01,US,Omaha,Nebraska,41.25626,-95.94043,6.526,2.3,Scale Umbrellas,Forecast rain 6.53 in ≥ 0.20 in,448.37,1345.11,0.01285
2026-10-01,US,Oklahoma City,Oklahoma,35.46756,-97.51643,1.19,3.2,Scale Umbrellas,Forecast rain 1.19 in ≥ 0.20 in,443.71999999999997,1331.16,0.012716
2026-10-01,US,Overland Park,Kansas,38.98223,-94.67079,1.083,1.55,Scale Umbrellas,Forecast rain 1.08 in ≥ 0.20 in,418.71,1256.13,0.012
2026-10-01,US,Evanston,Illinois,42.04114,-87.69006,1.469,0.8,Scale Umbrellas,Forecast rain 1.47 in ≥ 0.20 in,342.7,1028.1,0.009821
2026-10-01,US,Wilmette,Illinois,42.07225,-87.72284,2.281,0.7,Scale Umbrellas,Forecast rain 2.28 in ≥ 0.20 in,317.19,951.57,0.00909
2026-10-01,US,Downers Grove,Illinois,41.80892,-88.01117,1.126,0.95,Scale Umbrellas,Forecast rain 1.13 in ≥ 0.20 in,279.19,837.57,0.008001
2026-10-01,US,Olathe,Kansas,38.8814,-94.81913,0.855,2.3,Scale Umbrellas,Forecast rain 0.85 in ≥ 0.20 in,223.28,669.84,0.006399
2026-10-01,US,Norman,Oklahoma,35.22257,-97.43948,1.633,3.85,Scale Umbrellas,Forecast rain 1.63 in ≥ 0.20 in,220.45,661.35,0.006318
2026-10-01,US,Cedar Rapids,Iowa,42.00833,-91.64407,0.674,1.25,Scale Umbrellas,Forecast rain 0.67 in ≥ 0.20 in,191.83,575.49,0.005498
2026-10-01,US,Ewa Beach,Hawaii,21.31556,-158.00722,0.287,6.9,Scale Umbrellas,Forecast rain 0.29 in ≥ 0.20 in,318.9,457.62,0.004372
2026-10-01,US,Iowa City,Iowa,41.66113,-91.53017,1.471,0.6,Scale Umbrellas,Forecast rain 1.47 in ≥ 0.20 in,140.3,420.9,0.004021
2026-10-01,US,Lawrence,Kansas,38.97167,-95.23525,0.807,2.3,Scale Umbrellas,Forecast rain 0.81 in ≥ 0.20 in,135.29,405.87,0.003877
2026-10-01,US,Des Moines,Iowa,41.60054,-93.60911,1.021,1.3,Scale Umbrellas,Forecast rain 1.02 in ≥ 0.20 in,131.38,394.14,0.003765
2026-10-01,US,Whitefish Bay,Wisconsin,43.11334,-87.90009,3.758,0.85,Scale Umbrellas,Forecast rain 3.76 in ≥ 0.20 in,129.47,388.41,0.00371
2026-10-01,US,Waukesha,Wisconsin,43.01168,-88.23148,1.382,0.8,Scale Umbrellas,Forecast rain 1.38 in ≥ 0.20 in,127.14,381.42,0.003644
2026-10-01,US,Leawood,Kansas,38.96667,-94.6169,1.112,1.1,Scale Umbrellas,Forecast rain 1.11 in ≥ 0.20 in,124.37,373.11,0.003564
2026-10-01,US,Fairhope,Alabama,30.52297,-87.90333,0.366,6.95,Scale Umbrellas,Forecast rain 0.37 in ≥ 0.20 in,189.36,346.53,0.00331
2026-10-01,US,Elkhorn,Nebraska,41.345,-96.256,1.124,1.95,Scale Umbrellas,Forecast rain 1.12 in ≥ 0.20 in,113.06,339.18,0.00324
2026-10-01,US,Lincoln,Nebraska,40.8,-96.66696,0.322,1.1,Scale Umbrellas,Forecast rain 0.32 in ≥ 0.20 in,203.64000000000001,327.86,0.003132
2026-10-01,US,West Des Moines,Iowa,41.57721,-93.71133,1.007,1.1,Scale Umbrellas,Forecast rain 1.01 in ≥ 0.20 in,106.61999999999999,319.86,0.003056
2026-10-01,US,Bentonville,Arkansas,36.37285,-94.20882,0.206,1.95,Scale Umbrellas,Forecast rain 0.21 in ≥ 0.20 in,269.24,277.32,0.002649
2026-10-01,US,Ames,Iowa,42.03471,-93.61994,0.766,1.9,Scale Umbrellas,Forecast rain 0.77 in ≥ 0.20 in,92.36,277.08,0.002647
2026-10-01,US,Broken Arrow,Oklahoma,36.0526,-95.79082,0.319,2.95,Scale Umbrellas,Forecast rain 0.32 in ≥ 0.20 in,170.9,272.59,0.002604
2026-10-01,US,Papillion,Nebraska,41.15444,-96.04224,0.69,3.0,Scale Umbrellas,Forecast rain 0.69 in ≥ 0.20 in,71.71000000000001,215.13,0.002055
2026-10-01,CAN,Ottawa,Ontario,45.41117,-75.69812,0.346,0.35,Scale Umbrellas,Forecast rain 0.35 in ≥ 0.20 in,115.72999999999999,200.21,0.001913
2026-10-01,US,Anchorage,Alaska,61.21806,-149.90028,0.217,1.9,Scale Umbrellas,Forecast rain 0.22 in ≥ 0.20 in,147.56,160.1,0.001529
2026-10-01,US,Cordova,Alaska,60.5432,-145.75867,0.327,0.9,Scale Umbrellas,Forecast rain 0.33 in ≥ 0.20 in,57.24,93.59,0.000894
2026-10-01,US,Sitka,Alaska,57.05315,-135.33089,0.382,2.15,Scale Umbrellas,Forecast rain 0.38 in ≥ 0.20 in,30.84,58.9,0.000563
2026-10-01,CAN,Iqaluit,Nunavut,63.74697,-68.51727,0.492,0.5,Scale Umbrellas,Forecast rain 0.49 in ≥ 0.20 in,0.0,53.06,0.000507
2026-10-01,US,Wasilla,Alaska,61.5809,-149.4415,0.272,1.95,Scale Umbrellas,Forecast rain 0.27 in ≥ 0.20 in,19.48,26.49,0.000253
2026-10-01,CAN,Guelph,Ontario,43.54594,-80.25599,0.217,3.05,Scale Umbrellas,Forecast rain 0.22 in ≥ 0.20 in,21.63,23.47,0.000224
2026-10-01,UK,Aberdare,Wales,51.71438,-3.44918,0.248,2.2,Scale Umbrellas,Forecast rain 0.25 in ≥ 0.20 in,5.9399999999999995,7.37,7e-05
2026-10-01,UK,Port Talbot,Wales,51.59241,-3.78019,0.358,2.5,Scale Umbrellas,Forecast rain 0.36 in ≥ 0.20 in,3.26,5.84,5.6e-05
2026-10-01,UK,Swansea,Wales,51.6214,-3.9436,0.319,2.5,Scale Umbrellas,Forecast rain 0.32 in ≥ 0.20 in,2.66,4.24,4.1e-05
2026-10-01,UK,Merthyr Tydfil,Wales,51.74794,-3.37779,0.272,2.15,Scale Umbrellas,Forecast rain 0.27 in ≥ 0.20 in,3.1,4.22,4e-05
2026-10-01,US,Fairbanks,Alaska,64.83778,-147.71638,0.059,1.2,Baseline,No forecast trigger,42.79,0.0,0.0
2026-10-01,US,Birmingham,Alabama,33.52066,-86.80249,0.0,6.6,Baseline,No forecast trigger,717.32,0.0,0.0
2026-10-01,US,Huntsville,Alabama,34.7304,-86.58594,0.0,6.35,Baseline,No forecast trigger,573.15,0.0,0.0
2026-10-01,US,Mobile,Alabama,30.69436,-88.04305,0.18,6.85,Baseline,No forecast trigger,313.08000000000004,0.0,0.0
2026-10-01,US,Madison,Alabama,34.69926,-86.74833,0.0,6.3,Baseline,No forecast trigger,792.59,0.0,0.0
2026-10-01,US,Little Rock,Arkansas,34.74648,-92.28959,0.0,6.15,Baseline,No forecast trigger,493.72,0.0,0.0
2026-10-01,US,Jonesboro,Arkansas,35.8423,-90.70428,0.0,6.05,Baseline,No forecast trigger,181.6,0.0,0.0
2026-10-01,US,Fayetteville,Arkansas,36.06258,-94.15743,0.092,1.55,Baseline,No forecast trigger,181.82999999999998,0.0,0.0
2026-10-01,US,Rogers,Arkansas,36.33202,-94.11854,0.085,1.85,Baseline,No forecast trigger,197.76,0.0,0.0
2026-10-01,US,Phoenix,Arizona,33.44838,-112.07404,0.0,6.8,Baseline,No forecast trigger,886.63,0.0,0.0
2026-10-01,US,Tucson,Arizona,32.22174,-110.92648,0.0,7.1,Baseline,No forecast trigger,776.7,0.0,0.0
2026-10-01,US,Scottsdale,Arizona,33.50921,-111.89903,0.0,6.8,Baseline,No forecast trigger,721.34,0.0,0.0
2026-10-01,US,Gilbert,Arizona,33.35283,-111.78903,0.0,6.85,Baseline,No forecast trigger,258.89,0.0,0.0
2026-10-01,US,Mesa,Arizona,33.42227,-111.82264,0.0,6.8,Baseline,No forecast trigger,266.38,0.0,0.0
2026-10-01,US,Los Angeles,California,34.05223,-118.24368,0.0,6.6,Baseline,No forecast trigger,4672.68,0.0,0.0
2026-10-01,US,San Francisco,California,37.77493,-122.41942,0.0,6.05,Baseline,No forecast trigger,4813.09,0.0,0.0
2026-10-01,US,San Diego,California,32.71571,-117.16472,0.0,6.75,Baseline,No forecast trigger,2386.1600000000003,0.0,0.0
2026-10-01,US,San Jose,California,37.33939,-121.89496,0.0,6.15,Baseline,No forecast trigger,1891.11,0.0,0.0
2026-10-01,US,Oakland,California,37.80437,-122.2708,0.0,6.0,Baseline,No forecast trigger,1290.01,0.0,0.0
2026-10-01,US,Denver,Colorado,39.73915,-104.9847,0.174,6.15,Baseline,No forecast trigger,1084.28,0.0,0.0
2026-10-01,US,Colorado Springs,Colorado,38.83388,-104.82136,0.016,6.35,Baseline,No forecast trigger,560.03,0.0,0.0
2026-10-01,US,Littleton,Colorado,39.61332,-105.01665,0.161,6.15,Baseline,No forecast trigger,314.51,0.0,0.0
2026-10-01,US,Aurora,Colorado,39.72943,-104.83192,0.166,6.15,Baseline,No forecast trigger,258.96,0.0,0.0
2026-10-01,US,Fort Collins,Colorado,40.58526,-105.08442,0.0,6.0,Baseline,No forecast trigger,268.81,0.0,0.0
2026-10-01,US,Norwalk,Connecticut,41.1176,-73.4079,0.0,3.75,Baseline,No forecast trigger,262.88,0.0,0.0
2026-10-01,US,Greenwich,Connecticut,41.02649,-73.62846,0.0,3.3,Baseline,No forecast trigger,814.0,0.0,0.0
2026-10-01,US,Stamford,Connecticut,41.05343,-73.53873,0.0,3.3,Baseline,No forecast trigger,312.91,0.0,0.0
2026-10-01,US,Fairfield,Connecticut,41.14121,-73.26373,0.0,4.9,Baseline,No forecast trigger,300.54,0.0,0.0
2026-10-01,US,New Canaan,Connecticut,41.14676,-73.49484,0.0,3.2,Baseline,No forecast trigger,321.95,0.0,0.0
2026-10-01,US,Wilmington,Delaware,39.74595,-75.54659,0.0,5.35,Baseline,No forecast trigger,1140.94,0.0,0.0
2026-10-01,US,New Castle,Delaware,39.65948,-75.56359,0.0,5.45,Baseline,No forecast trigger,190.71,0.0,0.0
2026-10-01,US,Lewes,Delaware,38.77456,-75.13935,0.0,5.7,Baseline,No forecast trigger,177.47,0.0,0.0
2026-10-01,US,Newark,Delaware,39.68372,-75.74966,0.0,5.55,Baseline,No forecast trigger,206.69,0.0,0.0
2026-10-01,US,Middletown,Delaware,39.44956,-75.71632,0.0,5.6,Baseline,No forecast trigger,92.73,0.0,0.0
2026-10-01,US,Orlando,Florida,28.53834,-81.37924,0.014,7.05,Baseline,No forecast trigger,1883.09,0.0,0.0
2026-10-01,US,Naples,Florida,26.14234,-81.79596,0.008,5.1,Baseline,No forecast trigger,1471.19,0.0,0.0
2026-10-01,US,Atlanta,Georgia,33.749,-84.38798,0.0,6.6,Baseline,No forecast trigger,2321.8900000000003,0.0,0.0
2026-10-01,US,Marietta,Georgia,33.9526,-84.54993,0.0,6.55,Baseline,No forecast trigger,1085.94,0.0,0.0
2026-10-01,US,Savannah,Georgia,32.08354,-81.09983,0.0,6.7,Baseline,No forecast trigger,617.49,0.0,0.0
2026-10-01,US,Alpharetta,Georgia,34.07538,-84.29409,0.0,6.55,Baseline,No forecast trigger,510.98,0.0,0.0
2026-10-01,US,Decatur,Georgia,33.77483,-84.29631,0.0,6.6,Baseline,No forecast trigger,385.13,0.0,0.0
2026-10-01,US,Mililani,Hawaii,21.4504,-158.01503,0.15,6.25,Baseline,No forecast trigger,172.35999999999999,0.0,0.0
2026-10-01,US,Kailua,Hawaii,21.40241,-157.74054,0.185,7.9,Baseline,No forecast trigger,223.49,0.0,0.0
2026-10-01,US,Kaneohe,Hawaii,21.39994,-157.79895,0.185,7.2,Baseline,No forecast trigger,204.73,0.0,0.0
2026-10-01,US,Boise,Idaho,43.6135,-116.20345,0.0,5.05,Baseline,No forecast trigger,320.84000000000003,0.0,0.0
2026-10-01,US,Meridian,Idaho,43.61211,-116.39151,0.0,5.0,Baseline,No forecast trigger,190.19,0.0,0.0
2026-10-01,US,Eagle,Idaho,43.69544,-116.35401,0.0,5.0,Baseline,No forecast trigger,87.22,0.0,0.0
2026-10-01,US,Kuna,Idaho,43.49183,-116.42012,0.0,4.9,Baseline,No forecast trigger,146.76,0.0,0.0
2026-10-01,US,Indianapolis,Indiana,39.76838,-86.15804,0.0,5.05,Baseline,No forecast trigger,929.67,0.0,0.0
2026-10-01,US,Carmel,Indiana,39.97837,-86.11804,0.0,4.95,Baseline,No forecast trigger,523.33,0.0,0.0
2026-10-01,US,Fort Wayne,Indiana,41.1306,-85.12886,0.004,3.4,Baseline,No forecast trigger,393.86,0.0,0.0
2026-10-01,US,Bloomington,Indiana,39.16533,-86.52639,0.0,5.0,Baseline,No forecast trigger,283.25,0.0,0.0
2026-10-01,US,West Lafayette,Indiana,40.42587,-86.90807,0.118,4.0,Baseline,No forecast trigger,176.75,0.0,0.0
2026-10-01,US,Wichita,Kansas,37.69224,-97.33754,0.152,5.8,Baseline,No forecast trigger,448.71,0.0,0.0
2026-10-01,US,Louisville,Kentucky,38.25424,-85.75941,0.0,5.75,Baseline,No forecast trigger,1012.77,0.0,0.0
2026-10-01,US,Lexington,Kentucky,37.98869,-84.47772,0.0,5.75,Baseline,No forecast trigger,698.16,0.0,0.0
2026-10-01,US,Bowling Green,Kentucky,36.99032,-86.4436,0.0,5.9,Baseline,No forecast trigger,131.9,0.0,0.0
2026-10-01,US,Paducah,Kentucky,37.08339,-88.60005,0.0,5.8,Baseline,No forecast trigger,160.38,0.0,0.0
2026-10-01,US,Middlesboro,Kentucky,36.60842,-83.71658,0.0,5.95,Baseline,No forecast trigger,43.95,0.0,0.0
2026-10-01,US,Baton Rouge,Louisiana,30.44332,-91.18747,0.024,6.9,Baseline,No forecast trigger,804.9499999999999,0.0,0.0
2026-10-01,US,New Orleans,Louisiana,29.95465,-90.07507,0.016,7.1,Baseline,No forecast trigger,621.88,0.0,0.0
2026-10-01,US,Lafayette,Louisiana,30.22409,-92.01984,0.012,7.0,Baseline,No forecast trigger,471.93,0.0,0.0
2026-10-01,US,Shreveport,Louisiana,32.52515,-93.75018,0.075,6.4,Baseline,No forecast trigger,560.43,0.0,0.0
2026-10-01,US,Metairie,Louisiana,29.98409,-90.15285,0.016,7.1,Baseline,No forecast trigger,288.17,0.0,0.0
2026-10-01,US,Reading,Massachusetts,42.52565,-71.09533,0.0,4.05,Baseline,No forecast trigger,1833.74,0.0,0.0
2026-10-01,US,Boston,Massachusetts,42.35843,-71.05977,0.0,4.7,Baseline,No forecast trigger,1916.95,0.0,0.0
2026-10-01,US,Cambridge,Massachusetts,42.3751,-71.10561,0.0,4.8,Baseline,No forecast trigger,688.7,0.0,0.0
2026-10-01,US,Berkley,Massachusetts,41.84593,-71.08282,0.0,3.8,Baseline,No forecast trigger,201.49,0.0,0.0
2026-10-01,US,Somerville,Massachusetts,42.3876,-71.0995,0.0,4.8,Baseline,No forecast trigger,352.11,0.0,0.0
2026-10-01,US,Baltimore,Maryland,39.29038,-76.61219,0.0,5.65,Baseline,No forecast trigger,716.91,0.0,0.0
2026-10-01,US,Bethesda,Maryland,38.98067,-77.10026,0.0,5.65,Baseline,No forecast trigger,749.47,0.0,0.0
2026-10-01,US,Silver Spring,Maryland,38.99067,-77.02609,0.0,5.65,Baseline,No forecast trigger,424.96,0.0,0.0
2026-10-01,US,Rockville,Maryland,39.084,-77.15276,0.0,5.65,Baseline,No forecast trigger,396.81,0.0,0.0
2026-10-01,US,Annapolis,Maryland,38.97859,-76.49184,0.0,5.65,Baseline,No forecast trigger,373.24,0.0,0.0
2026-10-01,US,Portland,Maine,43.65737,-70.2589,0.0,5.1,Baseline,No forecast trigger,2148.29,0.0,0.0
2026-10-01,US,Scarborough,Maine,43.57814,-70.32172,0.0,5.1,Baseline,No forecast trigger,116.28,0.0,0.0
2026-10-01,US,Falmouth,Maine,43.72953,-70.24199,0.0,4.9,Baseline,No forecast trigger,80.34,0.0,0.0
2026-10-01,US,Bangor,Maine,44.79884,-68.77265,0.0,4.9,Baseline,No forecast trigger,57.54,0.0,0.0
2026-10-01,US,Eliot,Maine,43.15314,-70.80006,0.0,4.85,Baseline,No forecast trigger,45.09,0.0,0.0
2026-10-01,US,Ann Arbor,Michigan,42.27756,-83.74088,0.063,1.85,Baseline,No forecast trigger,531.72,0.0,0.0
2026-10-01,US,Bloomfield Hills,Michigan,42.58364,-83.24549,0.067,1.5,Baseline,No forecast trigger,349.34999999999997,0.0,0.0
2026-10-01,US,Plymouth,Michigan,42.37143,-83.47021,0.11,1.95,Baseline,No forecast trigger,442.88,0.0,0.0
2026-10-01,US,Macomb,Michigan,42.70087,-82.95909,0.051,2.2,Baseline,No forecast trigger,180.2,0.0,0.0
2026-10-01,US,Minneapolis,Minnesota,44.97997,-93.26384,0.0,3.6,Baseline,No forecast trigger,1008.53,0.0,0.0
2026-10-01,US,Saint Paul,Minnesota,44.94441,-93.09327,0.0,3.8,Baseline,No forecast trigger,508.1,0.0,0.0
2026-10-01,US,Plymouth,Minnesota,45.01052,-93.45551,0.0,3.8,Baseline,No forecast trigger,442.88,0.0,0.0
2026-10-01,US,Minnetonka,Minnesota,44.9133,-93.50329,0.0,4.05,Baseline,No forecast trigger,129.98,0.0,0.0
2026-10-01,US,Eden Prairie,Minnesota,44.85469,-93.47079,0.001,4.1,Baseline,No forecast trigger,158.16,0.0,0.0
2026-10-01,US,Saint Louis,Missouri,38.65174,-90.20525,0.059,4.95,Baseline,No forecast trigger,971.51,0.0,0.0
2026-10-01,US,Chesterfield,Missouri,38.66311,-90.57707,0.13,5.45,Baseline,No forecast trigger,297.32,0.0,0.0
2026-10-01,US,Saint Charles,Missouri,38.78394,-90.48123,0.173,5.0,Baseline,No forecast trigger,215.67999999999998,0.0,0.0
2026-10-01,US,Springfield,Missouri,37.21533,-93.29824,0.048,1.85,Baseline,No forecast trigger,218.38,0.0,0.0
2026-10-01,US,Madison,Mississippi,32.46181,-90.11536,0.0,6.7,Baseline,No forecast trigger,792.59,0.0,0.0
2026-10-01,US,Gulfport,Mississippi,30.36742,-89.09282,0.173,7.0,Baseline,No forecast trigger,125.63,0.0,0.0
2026-10-01,US,Hattiesburg,Mississippi,31.32712,-89.29034,0.0,6.85,Baseline,No forecast trigger,69.27,0.0,0.0
2026-10-01,US,Jackson,Mississippi,32.29876,-90.18481,0.0,6.75,Baseline,No forecast trigger,77.13,0.0,0.0
2026-10-01,US,Southaven,Mississippi,34.98898,-90.01259,0.0,6.3,Baseline,No forecast trigger,81.25,0.0,0.0
2026-10-01,US,Bozeman,Montana,45.67965,-111.03856,0.0,4.5,Baseline,No forecast trigger,95.10000000000001,0.0,0.0
2026-10-01,US,Billings,Montana,45.78329,-108.50069,0.0,4.3,Baseline,No forecast trigger,122.97999999999999,0.0,0.0
2026-10-01,US,Great Falls,Montana,47.50024,-111.30081,0.0,4.25,Baseline,No forecast trigger,56.92,0.0,0.0
2026-10-01,US,Missoula,Montana,46.87215,-113.994,0.0,3.2,Baseline,No forecast trigger,54.42,0.0,0.0
2026-10-01,US,Kalispell,Montana,48.19579,-114.31291,0.016,3.0,Baseline,No forecast trigger,69.74,0.0,0.0
2026-10-01,US,Charlotte,North Carolina,35.22709,-80.84313,0.0,6.1,Baseline,No forecast trigger,2037.75,0.0,0.0
2026-10-01,US,Raleigh,North Carolina,35.7721,-78.63861,0.0,6.15,Baseline,No forecast trigger,1298.0,0.0,0.0
2026-10-01,US,Durham,North Carolina,35.99403,-78.89862,0.0,5.85,Baseline,No forecast trigger,430.65,0.0,0.0
2026-10-01,US,Wilmington,North Carolina,34.23556,-77.94604,0.0,6.35,Baseline,No forecast trigger,1140.94,0.0,0.0
2026-10-01,US,Chapel Hill,North Carolina,35.9132,-79.05584,0.0,5.95,Baseline,No forecast trigger,451.88,0.0,0.0
2026-10-01,US,Fargo,North Dakota,46.87719,-96.7898,0.0,4.7,Baseline,No forecast trigger,126.84,0.0,0.0
2026-10-01,US,West Fargo,North Dakota,46.87497,-96.90036,0.0,4.7,Baseline,No forecast trigger,76.10000000000001,0.0,0.0
2026-10-01,US,Bismarck,North Dakota,46.80833,-100.78374,0.0,4.75,Baseline,No forecast trigger,53.26,0.0,0.0
2026-10-01,US,Dickinson,North Dakota,46.87918,-102.78962,0.0,4.5,Baseline,No forecast trigger,50.58,0.0,0.0
2026-10-01,US,Grand Forks,North Dakota,47.92526,-97.03285,0.0,4.5,Baseline,No forecast trigger,17.33,0.0,0.0
2026-10-01,US,Manchester,New Hampshire,42.99564,-71.45479,0.008,4.3,Baseline,No forecast trigger,163.22,0.0,0.0
2026-10-01,US,Nashua,New Hampshire,42.76537,-71.46757,0.0,3.45,Baseline,No forecast trigger,165.9,0.0,0.0
2026-10-01,US,Hampton,New Hampshire,42.93759,-70.83894,0.0,4.8,Baseline,No forecast trigger,112.68,0.0,0.0
2026-10-01,US,Portsmouth,New Hampshire,43.07704,-70.75766,0.0,4.8,Baseline,No forecast trigger,99.81,0.0,0.0
2026-10-01,US,Exeter,New Hampshire,42.98148,-70.94783,0.0,4.25,Baseline,No forecast trigger,72.16,0.0,0.0
2026-10-01,US,Jersey City,New Jersey,40.72816,-74.07764,0.0,4.1,Baseline,No forecast trigger,1131.21,0.0,0.0
2026-10-01,US,Hoboken,New Jersey,40.74399,-74.03236,0.0,4.1,Baseline,No forecast trigger,584.46,0.0,0.0
2026-10-01,US,Morristown,New Jersey,40.79677,-74.48154,0.0,4.2,Baseline,No forecast trigger,391.5,0.0,0.0
2026-10-01,US,Westfield,New Jersey,40.65899,-74.34737,0.0,4.15,Baseline,No forecast trigger,358.62,0.0,0.0
2026-10-01,US,Princeton,New Jersey,40.34872,-74.65905,0.0,5.2,Baseline,No forecast trigger,291.97,0.0,0.0
2026-10-01,US,Albuquerque,New Mexico,35.08449,-106.65114,0.0,6.7,Baseline,No forecast trigger,600.62,0.0,0.0
2026-10-01,US,Santa Fe,New Mexico,35.68698,-105.9378,0.0,6.55,Baseline,No forecast trigger,196.16,0.0,0.0
2026-10-01,US,Las Cruces,New Mexico,32.31232,-106.77834,0.0,7.0,Baseline,No forecast trigger,137.95,0.0,0.0
2026-10-01,US,Tijeras,New Mexico,35.08088,-106.38808,0.0,6.7,Baseline,No forecast trigger,55.67,0.0,0.0
2026-10-01,US,Los Alamos,New Mexico,35.88808,-106.30697,0.0,6.7,Baseline,No forecast trigger,62.35,0.0,0.0
2026-10-01,US,Henderson,Nevada,36.0397,-114.98194,0.0,6.3,Baseline,No forecast trigger,427.53000000000003,0.0,0.0
2026-10-01,US,Las Vegas,Nevada,36.17497,-115.13722,0.0,6.55,Baseline,No forecast trigger,1162.12,0.0,0.0
2026-10-01,US,Reno,Nevada,39.52963,-119.8138,0.0,6.15,Baseline,No forecast trigger,381.45,0.0,0.0
2026-10-01,US,Carson City,Nevada,39.1638,-119.7674,0.0,6.25,Baseline,No forecast trigger,42.79,0.0,0.0
2026-10-01,US,North Las Vegas,Nevada,36.19886,-115.1175,0.0,6.55,Baseline,No forecast trigger,40.589999999999996,0.0,0.0
2026-10-01,US,New York,New York,40.71427,-74.00597,0.0,4.1,Baseline,No forecast trigger,15059.880000000001,0.0,0.0
2026-10-01,US,Brooklyn,New York,40.6501,-73.94958,0.0,4.0,Baseline,No forecast trigger,7550.5599999999995,0.0,0.0
2026-10-01,US,Bronx,New York,40.84985,-73.86641,0.0,3.15,Baseline,No forecast trigger,874.54,0.0,0.0
2026-10-01,US,Staten Island,New York,40.56233,-74.13986,0.0,4.1,Baseline,No forecast trigger,959.27,0.0,0.0
2026-10-01,US,Astoria,New York,40.77205,-73.93014,0.0,3.9,Baseline,No forecast trigger,526.69,0.0,0.0
2026-10-01,US,Cincinnati,Ohio,39.12711,-84.51439,0.0,5.45,Baseline,No forecast trigger,1433.23,0.0,0.0
2026-10-01,US,Columbus,Ohio,39.96118,-82.99879,0.0,5.25,Baseline,No forecast trigger,1196.1299999999999,0.0,0.0
2026-10-01,US,Dayton,Ohio,39.75895,-84.19161,0.0,5.5,Baseline,No forecast trigger,456.67,0.0,0.0
2026-10-01,US,Dublin,Ohio,40.09923,-83.11408,0.0,5.35,Baseline,No forecast trigger,314.94,0.0,0.0
2026-10-01,US,Cleveland,Ohio,41.4995,-81.69541,0.0,3.4,Baseline,No forecast trigger,289.03,0.0,0.0
2026-10-01,US,Portland,Oregon,45.52345,-122.67621,0.0,4.6,Baseline,No forecast trigger,2148.29,0.0,0.0
2026-10-01,US,Lake Oswego,Oregon,45.42067,-122.67065,0.0,4.45,Baseline,No forecast trigger,348.06,0.0,0.0
2026-10-01,US,Beaverton,Oregon,45.48706,-122.80371,0.0,4.6,Baseline,No forecast trigger,233.05,0.0,0.0
2026-10-01,US,Eugene,Oregon,44.05207,-123.08675,0.0,4.95,Baseline,No forecast trigger,247.76,0.0,0.0
2026-10-01,US,Salem,Oregon,44.9429,-123.0351,0.0,4.8,Baseline,No forecast trigger,203.3,0.0,0.0
2026-10-01,US,Philadelphia,Pennsylvania,39.95238,-75.16362,0.0,4.9,Baseline,No forecast trigger,2106.57,0.0,0.0
2026-10-01,US,Pittsburgh,Pennsylvania,40.44062,-79.99589,0.0,3.2,Baseline,No forecast trigger,1310.97,0.0,0.0
2026-10-01,US,Lancaster,Pennsylvania,40.03788,-76.30551,0.0,5.4,Baseline,No forecast trigger,348.75,0.0,0.0
2026-10-01,US,West Chester,Pennsylvania,39.96097,-75.60804,0.0,5.1,Baseline,No forecast trigger,338.35,0.0,0.0
2026-10-01,US,Doylestown,Pennsylvania,40.31011,-75.12989,0.0,4.7,Baseline,No forecast trigger,312.63,0.0,0.0
2026-10-01,US,Providence,Rhode Island,41.82399,-71.41283,0.0,3.85,Baseline,No forecast trigger,285.02,0.0,0.0
2026-10-01,US,Barrington,Rhode Island,41.74066,-71.30866,0.0,3.9,Baseline,No forecast trigger,151.94,0.0,0.0
2026-10-01,US,Cranston,Rhode Island,41.77982,-71.43728,0.0,4.05,Baseline,No forecast trigger,80.37,0.0,0.0
2026-10-01,US,Warwick,Rhode Island,41.7001,-71.41617,0.0,3.9,Baseline,No forecast trigger,90.69000000000001,0.0,0.0
2026-10-01,US,East Greenwich,Rhode Island,41.66038,-71.45589,0.0,4.0,Baseline,No forecast trigger,71.36,0.0,0.0
2026-10-01,US,Greenville,South Carolina,34.85262,-82.39401,0.0,6.4,Baseline,No forecast trigger,692.64,0.0,0.0
2026-10-01,US,Charleston,South Carolina,32.77632,-79.93275,0.063,6.6,Baseline,No forecast trigger,702.72,0.0,0.0
2026-10-01,US,Mount Pleasant,South Carolina,32.79407,-79.86259,0.063,6.6,Baseline,No forecast trigger,407.3,0.0,0.0
2026-10-01,US,Columbia,South Carolina,34.00071,-81.03481,0.0,6.45,Baseline,No forecast trigger,444.65000000000003,0.0,0.0
2026-10-01,US,Myrtle Beach,South Carolina,33.68906,-78.88669,0.0,6.45,Baseline,No forecast trigger,475.21999999999997,0.0,0.0
2026-10-01,US,Sioux Falls,South Dakota,43.54997,-96.70033,0.0,5.15,Baseline,No forecast trigger,117.28,0.0,0.0
2026-10-01,US,Rapid City,South Dakota,44.08054,-103.23101,0.016,4.8,Baseline,No forecast trigger,61.57,0.0,0.0
2026-10-01,US,Lennox,South Dakota,43.35415,-96.892,0.0,5.0,Baseline,No forecast trigger,35.589999999999996,0.0,0.0
2026-10-01,US,Madison,South Dakota,44.00608,-97.11395,0.0,5.15,Baseline,No forecast trigger,792.59,0.0,0.0
2026-10-01,US,Aberdeen,South Dakota,45.4647,-98.48648,0.0,5.0,Baseline,No forecast trigger,16.51,0.0,0.0
2026-10-01,US,Nashville,Tennessee,36.16589,-86.78444,0.0,6.0,Baseline,No forecast trigger,1367.7,0.0,0.0
2026-10-01,US,Knoxville,Tennessee,35.96064,-83.92074,0.0,5.8,Baseline,No forecast trigger,796.52,0.0,0.0
2026-10-01,US,Memphis,Tennessee,35.14953,-90.04898,0.0,5.95,Baseline,No forecast trigger,618.09,0.0,0.0
2026-10-01,US,Franklin,Tennessee,35.92506,-86.86889,0.0,6.0,Baseline,No forecast trigger,581.0400000000001,0.0,0.0
2026-10-01,US,Chattanooga,Tennessee,35.04563,-85.30968,0.0,5.8,Baseline,No forecast trigger,354.65000000000003,0.0,0.0
2026-10-01,US,Salt Lake City,Utah,40.76078,-111.89105,0.0,5.95,Baseline,No forecast trigger,325.87,0.0,0.0
2026-10-01,US,South Jordan,Utah,40.56217,-111.92966,0.0,5.95,Baseline,No forecast trigger,175.77,0.0,0.0
2026-10-01,US,Park City,Utah,40.64606,-111.49797,0.0,6.1,Baseline,No forecast trigger,140.23,0.0,0.0
2026-10-01,US,Sandy,Utah,40.59161,-111.8841,0.0,5.95,Baseline,No forecast trigger,113.27,0.0,0.0
2026-10-01,US,Alexandria,Virginia,38.80484,-77.04692,0.0,5.7,Baseline,No forecast trigger,1635.43,0.0,0.0
2026-10-01,US,Arlington,Virginia,38.88101,-77.10428,0.0,5.7,Baseline,No forecast trigger,1174.14,0.0,0.0
2026-10-01,US,Virginia Beach,Virginia,36.85293,-75.97799,0.0,5.85,Baseline,No forecast trigger,922.99,0.0,0.0
2026-10-01,US,Richmond,Virginia,37.55376,-77.46026,0.0,5.9,Baseline,No forecast trigger,908.02,0.0,0.0
2026-10-01,US,Fairfax,Virginia,38.84622,-77.30637,0.0,5.7,Baseline,No forecast trigger,566.71,0.0,0.0
2026-10-01,US,Burlington,Vermont,44.47588,-73.21207,0.016,3.5,Baseline,No forecast trigger,70.22,0.0,0.0
2026-10-01,US,Essex Junction,Vermont,44.49061,-73.11096,0.016,3.5,Baseline,No forecast trigger,46.56,0.0,0.0
2026-10-01,US,Hyde Park,Vermont,44.59394,-72.61651,0.0,4.55,Baseline,No forecast trigger,39.81,0.0,0.0
2026-10-01,US,South Burlington,Vermont,44.46699,-73.17096,0.016,3.5,Baseline,No forecast trigger,89.83,0.0,0.0
2026-10-01,US,Stowe,Vermont,44.46533,-72.68456,0.004,4.65,Baseline,No forecast trigger,62.660000000000004,0.0,0.0
2026-10-01,US,Seattle,Washington,47.60621,-122.33207,0.024,0.5,Baseline,No forecast trigger,2971.65,0.0,0.0
2026-10-01,US,Bellevue,Washington,47.61038,-122.20068,0.016,0.5,Baseline,No forecast trigger,571.83,0.0,0.0
2026-10-01,US,Vancouver,Washington,45.63873,-122.66149,0.0,4.65,Baseline,No forecast trigger,525.01,0.0,0.0
2026-10-01,US,Tacoma,Washington,47.25288,-122.44429,0.0,1.4,Baseline,No forecast trigger,431.4,0.0,0.0
2026-10-01,US,Appleton,Wisconsin,44.26193,-88.41538,0.133,1.7,Baseline,No forecast trigger,117.31,0.0,0.0
2026-10-01,US,Morgantown,West Virginia,39.62953,-79.9559,0.0,5.7,Baseline,No forecast trigger,196.82,0.0,0.0
2026-10-01,US,Huntington,West Virginia,38.41925,-82.44515,0.0,5.65,Baseline,No forecast trigger,96.22,0.0,0.0
2026-10-01,US,Charleston,West Virginia,38.34982,-81.63262,0.0,5.65,Baseline,No forecast trigger,702.72,0.0,0.0
2026-10-01,US,Wheeling,West Virginia,40.06396,-80.72091,0.0,4.75,Baseline,No forecast trigger,110.49,0.0,0.0
2026-10-01,US,Hurricane,West Virginia,38.43259,-82.02014,0.0,5.65,Baseline,No forecast trigger,50.01,0.0,0.0
2026-10-01,US,Cheyenne,Wyoming,41.13998,-104.82025,0.0,6.05,Baseline,No forecast trigger,97.29,0.0,0.0
2026-10-01,US,Sheridan,Wyoming,44.79719,-106.95618,0.0,4.6,Baseline,No forecast trigger,79.39999999999999,0.0,0.0
2026-10-01,US,Rock Springs,Wyoming,41.58746,-109.2029,0.0,6.05,Baseline,No forecast trigger,63.05,0.0,0.0
2026-10-01,US,Cody,Wyoming,44.52634,-109.05653,0.0,5.4,Baseline,No forecast trigger,26.89,0.0,0.0
2026-10-01,US,Casper,Wyoming,42.86663,-106.31308,0.0,5.75,Baseline,No forecast trigger,20.36,0.0,0.0
2026-10-01,US,Washington,District Of Columbia,38.89511,-77.03637,0.0,5.65,Baseline,No forecast trigger,3398.3399999999997,0.0,0.0
2026-10-01,UK,London,England,51.50853,-0.12574,0.004,2.15,Baseline,No forecast trigger,333.68,0.0,0.0
2026-10-01,UK,Bristol,England,51.45523,-2.59665,0.0,2.65,Baseline,No forecast trigger,44.980000000000004,0.0,0.0
2026-10-01,UK,Sheffield,England,53.38297,-1.4659,0.0,2.0,Baseline,No forecast trigger,19.35,0.0,0.0
2026-10-01,UK,Swindon,England,51.55797,-1.78116,0.0,2.15,Baseline,No forecast trigger,23.59,0.0,0.0
2026-10-01,UK,Birmingham,England,52.48142,-1.89983,0.0,2.2,Baseline,No forecast trigger,12.91,0.0,0.0
2026-10-01,UK,Brighton,England,50.82838,-0.13947,0.11,2.7,Baseline,No forecast trigger,10.48,0.0,0.0
2026-10-01,UK,Hove,England,50.83088,-0.1672,0.11,2.7,Baseline,No forecast trigger,12.92,0.0,0.0
2026-10-01,UK,Manchester,England,53.48095,-2.23743,0.009,2.15,Baseline,No forecast trigger,12.33,0.0,0.0
2026-10-01,UK,Glasgow,Scotland,55.86515,-4.25763,0.0,1.75,Baseline,No forecast trigger,15.85,0.0,0.0
2026-10-01,UK,Edinburgh,Scotland,55.95206,-3.19648,0.0,1.65,Baseline,No forecast trigger,12.5,0.0,0.0
2026-10-01,UK,Aberdeen,Scotland,57.14369,-2.09814,0.0,1.75,Baseline,No forecast trigger,6.25,0.0,0.0
2026-10-01,UK,Dunfermline,Scotland,56.07156,-3.45887,0.0,1.5,Baseline,No forecast trigger,6.300000000000001,0.0,0.0
2026-10-01,UK,Aboyne,Scotland,57.07546,-2.78023,0.004,1.75,Baseline,No forecast trigger,2.43,0.0,0.0
2026-10-01,UK,Balerno,Scotland,55.88437,-3.33975,0.0,1.75,Baseline,No forecast trigger,2.94,0.0,0.0
2026-10-01,UK,Banchory,Scotland,57.05168,-2.48824,0.0,1.65,Baseline,No forecast trigger,3.8200000000000003,0.0,0.0
2026-10-01,UK,Barrhead,Scotland,55.79916,-4.39285,0.004,1.9,Baseline,No forecast trigger,3.2,0.0,0.0
2026-10-01,UK,Cardiff,Wales,51.48,-3.18,0.004,2.25,Baseline,No forecast trigger,8.45,0.0,0.0
2026-10-01,UK,Clarbeston Road,Wales,51.85139,-4.88056,0.161,2.3,Baseline,No forecast trigger,2.83,0.0,0.0
2026-10-01,UK,Cwmbran,Wales,51.65446,-3.02281,0.004,2.65,Baseline,No forecast trigger,2.79,0.0,0.0
2026-10-01,UK,Llanidloes,Wales,52.44977,-3.53997,0.016,2.25,Baseline,No forecast trigger,2.6500000000000004,0.0,0.0
2026-10-01,UK,Newry,Northern Ireland,54.17841,-6.33739,0.016,1.95,Baseline,No forecast trigger,5.859999999999999,0.0,0.0
2026-10-01,UK,Belfast,Northern Ireland,54.59682,-5.92541,0.012,2.0,Baseline,No forecast trigger,3.08,0.0,0.0
2026-10-01,UK,Craigavon,Northern Ireland,54.44709,-6.387,0.008,1.9,Baseline,No forecast trigger,2.81,0.0,0.0
2026-10-01,UK,Dromara,Northern Ireland,54.36667,-6.01667,0.008,2.15,Baseline,No forecast trigger,2.63,0.0,0.0
2026-10-01,UK,Derry,Northern Ireland,54.9981,-7.30934,0.031,2.0,Baseline,No forecast trigger,0.0,0.0,0.0
2026-10-01,UK,Lisburn,Northern Ireland,54.52337,-6.03527,0.012,1.9,Baseline,No forecast trigger,0.0,0.0,0.0
2026-10-01,UK,Bangor,Northern Ireland,54.66079,-5.66802,0.016,2.05,Baseline,No forecast trigger,0.0,0.0,0.0
2026-10-01,CAN,Calgary,Alberta,51.05011,-114.08529,0.0,4.05,Baseline,No forecast trigger,120.13,0.0,0.0
2026-10-01,CAN,Edmonton,Alberta,53.55014,-113.46871,0.0,3.65,Baseline,No forecast trigger,51.53,0.0,0.0
2026-10-01,CAN,St. Albert,Alberta,53.63344,-113.63533,0.0,3.65,Baseline,No forecast trigger,6.260000000000001,0.0,0.0
2026-10-01,CAN,Wainwright,Alberta,52.83482,-110.85342,0.0,3.75,Baseline,No forecast trigger,1.96,0.0,0.0
2026-10-01,CAN,West Baptiste,Alberta,54.75016,-113.5688,0.0,3.4,Baseline,No forecast trigger,1.1300000000000001,0.0,0.0
2026-10-01,CAN,Vancouver,British Columbia,49.24966,-123.11934,0.0,1.9,Baseline,No forecast trigger,271.66,0.0,0.0
2026-10-01,CAN,Victoria,British Columbia,48.4359,-123.35155,0.071,0.65,Baseline,No forecast trigger,64.17,0.0,0.0
2026-10-01,CAN,Surrey,British Columbia,49.10635,-122.82509,0.008,1.45,Baseline,No forecast trigger,84.99,0.0,0.0
2026-10-01,CAN,Burnaby,British Columbia,49.26636,-122.95263,0.0,1.85,Baseline,No forecast trigger,73.67,0.0,0.0
2026-10-01,CAN,North Vancouver,British Columbia,49.31636,-123.06934,0.0,1.85,Baseline,No forecast trigger,55.17,0.0,0.0
2026-10-01,CAN,Headingley,Manitoba,49.8753,-97.40896,0.0,4.15,Baseline,No forecast trigger,2.4,0.0,0.0
2026-10-01,CAN,Winnipeg,Manitoba,49.8844,-97.14704,0.0,4.15,Baseline,No forecast trigger,13.26,0.0,0.0
2026-10-01,CAN,Brandon,Manitoba,49.84692,-99.95306,0.0,4.2,Baseline,No forecast trigger,0.0,0.0,0.0
2026-10-01,CAN,Steinbach,Manitoba,49.52579,-96.68451,0.0,4.2,Baseline,No forecast trigger,0.0,0.0,0.0
2026-10-01,CAN,Thompson,Manitoba,55.7435,-97.85579,0.035,2.45,Baseline,No forecast trigger,0.0,0.0,0.0
2026-10-01,CAN,Moncton,New Brunswick,46.09454,-64.7965,0.0,4.75,Baseline,No forecast trigger,4.27,0.0,0.0
2026-10-01,CAN,Saint John,New Brunswick,45.27076,-66.05616,0.0,4.85,Baseline,No forecast trigger,0.0,0.0,0.0
2026-10-01,CAN,Fredericton,New Brunswick,45.94541,-66.66558,0.0,4.75,Baseline,No forecast trigger,2.72,0.0,0.0
2026-10-01,CAN,Dieppe,New Brunswick,46.07844,-64.68735,0.0,4.75,Baseline,No forecast trigger,8.95,0.0,0.0
2026-10-01,CAN,Miramichi,New Brunswick,47.02895,-65.50186,0.0,4.5,Baseline,No forecast trigger,0.0,0.0,0.0
2026-10-01,CAN,St. John'S,Newfoundland And Labrador,47.56494,-52.70931,0.016,4.55,Baseline,No forecast trigger,2.87,0.0,0.0
2026-10-01,CAN,Mount Pearl,Newfoundland And Labrador,47.51659,-52.78135,0.039,4.5,Baseline,No forecast trigger,0.0,0.0,0.0
2026-10-01,CAN,Corner Brook,Newfoundland And Labrador,48.95001,-57.95202,0.0,4.4,Baseline,No forecast trigger,0.0,0.0,0.0
2026-10-01,CAN,Halifax,Nova Scotia,44.64269,-63.57688,0.016,4.85,Baseline,No forecast trigger,17.27,0.0,0.0
2026-10-01,CAN,Dartmouth,Nova Scotia,44.67134,-63.57719,0.016,4.85,Baseline,No forecast trigger,2.3000000000000003,0.0,0.0
2026-10-01,CAN,Sydney,Nova Scotia,46.1351,-60.1831,0.0,4.75,Baseline,No forecast trigger,0.0,0.0,0.0
2026-10-01,CAN,Truro,Nova Scotia,45.36685,-63.26538,0.0,4.8,Baseline,No forecast trigger,0.0,0.0,0.0
2026-10-01,CAN,New Glasgow,Nova Scotia,45.58344,-62.64863,0.0,4.75,Baseline,No forecast trigger,0.0,0.0,0.0
2026-10-01,CAN,Yellowknife,Northwest Territories,62.45411,-114.37248,0.0,2.15,Baseline,No forecast trigger,0.0,0.0,0.0
2026-10-01,CAN,Hay River,Northwest Territories,60.81555,-115.79993,0.02,2.4,Baseline,No forecast trigger,0.0,0.0,0.0
2026-10-01,CAN,Inuvik,Northwest Territories,68.36166,-133.72816,0.0,1.25,Baseline,No forecast trigger,0.0,0.0,0.0
2026-10-01,CAN,Fort Smith,Northwest Territories,60.00439,-111.88871,0.067,2.45,Baseline,No forecast trigger,0.0,0.0,0.0
2026-10-01,CAN,Behchokǫ̀,Northwest Territories,62.8025,-116.04639,0.0,2.15,Baseline,No forecast trigger,0.0,0.0,0.0
2026-10-01,CAN,Rankin Inlet,Nunavut,62.80906,-92.08534,0.039,2.1,Baseline,No forecast trigger,0.0,0.0,0.0
2026-10-01,CAN,Arviat,Nunavut,61.10883,-94.05848,0.004,1.1,Baseline,No forecast trigger,0.0,0.0,0.0
2026-10-01,CAN,Baker Lake,Nunavut,64.32009,-96.02123,0.004,1.7,Baseline,No forecast trigger,0.0,0.0,0.0
2026-10-01,CAN,Cambridge Bay,Nunavut,69.11489,-105.05484,0.0,1.2,Baseline,No forecast trigger,0.0,0.0,0.0
2026-10-01,CAN,Toronto,Ontario,43.70643,-79.39864,0.04,4.1,Baseline,No forecast trigger,355.27,0.0,0.0
2026-10-01,CAN,Kingston,Ontario,44.22976,-76.48098,0.109,3.85,Baseline,No forecast trigger,15.200000000000001,0.0,0.0
2026-10-01,CAN,Markham,Ontario,43.86682,-79.2663,0.086,3.8,Baseline,No forecast trigger,28.5,0.0,0.0
2026-10-01,CAN,Charlottetown,Prince Edward Island,46.23459,-63.1256,0.0,4.7,Baseline,No forecast trigger,0.0,0.0,0.0
2026-10-01,CAN,Summerside,Prince Edward Island,46.3912,-63.78869,0.0,4.7,Baseline,No forecast trigger,0.0,0.0,0.0
2026-10-01,CAN,Cornwall,Prince Edward Island,46.22652,-63.21809,0.0,4.7,Baseline,No forecast trigger,0.0,0.0,0.0
2026-10-01,CAN,Montague,Prince Edward Island,46.16681,-62.64866,0.0,4.7,Baseline,No forecast trigger,0.0,0.0,0.0
2026-10-01,CAN,Montreal,Quebec,45.50884,-73.58781,0.126,2.4,Baseline,No forecast trigger,70.45,0.0,0.0
2026-10-01,CAN,Dorval,Quebec,45.4473,-73.75335,0.118,2.55,Baseline,No forecast trigger,5.35,0.0,0.0
2026-10-01,CAN,Blainville,Quebec,45.66678,-73.88249,0.047,3.05,Baseline,No forecast trigger,7.81,0.0,0.0
2026-10-01,CAN,Brossard,Quebec,45.45008,-73.46583,0.098,2.65,Baseline,No forecast trigger,5.61,0.0,0.0
2026-10-01,CAN,Cote-Saint-Luc,Quebec,45.46536,-73.66585,0.118,2.55,Baseline,No forecast trigger,4.7700000000000005,0.0,0.0
2026-10-01,CAN,Saskatoon,Saskatchewan,52.13238,-106.66892,0.0,3.8,Baseline,No forecast trigger,12.18,0.0,0.0
2026-10-01,CAN,Yellow Grass,Saskatchewan,49.80006,-104.16781,0.0,4.25,Baseline,No forecast trigger,3.3,0.0,0.0
2026-10-01,CAN,Regina,Saskatchewan,50.45008,-104.6178,0.0,4.1,Baseline,No forecast trigger,2.59,0.0,0.0
2026-10-01,CAN,Prince Albert,Saskatchewan,53.20008,-105.76772,0.004,3.6,Baseline,No forecast trigger,0.0,0.0,0.0
2026-10-01,CAN,Moose Jaw,Saskatchewan,50.40005,-105.53445,0.0,4.15,Baseline,No forecast trigger,0.0,0.0,0.0
2026-10-01,CAN,Whitehorse,Yukon,60.71611,-135.05376,0.094,2.5,Baseline,No forecast trigger,0.0,0.0,0.0
2026-10-01,CAN,Dawson City,Yukon,64.06013,-139.43327,0.102,0.35,Baseline,No forecast trigger,0.0,0.0,0.0
2026-10-01,CAN,Watson Lake,Yukon,60.06349,-128.70892,0.063,1.9,Baseline,No forecast trigger,0.0,0.0,0.0
2026-10-01,CAN,Haines Junction,Yukon,60.75216,-137.51082,0.079,2.3,Baseline,No forecast trigger,0.0,0.0,0.0
2026-10-01,CAN,Mayo,Yukon,63.59274,-135.89984,0.039,0.4,Baseline,No forecast trigger,0.0,0.0,0.0
2026-10-01,US,Coeur D'Alene,Idaho,47.6777,-116.7805,0.0,2.85,Baseline,No forecast trigger,20.02,0.0,0.0
2026-10-01,US,Eagle Mountain,Utah,40.3144,-111.9849,0.0,6.1,Baseline,No forecast trigger,25.580000000000002,0.0,0.0
2026-10-01,US,Spokane,Washington,47.6569,-117.425,0.0,2.9,Baseline,No forecast trigger,186.72,0.0,0.0
2026-10-01,CAN,Grand Falls-Windsor,Newfoundland And Labrador,48.9332,-55.6649,0.0,4.2,Baseline,No forecast trigger,0.0,0.0,0.0
2026-10-01,CAN,Paradise,Newfoundland And Labrador,47.5333,-52.9667,0.051,4.55,Baseline,No forecast trigger,2.7,0.0,0.0
2026-10-01,CAN,Stratford,Prince Edward Island,46.2153,-63.0866,0.0,4.7,Baseline,No forecast trigger,0.0,0.0,0.0
2026-10-02,US,Houston,Texas,29.76328,-95.36327,0.866,6.35,Scale Umbrellas,Forecast rain 0.87 in ≥ 0.20 in,5346.01,16038.03,0.207444
2026-10-02,US,Chicago,Illinois,41.85003,-87.65005,0.472,5.1,Scale Umbrellas,Forecast rain 0.47 in ≥ 0.20 in,5673.47,13389.39,0.173185
2026-10-02,US,Austin,Texas,30.26715,-97.74306,0.476,4.95,Scale Umbrellas,Forecast rain 0.48 in ≥ 0.20 in,2988.3900000000003,7112.37,0.091995
2026-10-02,US,Dallas,Texas,32.78306,-96.80667,0.311,5.85,Scale Umbrellas,Forecast rain 0.31 in ≥ 0.20 in,2898.67,4507.43,0.058301
2026-10-02,US,San Antonio,Texas,29.42412,-98.49363,1.067,6.1,Scale Umbrellas,Forecast rain 1.07 in ≥ 0.20 in,1479.07,4437.21,0.057393
2026-10-02,US,Fort Worth,Texas,32.72541,-97.32085,0.756,5.85,Scale Umbrellas,Forecast rain 0.76 in ≥ 0.20 in,1206.6200000000001,3619.86,0.046821
2026-10-02,US,Boca Raton,Florida,26.35869,-80.0831,0.35,3.8,Scale Umbrellas,Forecast rain 0.35 in ≥ 0.20 in,1157.6399999999999,2025.87,0.026204
2026-10-02,US,Honolulu,Hawaii,21.30694,-157.85834,0.118,8.05,Sun Protection (Hats/Shirts),Forecast UV 8.1 ≥ 8,1610.55,1620.62,0.020962
2026-10-02,US,Naples,Florida,26.14234,-81.79596,0.22,6.65,Scale Umbrellas,Forecast rain 0.22 in ≥ 0.20 in,1471.19,1618.31,0.020932
2026-10-02,US,Ann Arbor,Michigan,42.27756,-83.74088,0.98,4.55,Scale Umbrellas,Forecast rain 0.98 in ≥ 0.20 in,531.72,1595.16,0.020633
2026-10-02,US,Birmingham,Alabama,33.52066,-86.80249,0.417,5.05,Scale Umbrellas,Forecast rain 0.42 in ≥ 0.20 in,717.32,1495.61,0.019345
2026-10-02,US,Plymouth,Michigan,42.37143,-83.47021,1.043,4.5,Scale Umbrellas,Forecast rain 1.04 in ≥ 0.20 in,442.88,1328.64,0.017185
2026-10-02,US,Madison,Alabama,34.69926,-86.74833,0.335,6.1,Scale Umbrellas,Forecast rain 0.34 in ≥ 0.20 in,792.59,1327.59,0.017172
2026-10-02,US,Columbus,Ohio,39.96118,-82.99879,0.205,1.3,Scale Umbrellas,Forecast rain 0.20 in ≥ 0.20 in,1196.1299999999999,1226.03,0.015858
2026-10-02,CAN,Toronto,Ontario,43.70643,-79.39864,0.996,2.3,Scale Umbrellas,Forecast rain 1.00 in ≥ 0.20 in,355.27,1065.81,0.013786
2026-10-02,US,Bloomfield Hills,Michigan,42.58364,-83.24549,1.028,4.45,Scale Umbrellas,Forecast rain 1.03 in ≥ 0.20 in,349.34999999999997,1048.05,0.013556
2026-10-02,US,Evanston,Illinois,42.04114,-87.69006,0.559,5.05,Scale Umbrellas,Forecast rain 0.56 in ≥ 0.20 in,342.7,957.85,0.012389
2026-10-02,US,Grand Rapids,Michigan,42.96336,-85.66809,0.327,4.9,Scale Umbrellas,Forecast rain 0.33 in ≥ 0.20 in,582.97,953.16,0.012329
2026-10-02,US,Naperville,Illinois,41.78586,-88.14729,0.319,5.1,Scale Umbrellas,Forecast rain 0.32 in ≥ 0.20 in,583.85,931.24,0.012045
2026-10-02,US,Wilmette,Illinois,42.07225,-87.72284,0.571,5.05,Scale Umbrellas,Forecast rain 0.57 in ≥ 0.20 in,317.19,905.58,0.011713
2026-10-02,US,New Orleans,Louisiana,29.95465,-90.07507,0.28,6.2,Scale Umbrellas,Forecast rain 0.28 in ≥ 0.20 in,621.88,870.63,0.011261
2026-10-02,US,Mobile,Alabama,30.69436,-88.04305,0.543,5.7,Scale Umbrellas,Forecast rain 0.54 in ≥ 0.20 in,313.08000000000004,850.01,0.010994
2026-10-02,US,Huntsville,Alabama,34.7304,-86.58594,0.228,6.25,Scale Umbrellas,Forecast rain 0.23 in ≥ 0.20 in,573.15,653.39,0.008451
2026-10-02,US,Fort Wayne,Indiana,41.1306,-85.12886,0.315,2.8,Scale Umbrellas,Forecast rain 0.32 in ≥ 0.20 in,393.86,620.33,0.008024
2026-10-02,US,Franklin,Tennessee,35.92506,-86.86889,0.205,5.8,Scale Umbrellas,Forecast rain 0.20 in ≥ 0.20 in,581.0400000000001,595.57,0.007703
2026-10-02,US,Lafayette,Louisiana,30.22409,-92.01984,0.236,6.95,Scale Umbrellas,Forecast rain 0.24 in ≥ 0.20 in,471.93,556.88,0.007203
2026-10-02,US,Macomb,Michigan,42.70087,-82.95909,1.028,4.45,Scale Umbrellas,Forecast rain 1.03 in ≥ 0.20 in,180.2,540.6,0.006992
2026-10-02,US,Fayetteville,Arkansas,36.06258,-94.15743,0.579,3.3,Scale Umbrellas,Forecast rain 0.58 in ≥ 0.20 in,181.82999999999998,526.4,0.006809
2026-10-02,US,Cleveland,Ohio,41.4995,-81.69541,0.335,0.7,Scale Umbrellas,Forecast rain 0.34 in ≥ 0.20 in,289.03,484.13,0.006262
2026-10-02,US,Downers Grove,Illinois,41.80892,-88.01117,0.327,5.1,Scale Umbrellas,Forecast rain 0.33 in ≥ 0.20 in,279.19,456.48,0.005904
2026-10-02,US,Metairie,Louisiana,29.98409,-90.15285,0.28,6.2,Scale Umbrellas,Forecast rain 0.28 in ≥ 0.20 in,288.17,403.44,0.005218
2026-10-02,US,Paducah,Kentucky,37.08339,-88.60005,0.48,1.0,Scale Umbrellas,Forecast rain 0.48 in ≥ 0.20 in,160.38,384.91,0.004979
2026-10-02,US,Bentonville,Arkansas,36.37285,-94.20882,0.252,4.8,Scale Umbrellas,Forecast rain 0.25 in ≥ 0.20 in,269.24,339.24,0.004388
2026-10-02,CAN,Ottawa,Ontario,45.41117,-75.69812,0.524,3.4,Scale Umbrellas,Forecast rain 0.52 in ≥ 0.20 in,115.72999999999999,303.21,0.003922
2026-10-02,US,Fairhope,Alabama,30.52297,-87.90333,0.311,6.8,Scale Umbrellas,Forecast rain 0.31 in ≥ 0.20 in,189.36,294.45,0.003809
2026-10-02,US,Rogers,Arkansas,36.33202,-94.11854,0.295,3.25,Scale Umbrellas,Forecast rain 0.29 in ≥ 0.20 in,197.76,291.7,0.003773
2026-10-02,US,Norman,Oklahoma,35.22257,-97.43948,0.213,4.4,Scale Umbrellas,Forecast rain 0.21 in ≥ 0.20 in,220.45,234.78,0.003037
2026-10-02,US,Kailua,Hawaii,21.40241,-157.74054,0.205,7.9,Scale Umbrellas,Forecast rain 0.20 in ≥ 0.20 in,223.49,229.08,0.002963
2026-10-02,CAN,Montreal,Quebec,45.50884,-73.58781,0.665,2.85,Scale Umbrellas,Forecast rain 0.67 in ≥ 0.20 in,70.45,211.35,0.002734
2026-10-02,US,Kaneohe,Hawaii,21.39994,-157.79895,0.205,8.05,Scale Umbrellas,Forecast rain 0.20 in ≥ 0.20 in,204.73,209.85,0.002714
2026-10-02,US,Mililani,Hawaii,21.4504,-158.01503,0.213,7.2,Scale Umbrellas,Forecast rain 0.21 in ≥ 0.20 in,172.35999999999999,183.56,0.002374
2026-10-02,US,Gulfport,Mississippi,30.36742,-89.09282,0.256,6.8,Scale Umbrellas,Forecast rain 0.26 in ≥ 0.20 in,125.63,160.81,0.00208
2026-10-02,US,Wheeling,West Virginia,40.06396,-80.72091,0.248,4.45,Scale Umbrellas,Forecast rain 0.25 in ≥ 0.20 in,110.49,137.01,0.001772
2026-10-02,US,Hattiesburg,Mississippi,31.32712,-89.29034,0.339,6.25,Scale Umbrellas,Forecast rain 0.34 in ≥ 0.20 in,69.27,117.41,0.001519
2026-10-02,CAN,Markham,Ontario,43.86682,-79.2663,0.972,2.3,Scale Umbrellas,Forecast rain 0.97 in ≥ 0.20 in,28.5,85.5,0.001106
2026-10-02,CAN,Guelph,Ontario,43.54594,-80.25599,0.866,2.15,Scale Umbrellas,Forecast rain 0.87 in ≥ 0.20 in,21.63,64.89,0.000839
2026-10-02,CAN,Watson Lake,Yukon,60.06349,-128.70892,0.709,2.45,Scale Umbrellas,Forecast rain 0.71 in ≥ 0.20 in,0.0,64.7,0.000837
2026-10-02,UK,Glasgow,Scotland,55.86515,-4.25763,0.378,2.9,Scale Umbrellas,Forecast rain 0.38 in ≥ 0.20 in,15.85,29.96,0.000388
2026-10-02,CAN,Kingston,Ontario,44.22976,-76.48098,0.335,1.55,Scale Umbrellas,Forecast rain 0.34 in ≥ 0.20 in,15.200000000000001,25.46,0.000329
2026-10-02,UK,Lisburn,Northern Ireland,54.52337,-6.03527,0.213,2.25,Scale Umbrellas,Forecast rain 0.21 in ≥ 0.20 in,0.0,22.97,0.000297
2026-10-02,CAN,Iqaluit,Nunavut,63.74697,-68.51727,0.213,1.0,Scale Umbrellas,Forecast rain 0.21 in ≥ 0.20 in,0.0,22.97,0.000297
2026-10-02,UK,Manchester,England,53.48095,-2.23743,0.299,1.0,Scale Umbrellas,Forecast rain 0.30 in ≥ 0.20 in,12.33,18.43,0.000238
2026-10-02,CAN,Blainville,Quebec,45.66678,-73.88249,0.453,2.6,Scale Umbrellas,Forecast rain 0.45 in ≥ 0.20 in,7.81,17.69,0.000229
2026-10-02,CAN,Brossard,Quebec,45.45008,-73.46583,0.724,1.0,Scale Umbrellas,Forecast rain 0.72 in ≥ 0.20 in,5.61,16.83,0.000218
2026-10-02,CAN,Dorval,Quebec,45.4473,-73.75335,0.654,3.05,Scale Umbrellas,Forecast rain 0.65 in ≥ 0.20 in,5.35,16.05,0.000208
2026-10-02,CAN,Cote-Saint-Luc,Quebec,45.46536,-73.66585,0.654,3.05,Scale Umbrellas,Forecast rain 0.65 in ≥ 0.20 in,4.7700000000000005,14.31,0.000185
2026-10-02,UK,Aberdare,Wales,51.71438,-3.44918,0.311,2.25,Scale Umbrellas,Forecast rain 0.31 in ≥ 0.20 in,5.9399999999999995,9.24,0.00012
2026-10-02,UK,Clarbeston Road,Wales,51.85139,-4.88056,0.736,3.2,Scale Umbrellas,Forecast rain 0.74 in ≥ 0.20 in,2.83,8.49,0.00011
2026-10-02,UK,Dunfermline,Scotland,56.07156,-3.45887,0.26,3.0,Scale Umbrellas,Forecast rain 0.26 in ≥ 0.20 in,6.300000000000001,8.19,0.000106
2026-10-02,UK,Swansea,Wales,51.6214,-3.9436,0.65,1.5,Scale Umbrellas,Forecast rain 0.65 in ≥ 0.20 in,2.66,7.98,0.000103
2026-10-02,UK,Port Talbot,Wales,51.59241,-3.78019,0.303,1.6,Scale Umbrellas,Forecast rain 0.30 in ≥ 0.20 in,3.26,4.94,6.4e-05
2026-10-02,UK,Barrhead,Scotland,55.79916,-4.39285,0.291,2.85,Scale Umbrellas,Forecast rain 0.29 in ≥ 0.20 in,3.2,4.66,6e-05
2026-10-02,UK,Llanidloes,Wales,52.44977,-3.53997,0.295,0.95,Scale Umbrellas,Forecast rain 0.29 in ≥ 0.20 in,2.6500000000000004,3.91,5.1e-05
2026-10-02,UK,Merthyr Tydfil,Wales,51.74794,-3.37779,0.205,2.25,Scale Umbrellas,Forecast rain 0.20 in ≥ 0.20 in,3.1,3.18,4.1e-05
2026-10-02,UK,Belfast,Northern Ireland,54.59682,-5.92541,0.201,2.4,Scale Umbrellas,Forecast rain 0.20 in ≥ 0.20 in,3.08,3.1,4e-05
2026-10-02,US,Anchorage,Alaska,61.21806,-149.90028,0.0,1.2,Baseline,No forecast trigger,147.56,0.0,0.0
2026-10-02,US,Fairbanks,Alaska,64.83778,-147.71638,0.0,1.65,Baseline,No forecast trigger,42.79,0.0,0.0
2026-10-02,US,Sitka,Alaska,57.05315,-135.33089,0.091,2.45,Baseline,No forecast trigger,30.84,0.0,0.0
2026-10-02,US,Cordova,Alaska,60.5432,-145.75867,0.0,2.35,Baseline,No forecast trigger,57.24,0.0,0.0
2026-10-02,US,Wasilla,Alaska,61.5809,-149.4415,0.0,0.8,Baseline,No forecast trigger,19.48,0.0,0.0
2026-10-02,US,Little Rock,Arkansas,34.74648,-92.28959,0.083,2.6,Baseline,No forecast trigger,493.72,0.0,0.0
2026-10-02,US,Jonesboro,Arkansas,35.8423,-90.70428,0.169,2.8,Baseline,No forecast trigger,181.6,0.0,0.0
2026-10-02,US,Phoenix,Arizona,33.44838,-112.07404,0.0,6.8,Baseline,No forecast trigger,886.63,0.0,0.0
2026-10-02,US,Tucson,Arizona,32.22174,-110.92648,0.0,7.1,Baseline,No forecast trigger,776.7,0.0,0.0
2026-10-02,US,Scottsdale,Arizona,33.50921,-111.89903,0.0,6.8,Baseline,No forecast trigger,721.34,0.0,0.0
2026-10-02,US,Gilbert,Arizona,33.35283,-111.78903,0.0,6.85,Baseline,No forecast trigger,258.89,0.0,0.0
2026-10-02,US,Mesa,Arizona,33.42227,-111.82264,0.0,6.8,Baseline,No forecast trigger,266.38,0.0,0.0
2026-10-02,US,Los Angeles,California,34.05223,-118.24368,0.0,6.6,Baseline,No forecast trigger,4672.68,0.0,0.0
2026-10-02,US,San Francisco,California,37.77493,-122.41942,0.0,6.0,Baseline,No forecast trigger,4813.09,0.0,0.0
2026-10-02,US,San Diego,California,32.71571,-117.16472,0.0,6.75,Baseline,No forecast trigger,2386.1600000000003,0.0,0.0
2026-10-02,US,San Jose,California,37.33939,-121.89496,0.0,5.75,Baseline,No forecast trigger,1891.11,0.0,0.0
2026-10-02,US,Oakland,California,37.80437,-122.2708,0.0,5.9,Baseline,No forecast trigger,1290.01,0.0,0.0
2026-10-02,US,Denver,Colorado,39.73915,-104.9847,0.0,6.1,Baseline,No forecast trigger,1084.28,0.0,0.0
2026-10-02,US,Colorado Springs,Colorado,38.83388,-104.82136,0.0,6.35,Baseline,No forecast trigger,560.03,0.0,0.0
2026-10-02,US,Littleton,Colorado,39.61332,-105.01665,0.0,6.15,Baseline,No forecast trigger,314.51,0.0,0.0
2026-10-02,US,Aurora,Colorado,39.72943,-104.83192,0.0,6.15,Baseline,No forecast trigger,258.96,0.0,0.0
2026-10-02,US,Fort Collins,Colorado,40.58526,-105.08442,0.0,6.0,Baseline,No forecast trigger,268.81,0.0,0.0
2026-10-02,US,Norwalk,Connecticut,41.1176,-73.4079,0.071,5.4,Baseline,No forecast trigger,262.88,0.0,0.0
2026-10-02,US,Greenwich,Connecticut,41.02649,-73.62846,0.083,5.4,Baseline,No forecast trigger,814.0,0.0,0.0
2026-10-02,US,Stamford,Connecticut,41.05343,-73.53873,0.083,5.4,Baseline,No forecast trigger,312.91,0.0,0.0
2026-10-02,US,Fairfield,Connecticut,41.14121,-73.26373,0.087,5.4,Baseline,No forecast trigger,300.54,0.0,0.0
2026-10-02,US,New Canaan,Connecticut,41.14676,-73.49484,0.087,5.4,Baseline,No forecast trigger,321.95,0.0,0.0
2026-10-02,US,Wilmington,Delaware,39.74595,-75.54659,0.083,5.5,Baseline,No forecast trigger,1140.94,0.0,0.0
2026-10-02,US,New Castle,Delaware,39.65948,-75.56359,0.043,5.55,Baseline,No forecast trigger,190.71,0.0,0.0
2026-10-02,US,Lewes,Delaware,38.77456,-75.13935,0.0,5.7,Baseline,No forecast trigger,177.47,0.0,0.0
2026-10-02,US,Newark,Delaware,39.68372,-75.74966,0.039,5.55,Baseline,No forecast trigger,206.69,0.0,0.0
2026-10-02,US,Middletown,Delaware,39.44956,-75.71632,0.055,5.55,Baseline,No forecast trigger,92.73,0.0,0.0
2026-10-02,US,Miami,Florida,25.77427,-80.19366,0.106,6.45,Baseline,No forecast trigger,5223.5,0.0,0.0
2026-10-02,US,Orlando,Florida,28.53834,-81.37924,0.15,6.1,Baseline,No forecast trigger,1883.09,0.0,0.0
2026-10-02,US,Tampa,Florida,27.94752,-82.45843,0.083,5.0,Baseline,No forecast trigger,1342.3799999999999,0.0,0.0
2026-10-02,US,Atlanta,Georgia,33.749,-84.38798,0.02,6.35,Baseline,No forecast trigger,2321.8900000000003,0.0,0.0
2026-10-02,US,Marietta,Georgia,33.9526,-84.54993,0.043,6.2,Baseline,No forecast trigger,1085.94,0.0,0.0
2026-10-02,US,Savannah,Georgia,32.08354,-81.09983,0.0,5.95,Baseline,No forecast trigger,617.49,0.0,0.0
2026-10-02,US,Alpharetta,Georgia,34.07538,-84.29409,0.043,6.45,Baseline,No forecast trigger,510.98,0.0,0.0
2026-10-02,US,Decatur,Georgia,33.77483,-84.29631,0.02,6.5,Baseline,No forecast trigger,385.13,0.0,0.0
2026-10-02,US,Ewa Beach,Hawaii,21.31556,-158.00722,0.134,7.55,Baseline,No forecast trigger,318.9,0.0,0.0
2026-10-02,US,Cedar Rapids,Iowa,42.00833,-91.64407,0.0,5.15,Baseline,No forecast trigger,191.83,0.0,0.0
2026-10-02,US,Iowa City,Iowa,41.66113,-91.53017,0.039,5.2,Baseline,No forecast trigger,140.3,0.0,0.0
2026-10-02,US,Des Moines,Iowa,41.60054,-93.60911,0.0,5.3,Baseline,No forecast trigger,131.38,0.0,0.0
2026-10-02,US,Ames,Iowa,42.03471,-93.61994,0.0,5.25,Baseline,No forecast trigger,92.36,0.0,0.0
2026-10-02,US,West Des Moines,Iowa,41.57721,-93.71133,0.0,5.3,Baseline,No forecast trigger,106.61999999999999,0.0,0.0
2026-10-02,US,Boise,Idaho,43.6135,-116.20345,0.0,5.0,Baseline,No forecast trigger,320.84000000000003,0.0,0.0
2026-10-02,US,Meridian,Idaho,43.61211,-116.39151,0.0,5.0,Baseline,No forecast trigger,190.19,0.0,0.0
2026-10-02,US,Eagle,Idaho,43.69544,-116.35401,0.0,5.0,Baseline,No forecast trigger,87.22,0.0,0.0
2026-10-02,US,Kuna,Idaho,43.49183,-116.42012,0.0,5.1,Baseline,No forecast trigger,146.76,0.0,0.0
2026-10-02,US,Indianapolis,Indiana,39.76838,-86.15804,0.091,0.9,Baseline,No forecast trigger,929.67,0.0,0.0
2026-10-02,US,Carmel,Indiana,39.97837,-86.11804,0.114,2.1,Baseline,No forecast trigger,523.33,0.0,0.0
2026-10-02,US,Bloomington,Indiana,39.16533,-86.52639,0.15,2.6,Baseline,No forecast trigger,283.25,0.0,0.0
2026-10-02,US,West Lafayette,Indiana,40.42587,-86.90807,0.161,3.05,Baseline,No forecast trigger,176.75,0.0,0.0
2026-10-02,US,Wichita,Kansas,37.69224,-97.33754,0.012,1.05,Baseline,No forecast trigger,448.71,0.0,0.0
2026-10-02,US,Overland Park,Kansas,38.98223,-94.67079,0.008,4.45,Baseline,No forecast trigger,418.71,0.0,0.0
2026-10-02,US,Olathe,Kansas,38.8814,-94.81913,0.02,4.6,Baseline,No forecast trigger,223.28,0.0,0.0
2026-10-02,US,Lawrence,Kansas,38.97167,-95.23525,0.0,5.4,Baseline,No forecast trigger,135.29,0.0,0.0
2026-10-02,US,Leawood,Kansas,38.96667,-94.6169,0.012,4.25,Baseline,No forecast trigger,124.37,0.0,0.0
2026-10-02,US,Louisville,Kentucky,38.25424,-85.75941,0.106,0.85,Baseline,No forecast trigger,1012.77,0.0,0.0
2026-10-02,US,Lexington,Kentucky,37.98869,-84.47772,0.051,5.5,Baseline,No forecast trigger,698.16,0.0,0.0
2026-10-02,US,Bowling Green,Kentucky,36.99032,-86.4436,0.102,5.65,Baseline,No forecast trigger,131.9,0.0,0.0
2026-10-02,US,Middlesboro,Kentucky,36.60842,-83.71658,0.051,5.9,Baseline,No forecast trigger,43.95,0.0,0.0
2026-10-02,US,Baton Rouge,Louisiana,30.44332,-91.18747,0.067,6.95,Baseline,No forecast trigger,804.9499999999999,0.0,0.0
2026-10-02,US,Shreveport,Louisiana,32.52515,-93.75018,0.122,5.1,Baseline,No forecast trigger,560.43,0.0,0.0
2026-10-02,US,Reading,Massachusetts,42.52565,-71.09533,0.051,5.1,Baseline,No forecast trigger,1833.74,0.0,0.0
2026-10-02,US,Boston,Massachusetts,42.35843,-71.05977,0.039,5.1,Baseline,No forecast trigger,1916.95,0.0,0.0
2026-10-02,US,Cambridge,Massachusetts,42.3751,-71.10561,0.031,5.15,Baseline,No forecast trigger,688.7,0.0,0.0
2026-10-02,US,Berkley,Massachusetts,41.84593,-71.08282,0.008,5.25,Baseline,No forecast trigger,201.49,0.0,0.0
2026-10-02,US,Somerville,Massachusetts,42.3876,-71.0995,0.031,5.15,Baseline,No forecast trigger,352.11,0.0,0.0
2026-10-02,US,Baltimore,Maryland,39.29038,-76.61219,0.008,5.6,Baseline,No forecast trigger,716.91,0.0,0.0
2026-10-02,US,Bethesda,Maryland,38.98067,-77.10026,0.02,5.65,Baseline,No forecast trigger,749.47,0.0,0.0
2026-10-02,US,Silver Spring,Maryland,38.99067,-77.02609,0.012,5.65,Baseline,No forecast trigger,424.96,0.0,0.0
2026-10-02,US,Rockville,Maryland,39.084,-77.15276,0.02,5.6,Baseline,No forecast trigger,396.81,0.0,0.0
2026-10-02,US,Annapolis,Maryland,38.97859,-76.49184,0.008,5.65,Baseline,No forecast trigger,373.24,0.0,0.0
2026-10-02,US,Portland,Maine,43.65737,-70.2589,0.012,5.0,Baseline,No forecast trigger,2148.29,0.0,0.0
2026-10-02,US,Scarborough,Maine,43.57814,-70.32172,0.012,5.0,Baseline,No forecast trigger,116.28,0.0,0.0
2026-10-02,US,Falmouth,Maine,43.72953,-70.24199,0.004,5.1,Baseline,No forecast trigger,80.34,0.0,0.0
2026-10-02,US,Bangor,Maine,44.79884,-68.77265,0.031,4.65,Baseline,No forecast trigger,57.54,0.0,0.0
2026-10-02,US,Eliot,Maine,43.15314,-70.80006,0.008,5.05,Baseline,No forecast trigger,45.09,0.0,0.0
2026-10-02,US,Minneapolis,Minnesota,44.97997,-93.26384,0.0,4.05,Baseline,No forecast trigger,1008.53,0.0,0.0
2026-10-02,US,Saint Paul,Minnesota,44.94441,-93.09327,0.0,3.95,Baseline,No forecast trigger,508.1,0.0,0.0
2026-10-02,US,Plymouth,Minnesota,45.01052,-93.45551,0.0,4.25,Baseline,No forecast trigger,442.88,0.0,0.0
2026-10-02,US,Minnetonka,Minnesota,44.9133,-93.50329,0.0,4.25,Baseline,No forecast trigger,129.98,0.0,0.0
2026-10-02,US,Eden Prairie,Minnesota,44.85469,-93.47079,0.0,4.5,Baseline,No forecast trigger,158.16,0.0,0.0
2026-10-02,US,Saint Louis,Missouri,38.65174,-90.20525,0.067,2.1,Baseline,No forecast trigger,971.51,0.0,0.0
2026-10-02,US,Kansas City,Missouri,39.09973,-94.57857,0.012,5.05,Baseline,No forecast trigger,569.2,0.0,0.0
2026-10-02,US,Chesterfield,Missouri,38.66311,-90.57707,0.016,1.95,Baseline,No forecast trigger,297.32,0.0,0.0
2026-10-02,US,Saint Charles,Missouri,38.78394,-90.48123,0.024,1.75,Baseline,No forecast trigger,215.67999999999998,0.0,0.0
2026-10-02,US,Springfield,Missouri,37.21533,-93.29824,0.039,3.45,Baseline,No forecast trigger,218.38,0.0,0.0
2026-10-02,US,Madison,Mississippi,32.46181,-90.11536,0.031,6.6,Baseline,No forecast trigger,792.59,0.0,0.0
2026-10-02,US,Jackson,Mississippi,32.29876,-90.18481,0.0,6.6,Baseline,No forecast trigger,77.13,0.0,0.0
2026-10-02,US,Southaven,Mississippi,34.98898,-90.01259,0.157,6.1,Baseline,No forecast trigger,81.25,0.0,0.0
2026-10-02,US,Bozeman,Montana,45.67965,-111.03856,0.0,4.8,Baseline,No forecast trigger,95.10000000000001,0.0,0.0
2026-10-02,US,Billings,Montana,45.78329,-108.50069,0.0,5.0,Baseline,No forecast trigger,122.97999999999999,0.0,0.0
2026-10-02,US,Great Falls,Montana,47.50024,-111.30081,0.012,4.3,Baseline,No forecast trigger,56.92,0.0,0.0
2026-10-02,US,Missoula,Montana,46.87215,-113.994,0.0,4.55,Baseline,No forecast trigger,54.42,0.0,0.0
2026-10-02,US,Kalispell,Montana,48.19579,-114.31291,0.126,1.7,Baseline,No forecast trigger,69.74,0.0,0.0
2026-10-02,US,Charlotte,North Carolina,35.22709,-80.84313,0.0,6.05,Baseline,No forecast trigger,2037.75,0.0,0.0
2026-10-02,US,Raleigh,North Carolina,35.7721,-78.63861,0.0,6.15,Baseline,No forecast trigger,1298.0,0.0,0.0
2026-10-02,US,Durham,North Carolina,35.99403,-78.89862,0.0,6.1,Baseline,No forecast trigger,430.65,0.0,0.0
2026-10-02,US,Wilmington,North Carolina,34.23556,-77.94604,0.012,6.25,Baseline,No forecast trigger,1140.94,0.0,0.0
2026-10-02,US,Chapel Hill,North Carolina,35.9132,-79.05584,0.0,6.1,Baseline,No forecast trigger,451.88,0.0,0.0
2026-10-02,US,Fargo,North Dakota,46.87719,-96.7898,0.0,3.95,Baseline,No forecast trigger,126.84,0.0,0.0
2026-10-02,US,West Fargo,North Dakota,46.87497,-96.90036,0.0,3.95,Baseline,No forecast trigger,76.10000000000001,0.0,0.0
2026-10-02,US,Bismarck,North Dakota,46.80833,-100.78374,0.024,1.6,Baseline,No forecast trigger,53.26,0.0,0.0
2026-10-02,US,Dickinson,North Dakota,46.87918,-102.78962,0.004,1.55,Baseline,No forecast trigger,50.58,0.0,0.0
2026-10-02,US,Grand Forks,North Dakota,47.92526,-97.03285,0.0,4.35,Baseline,No forecast trigger,17.33,0.0,0.0
2026-10-02,US,Omaha,Nebraska,41.25626,-95.94043,0.0,5.45,Baseline,No forecast trigger,448.37,0.0,0.0
2026-10-02,US,Lincoln,Nebraska,40.8,-96.66696,0.0,5.55,Baseline,No forecast trigger,203.64000000000001,0.0,0.0
2026-10-02,US,Elkhorn,Nebraska,41.345,-96.256,0.0,5.5,Baseline,No forecast trigger,113.06,0.0,0.0
2026-10-02,US,Bellevue,Nebraska,41.13667,-95.89084,0.0,5.5,Baseline,No forecast trigger,571.83,0.0,0.0
2026-10-02,US,Papillion,Nebraska,41.15444,-96.04224,0.0,5.5,Baseline,No forecast trigger,71.71000000000001,0.0,0.0
2026-10-02,US,Manchester,New Hampshire,42.99564,-71.45479,0.008,4.9,Baseline,No forecast trigger,163.22,0.0,0.0
2026-10-02,US,Nashua,New Hampshire,42.76537,-71.46757,0.008,5.05,Baseline,No forecast trigger,165.9,0.0,0.0
2026-10-02,US,Hampton,New Hampshire,42.93759,-70.83894,0.028,5.05,Baseline,No forecast trigger,112.68,0.0,0.0
2026-10-02,US,Portsmouth,New Hampshire,43.07704,-70.75766,0.024,5.05,Baseline,No forecast trigger,99.81,0.0,0.0
2026-10-02,US,Exeter,New Hampshire,42.98148,-70.94783,0.024,5.0,Baseline,No forecast trigger,72.16,0.0,0.0
2026-10-02,US,Jersey City,New Jersey,40.72816,-74.07764,0.075,5.45,Baseline,No forecast trigger,1131.21,0.0,0.0
2026-10-02,US,Hoboken,New Jersey,40.74399,-74.03236,0.075,5.45,Baseline,No forecast trigger,584.46,0.0,0.0
2026-10-02,US,Morristown,New Jersey,40.79677,-74.48154,0.063,5.4,Baseline,No forecast trigger,391.5,0.0,0.0
2026-10-02,US,Westfield,New Jersey,40.65899,-74.34737,0.063,5.4,Baseline,No forecast trigger,358.62,0.0,0.0
2026-10-02,US,Princeton,New Jersey,40.34872,-74.65905,0.047,5.45,Baseline,No forecast trigger,291.97,0.0,0.0
2026-10-02,US,Albuquerque,New Mexico,35.08449,-106.65114,0.0,6.7,Baseline,No forecast trigger,600.62,0.0,0.0
2026-10-02,US,Santa Fe,New Mexico,35.68698,-105.9378,0.0,6.7,Baseline,No forecast trigger,196.16,0.0,0.0
2026-10-02,US,Las Cruces,New Mexico,32.31232,-106.77834,0.0,6.95,Baseline,No forecast trigger,137.95,0.0,0.0
2026-10-02,US,Tijeras,New Mexico,35.08088,-106.38808,0.0,6.7,Baseline,No forecast trigger,55.67,0.0,0.0
2026-10-02,US,Los Alamos,New Mexico,35.88808,-106.30697,0.0,6.65,Baseline,No forecast trigger,62.35,0.0,0.0
2026-10-02,US,Henderson,Nevada,36.0397,-114.98194,0.0,6.3,Baseline,No forecast trigger,427.53000000000003,0.0,0.0
2026-10-02,US,Las Vegas,Nevada,36.17497,-115.13722,0.0,6.55,Baseline,No forecast trigger,1162.12,0.0,0.0
2026-10-02,US,Reno,Nevada,39.52963,-119.8138,0.0,5.4,Baseline,No forecast trigger,381.45,0.0,0.0
2026-10-02,US,Carson City,Nevada,39.1638,-119.7674,0.0,5.95,Baseline,No forecast trigger,42.79,0.0,0.0
2026-10-02,US,North Las Vegas,Nevada,36.19886,-115.1175,0.0,6.55,Baseline,No forecast trigger,40.589999999999996,0.0,0.0
2026-10-02,US,New York,New York,40.71427,-74.00597,0.075,5.45,Baseline,No forecast trigger,15059.880000000001,0.0,0.0
2026-10-02,US,Brooklyn,New York,40.6501,-73.94958,0.055,5.5,Baseline,No forecast trigger,7550.5599999999995,0.0,0.0
2026-10-02,US,Bronx,New York,40.84985,-73.86641,0.087,5.45,Baseline,No forecast trigger,874.54,0.0,0.0
2026-10-02,US,Staten Island,New York,40.56233,-74.13986,0.047,5.45,Baseline,No forecast trigger,959.27,0.0,0.0
2026-10-02,US,Astoria,New York,40.77205,-73.93014,0.079,5.45,Baseline,No forecast trigger,526.69,0.0,0.0
2026-10-02,US,Cincinnati,Ohio,39.12711,-84.51439,0.197,0.9,Baseline,No forecast trigger,1433.23,0.0,0.0
2026-10-02,US,Dayton,Ohio,39.75895,-84.19161,0.138,1.45,Baseline,No forecast trigger,456.67,0.0,0.0
2026-10-02,US,Dublin,Ohio,40.09923,-83.11408,0.094,1.65,Baseline,No forecast trigger,314.94,0.0,0.0
2026-10-02,US,Edmond,Oklahoma,35.65283,-97.4781,0.075,1.75,Baseline,No forecast trigger,733.89,0.0,0.0
2026-10-02,US,Tulsa,Oklahoma,36.15398,-95.99277,0.02,3.55,Baseline,No forecast trigger,869.0,0.0,0.0
2026-10-02,US,Oklahoma City,Oklahoma,35.46756,-97.51643,0.126,2.5,Baseline,No forecast trigger,443.71999999999997,0.0,0.0
2026-10-02,US,Broken Arrow,Oklahoma,36.0526,-95.79082,0.031,3.55,Baseline,No forecast trigger,170.9,0.0,0.0
2026-10-02,US,Portland,Oregon,45.52345,-122.67621,0.0,4.7,Baseline,No forecast trigger,2148.29,0.0,0.0
2026-10-02,US,Lake Oswego,Oregon,45.42067,-122.67065,0.0,4.7,Baseline,No forecast trigger,348.06,0.0,0.0
2026-10-02,US,Beaverton,Oregon,45.48706,-122.80371,0.0,4.7,Baseline,No forecast trigger,233.05,0.0,0.0
2026-10-02,US,Eugene,Oregon,44.05207,-123.08675,0.0,4.95,Baseline,No forecast trigger,247.76,0.0,0.0
2026-10-02,US,Salem,Oregon,44.9429,-123.0351,0.0,4.85,Baseline,No forecast trigger,203.3,0.0,0.0
2026-10-02,US,Philadelphia,Pennsylvania,39.95238,-75.16362,0.035,5.3,Baseline,No forecast trigger,2106.57,0.0,0.0
2026-10-02,US,Pittsburgh,Pennsylvania,40.44062,-79.99589,0.165,4.05,Baseline,No forecast trigger,1310.97,0.0,0.0
2026-10-02,US,Lancaster,Pennsylvania,40.03788,-76.30551,0.067,5.4,Baseline,No forecast trigger,348.75,0.0,0.0
2026-10-02,US,West Chester,Pennsylvania,39.96097,-75.60804,0.075,5.25,Baseline,No forecast trigger,338.35,0.0,0.0
2026-10-02,US,Doylestown,Pennsylvania,40.31011,-75.12989,0.079,5.2,Baseline,No forecast trigger,312.63,0.0,0.0
2026-10-02,US,Providence,Rhode Island,41.82399,-71.41283,0.008,5.25,Baseline,No forecast trigger,285.02,0.0,0.0
2026-10-02,US,Barrington,Rhode Island,41.74066,-71.30866,0.016,5.25,Baseline,No forecast trigger,151.94,0.0,0.0
2026-10-02,US,Cranston,Rhode Island,41.77982,-71.43728,0.012,5.35,Baseline,No forecast trigger,80.37,0.0,0.0
2026-10-02,US,Warwick,Rhode Island,41.7001,-71.41617,0.016,5.25,Baseline,No forecast trigger,90.69000000000001,0.0,0.0
2026-10-02,US,East Greenwich,Rhode Island,41.66038,-71.45589,0.016,5.35,Baseline,No forecast trigger,71.36,0.0,0.0
2026-10-02,US,Greenville,South Carolina,34.85262,-82.39401,0.0,6.35,Baseline,No forecast trigger,692.64,0.0,0.0
2026-10-02,US,Charleston,South Carolina,32.77632,-79.93275,0.055,5.85,Baseline,No forecast trigger,702.72,0.0,0.0
2026-10-02,US,Mount Pleasant,South Carolina,32.79407,-79.86259,0.055,5.85,Baseline,No forecast trigger,407.3,0.0,0.0
2026-10-02,US,Columbia,South Carolina,34.00071,-81.03481,0.0,6.15,Baseline,No forecast trigger,444.65000000000003,0.0,0.0
2026-10-02,US,Myrtle Beach,South Carolina,33.68906,-78.88669,0.051,6.3,Baseline,No forecast trigger,475.21999999999997,0.0,0.0
2026-10-02,US,Sioux Falls,South Dakota,43.54997,-96.70033,0.0,5.1,Baseline,No forecast trigger,117.28,0.0,0.0
2026-10-02,US,Rapid City,South Dakota,44.08054,-103.23101,0.004,5.3,Baseline,No forecast trigger,61.57,0.0,0.0
2026-10-02,US,Lennox,South Dakota,43.35415,-96.892,0.0,5.2,Baseline,No forecast trigger,35.589999999999996,0.0,0.0
2026-10-02,US,Madison,South Dakota,44.00608,-97.11395,0.035,2.55,Baseline,No forecast trigger,792.59,0.0,0.0
2026-10-02,US,Aberdeen,South Dakota,45.4647,-98.48648,0.091,1.45,Baseline,No forecast trigger,16.51,0.0,0.0
2026-10-02,US,Nashville,Tennessee,36.16589,-86.78444,0.091,5.5,Baseline,No forecast trigger,1367.7,0.0,0.0
2026-10-02,US,Knoxville,Tennessee,35.96064,-83.92074,0.122,6.0,Baseline,No forecast trigger,796.52,0.0,0.0
2026-10-02,US,Memphis,Tennessee,35.14953,-90.04898,0.197,5.75,Baseline,No forecast trigger,618.09,0.0,0.0
2026-10-02,US,Chattanooga,Tennessee,35.04563,-85.30968,0.067,6.1,Baseline,No forecast trigger,354.65000000000003,0.0,0.0
2026-10-02,US,Salt Lake City,Utah,40.76078,-111.89105,0.0,5.7,Baseline,No forecast trigger,325.87,0.0,0.0
2026-10-02,US,South Jordan,Utah,40.56217,-111.92966,0.0,5.75,Baseline,No forecast trigger,175.77,0.0,0.0
2026-10-02,US,Park City,Utah,40.64606,-111.49797,0.0,5.85,Baseline,No forecast trigger,140.23,0.0,0.0
2026-10-02,US,Sandy,Utah,40.59161,-111.8841,0.0,5.75,Baseline,No forecast trigger,113.27,0.0,0.0
2026-10-02,US,Alexandria,Virginia,38.80484,-77.04692,0.012,5.65,Baseline,No forecast trigger,1635.43,0.0,0.0
2026-10-02,US,Arlington,Virginia,38.88101,-77.10428,0.028,5.65,Baseline,No forecast trigger,1174.14,0.0,0.0
2026-10-02,US,Virginia Beach,Virginia,36.85293,-75.97799,0.0,6.0,Baseline,No forecast trigger,922.99,0.0,0.0
2026-10-02,US,Richmond,Virginia,37.55376,-77.46026,0.0,5.85,Baseline,No forecast trigger,908.02,0.0,0.0
2026-10-02,US,Fairfax,Virginia,38.84622,-77.30637,0.004,5.65,Baseline,No forecast trigger,566.71,0.0,0.0
2026-10-02,US,Burlington,Vermont,44.47588,-73.21207,0.185,0.7,Baseline,No forecast trigger,70.22,0.0,0.0
2026-10-02,US,Essex Junction,Vermont,44.49061,-73.11096,0.185,0.7,Baseline,No forecast trigger,46.56,0.0,0.0
2026-10-02,US,Hyde Park,Vermont,44.59394,-72.61651,0.15,0.8,Baseline,No forecast trigger,39.81,0.0,0.0
2026-10-02,US,South Burlington,Vermont,44.46699,-73.17096,0.185,0.7,Baseline,No forecast trigger,89.83,0.0,0.0
2026-10-02,US,Stowe,Vermont,44.46533,-72.68456,0.142,3.5,Baseline,No forecast trigger,62.660000000000004,0.0,0.0
2026-10-02,US,Seattle,Washington,47.60621,-122.33207,0.0,1.45,Baseline,No forecast trigger,2971.65,0.0,0.0
2026-10-02,US,Bellevue,Washington,47.61038,-122.20068,0.004,1.2,Baseline,No forecast trigger,571.83,0.0,0.0
2026-10-02,US,Vancouver,Washington,45.63873,-122.66149,0.0,4.65,Baseline,No forecast trigger,525.01,0.0,0.0
2026-10-02,US,Tacoma,Washington,47.25288,-122.44429,0.004,1.4,Baseline,No forecast trigger,431.4,0.0,0.0
2026-10-02,US,Milwaukee,Wisconsin,43.0389,-87.90647,0.028,4.05,Baseline,No forecast trigger,501.74,0.0,0.0
2026-10-02,US,Madison,Wisconsin,43.07305,-89.40123,0.0,4.8,Baseline,No forecast trigger,792.59,0.0,0.0
2026-10-02,US,Waukesha,Wisconsin,43.01168,-88.23148,0.004,4.3,Baseline,No forecast trigger,127.14,0.0,0.0
2026-10-02,US,Whitefish Bay,Wisconsin,43.11334,-87.90009,0.008,4.2,Baseline,No forecast trigger,129.47,0.0,0.0
2026-10-02,US,Appleton,Wisconsin,44.26193,-88.41538,0.0,4.3,Baseline,No forecast trigger,117.31,0.0,0.0
2026-10-02,US,Morgantown,West Virginia,39.62953,-79.9559,0.118,5.5,Baseline,No forecast trigger,196.82,0.0,0.0
2026-10-02,US,Huntington,West Virginia,38.41925,-82.44515,0.094,5.5,Baseline,No forecast trigger,96.22,0.0,0.0
2026-10-02,US,Charleston,West Virginia,38.34982,-81.63262,0.157,5.55,Baseline,No forecast trigger,702.72,0.0,0.0
2026-10-02,US,Hurricane,West Virginia,38.43259,-82.02014,0.122,5.5,Baseline,No forecast trigger,50.01,0.0,0.0
2026-10-02,US,Cheyenne,Wyoming,41.13998,-104.82025,0.0,6.0,Baseline,No forecast trigger,97.29,0.0,0.0
2026-10-02,US,Sheridan,Wyoming,44.79719,-106.95618,0.0,5.2,Baseline,No forecast trigger,79.39999999999999,0.0,0.0
2026-10-02,US,Rock Springs,Wyoming,41.58746,-109.2029,0.0,5.95,Baseline,No forecast trigger,63.05,0.0,0.0
2026-10-02,US,Cody,Wyoming,44.52634,-109.05653,0.0,5.45,Baseline,No forecast trigger,26.89,0.0,0.0
2026-10-02,US,Casper,Wyoming,42.86663,-106.31308,0.0,5.7,Baseline,No forecast trigger,20.36,0.0,0.0
2026-10-02,US,Washington,District Of Columbia,38.89511,-77.03637,0.012,5.65,Baseline,No forecast trigger,3398.3399999999997,0.0,0.0
2026-10-02,UK,London,England,51.50853,-0.12574,0.0,3.35,Baseline,No forecast trigger,333.68,0.0,0.0
2026-10-02,UK,Bristol,England,51.45523,-2.59665,0.012,2.8,Baseline,No forecast trigger,44.980000000000004,0.0,0.0
2026-10-02,UK,Sheffield,England,53.38297,-1.4659,0.059,1.25,Baseline,No forecast trigger,19.35,0.0,0.0
2026-10-02,UK,Swindon,England,51.55797,-1.78116,0.0,3.25,Baseline,No forecast trigger,23.59,0.0,0.0
2026-10-02,UK,Birmingham,England,52.48142,-1.89983,0.047,3.5,Baseline,No forecast trigger,12.91,0.0,0.0
2026-10-02,UK,Brighton,England,50.82838,-0.13947,0.0,3.4,Baseline,No forecast trigger,10.48,0.0,0.0
2026-10-02,UK,Hove,England,50.83088,-0.1672,0.0,3.4,Baseline,No forecast trigger,12.92,0.0,0.0
2026-10-02,UK,Edinburgh,Scotland,55.95206,-3.19648,0.165,2.95,Baseline,No forecast trigger,12.5,0.0,0.0
2026-10-02,UK,Aberdeen,Scotland,57.14369,-2.09814,0.035,2.75,Baseline,No forecast trigger,6.25,0.0,0.0
2026-10-02,UK,Aboyne,Scotland,57.07546,-2.78023,0.024,2.4,Baseline,No forecast trigger,2.43,0.0,0.0
2026-10-02,UK,Balerno,Scotland,55.88437,-3.33975,0.118,3.0,Baseline,No forecast trigger,2.94,0.0,0.0
2026-10-02,UK,Banchory,Scotland,57.05168,-2.48824,0.035,2.4,Baseline,No forecast trigger,3.8200000000000003,0.0,0.0
2026-10-02,UK,Cardiff,Wales,51.48,-3.18,0.047,2.1,Baseline,No forecast trigger,8.45,0.0,0.0
2026-10-02,UK,Cwmbran,Wales,51.65446,-3.02281,0.012,2.3,Baseline,No forecast trigger,2.79,0.0,0.0
2026-10-02,UK,Newry,Northern Ireland,54.17841,-6.33739,0.185,2.3,Baseline,No forecast trigger,5.859999999999999,0.0,0.0
2026-10-02,UK,Craigavon,Northern Ireland,54.44709,-6.387,0.181,2.55,Baseline,No forecast trigger,2.81,0.0,0.0
2026-10-02,UK,Dromara,Northern Ireland,54.36667,-6.01667,0.157,2.25,Baseline,No forecast trigger,2.63,0.0,0.0
2026-10-02,UK,Derry,Northern Ireland,54.9981,-7.30934,0.035,3.0,Baseline,No forecast trigger,0.0,0.0,0.0
2026-10-02,UK,Bangor,Northern Ireland,54.66079,-5.66802,0.197,2.3,Baseline,No forecast trigger,0.0,0.0,0.0
2026-10-02,CAN,Calgary,Alberta,51.05011,-114.08529,0.0,3.7,Baseline,No forecast trigger,120.13,0.0,0.0
2026-10-02,CAN,Edmonton,Alberta,53.55014,-113.46871,0.0,3.6,Baseline,No forecast trigger,51.53,0.0,0.0
2026-10-02,CAN,St. Albert,Alberta,53.63344,-113.63533,0.0,3.55,Baseline,No forecast trigger,6.260000000000001,0.0,0.0
2026-10-02,CAN,Wainwright,Alberta,52.83482,-110.85342,0.0,3.75,Baseline,No forecast trigger,1.96,0.0,0.0
2026-10-02,CAN,West Baptiste,Alberta,54.75016,-113.5688,0.0,3.4,Baseline,No forecast trigger,1.1300000000000001,0.0,0.0
2026-10-02,CAN,Vancouver,British Columbia,49.24966,-123.11934,0.0,4.1,Baseline,No forecast trigger,271.66,0.0,0.0
2026-10-02,CAN,Victoria,British Columbia,48.4359,-123.35155,0.043,2.9,Baseline,No forecast trigger,64.17,0.0,0.0
2026-10-02,CAN,Surrey,British Columbia,49.10635,-122.82509,0.004,2.9,Baseline,No forecast trigger,84.99,0.0,0.0
2026-10-02,CAN,Burnaby,British Columbia,49.26636,-122.95263,0.0,3.95,Baseline,No forecast trigger,73.67,0.0,0.0
2026-10-02,CAN,North Vancouver,British Columbia,49.31636,-123.06934,0.0,4.0,Baseline,No forecast trigger,55.17,0.0,0.0
2026-10-02,CAN,Headingley,Manitoba,49.8753,-97.40896,0.0,4.05,Baseline,No forecast trigger,2.4,0.0,0.0
2026-10-02,CAN,Winnipeg,Manitoba,49.8844,-97.14704,0.0,4.05,Baseline,No forecast trigger,13.26,0.0,0.0
2026-10-02,CAN,Brandon,Manitoba,49.84692,-99.95306,0.0,3.9,Baseline,No forecast trigger,0.0,0.0,0.0
2026-10-02,CAN,Steinbach,Manitoba,49.52579,-96.68451,0.0,4.1,Baseline,No forecast trigger,0.0,0.0,0.0
2026-10-02,CAN,Thompson,Manitoba,55.7435,-97.85579,0.0,3.1,Baseline,No forecast trigger,0.0,0.0,0.0
2026-10-02,CAN,Moncton,New Brunswick,46.09454,-64.7965,0.079,2.0,Baseline,No forecast trigger,4.27,0.0,0.0
2026-10-02,CAN,Saint John,New Brunswick,45.27076,-66.05616,0.028,0.95,Baseline,No forecast trigger,0.0,0.0,0.0
2026-10-02,CAN,Fredericton,New Brunswick,45.94541,-66.66558,0.134,1.55,Baseline,No forecast trigger,2.72,0.0,0.0
2026-10-02,CAN,Dieppe,New Brunswick,46.07844,-64.68735,0.055,1.45,Baseline,No forecast trigger,8.95,0.0,0.0
2026-10-02,CAN,Miramichi,New Brunswick,47.02895,-65.50186,0.13,0.6,Baseline,No forecast trigger,0.0,0.0,0.0
2026-10-02,CAN,St. John'S,Newfoundland And Labrador,47.56494,-52.70931,0.0,3.85,Baseline,No forecast trigger,2.87,0.0,0.0
2026-10-02,CAN,Mount Pearl,Newfoundland And Labrador,47.51659,-52.78135,0.0,3.8,Baseline,No forecast trigger,0.0,0.0,0.0
2026-10-02,CAN,Corner Brook,Newfoundland And Labrador,48.95001,-57.95202,0.067,2.9,Baseline,No forecast trigger,0.0,0.0,0.0
2026-10-02,CAN,Halifax,Nova Scotia,44.64269,-63.57688,0.0,4.85,Baseline,No forecast trigger,17.27,0.0,0.0
2026-10-02,CAN,Dartmouth,Nova Scotia,44.67134,-63.57719,0.0,4.85,Baseline,No forecast trigger,2.3000000000000003,0.0,0.0
2026-10-02,CAN,Sydney,Nova Scotia,46.1351,-60.1831,0.0,4.7,Baseline,No forecast trigger,0.0,0.0,0.0
2026-10-02,CAN,Truro,Nova Scotia,45.36685,-63.26538,0.0,4.8,Baseline,No forecast trigger,0.0,0.0,0.0
2026-10-02,CAN,New Glasgow,Nova Scotia,45.58344,-62.64863,0.0,4.7,Baseline,No forecast trigger,0.0,0.0,0.0
2026-10-02,CAN,Yellowknife,Northwest Territories,62.45411,-114.37248,0.0,1.85,Baseline,No forecast trigger,0.0,0.0,0.0
2026-10-02,CAN,Hay River,Northwest Territories,60.81555,-115.79993,0.012,1.4,Baseline,No forecast trigger,0.0,0.0,0.0
2026-10-02,CAN,Inuvik,Northwest Territories,68.36166,-133.72816,0.024,0.95,Baseline,No forecast trigger,0.0,0.0,0.0
2026-10-02,CAN,Fort Smith,Northwest Territories,60.00439,-111.88871,0.047,1.3,Baseline,No forecast trigger,0.0,0.0,0.0
2026-10-02,CAN,Behchokǫ̀,Northwest Territories,62.8025,-116.04639,0.0,1.55,Baseline,No forecast trigger,0.0,0.0,0.0
2026-10-02,CAN,Rankin Inlet,Nunavut,62.80906,-92.08534,0.051,1.45,Baseline,No forecast trigger,0.0,0.0,0.0
2026-10-02,CAN,Arviat,Nunavut,61.10883,-94.05848,0.0,1.35,Baseline,No forecast trigger,0.0,0.0,0.0
2026-10-02,CAN,Baker Lake,Nunavut,64.32009,-96.02123,0.0,1.3,Baseline,No forecast trigger,0.0,0.0,0.0
2026-10-02,CAN,Cambridge Bay,Nunavut,69.11489,-105.05484,0.0,1.2,Baseline,No forecast trigger,0.0,0.0,0.0
2026-10-02,CAN,Charlottetown,Prince Edward Island,46.23459,-63.1256,0.012,2.1,Baseline,No forecast trigger,0.0,0.0,0.0
2026-10-02,CAN,Summerside,Prince Edward Island,46.3912,-63.78869,0.173,2.65,Baseline,No forecast trigger,0.0,0.0,0.0
2026-10-02,CAN,Cornwall,Prince Edward Island,46.22652,-63.21809,0.012,2.1,Baseline,No forecast trigger,0.0,0.0,0.0
2026-10-02,CAN,Montague,Prince Edward Island,46.16681,-62.64866,0.0,3.1,Baseline,No forecast trigger,0.0,0.0,0.0
2026-10-02,CAN,Saskatoon,Saskatchewan,52.13238,-106.66892,0.0,3.6,Baseline,No forecast trigger,12.18,0.0,0.0
2026-10-02,CAN,Yellow Grass,Saskatchewan,49.80006,-104.16781,0.008,3.75,Baseline,No forecast trigger,3.3,0.0,0.0
2026-10-02,CAN,Regina,Saskatchewan,50.45008,-104.6178,0.0,3.9,Baseline,No forecast trigger,2.59,0.0,0.0
2026-10-02,CAN,Prince Albert,Saskatchewan,53.20008,-105.76772,0.012,3.6,Baseline,No forecast trigger,0.0,0.0,0.0
2026-10-02,CAN,Moose Jaw,Saskatchewan,50.40005,-105.53445,0.0,4.05,Baseline,No forecast trigger,0.0,0.0,0.0
2026-10-02,CAN,Whitehorse,Yukon,60.71611,-135.05376,0.106,1.9,Baseline,No forecast trigger,0.0,0.0,0.0
2026-10-02,CAN,Dawson City,Yukon,64.06013,-139.43327,0.0,1.65,Baseline,No forecast trigger,0.0,0.0,0.0
2026-10-02,CAN,Haines Junction,Yukon,60.75216,-137.51082,0.024,1.1,Baseline,No forecast trigger,0.0,0.0,0.0
2026-10-02,CAN,Mayo,Yukon,63.59274,-135.89984,0.0,2.05,Baseline,No forecast trigger,0.0,0.0,0.0
2026-10-02,US,Coeur D'Alene,Idaho,47.6777,-116.7805,0.0,4.15,Baseline,No forecast trigger,20.02,0.0,0.0
2026-10-02,US,Eagle Mountain,Utah,40.3144,-111.9849,0.0,5.65,Baseline,No forecast trigger,25.580000000000002,0.0,0.0
2026-10-02,US,Spokane,Washington,47.6569,-117.425,0.0,4.3,Baseline,No forecast trigger,186.72,0.0,0.0
2026-10-02,CAN,Grand Falls-Windsor,Newfoundland And Labrador,48.9332,-55.6649,0.008,3.75,Baseline,No forecast trigger,0.0,0.0,0.0
2026-10-02,CAN,Paradise,Newfoundland And Labrador,47.5333,-52.9667,0.0,4.2,Baseline,No forecast trigger,2.7,0.0,0.0
2026-10-02,CAN,Stratford,Prince Edward Island,46.2153,-63.0866,0.008,3.15,Baseline,No forecast trigger,0.0,0.0,0.0
2026-10-03,US,Atlanta,Georgia,33.749,-84.38798,1.106,3.15,Scale Umbrellas,Forecast rain 1.11 in ≥ 0.20 in,2321.8900000000003,6965.67,0.103969
2026-10-03,US,Raleigh,North Carolina,35.7721,-78.63861,2.925,5.3,Scale Umbrellas,Forecast rain 2.92 in ≥ 0.20 in,1298.0,3894.0,0.058121
2026-10-03,US,Dallas,Texas,32.78306,-96.80667,0.256,4.55,Scale Umbrellas,Forecast rain 0.26 in ≥ 0.20 in,2898.67,3710.3,0.055379
2026-10-03,US,Fort Worth,Texas,32.72541,-97.32085,0.776,3.15,Scale Umbrellas,Forecast rain 0.78 in ≥ 0.20 in,1206.6200000000001,3619.86,0.05403
2026-10-03,US,Nashville,Tennessee,36.16589,-86.78444,0.5,1.75,Scale Umbrellas,Forecast rain 0.50 in ≥ 0.20 in,1367.7,3419.25,0.051035
2026-10-03,US,Marietta,Georgia,33.9526,-84.54993,1.496,3.3,Scale Umbrellas,Forecast rain 1.50 in ≥ 0.20 in,1085.94,3257.82,0.048626
2026-10-03,US,Minneapolis,Minnesota,44.97997,-93.26384,0.5,3.3,Scale Umbrellas,Forecast rain 0.50 in ≥ 0.20 in,1008.53,2521.32,0.037633
2026-10-03,US,Madison,Alabama,34.69926,-86.74833,1.579,2.1,Scale Umbrellas,Forecast rain 1.58 in ≥ 0.20 in,792.59,2377.77,0.03549
2026-10-03,US,Madison,Mississippi,32.46181,-90.11536,0.61,1.55,Scale Umbrellas,Forecast rain 0.61 in ≥ 0.20 in,792.59,2377.77,0.03549
2026-10-03,US,Birmingham,Alabama,33.52066,-86.80249,0.61,0.7,Scale Umbrellas,Forecast rain 0.61 in ≥ 0.20 in,717.32,2151.96,0.03212
2026-10-03,US,Baton Rouge,Louisiana,30.44332,-91.18747,0.524,0.75,Scale Umbrellas,Forecast rain 0.52 in ≥ 0.20 in,804.9499999999999,2108.97,0.031478
2026-10-03,US,Greenville,South Carolina,34.85262,-82.39401,0.724,0.85,Scale Umbrellas,Forecast rain 0.72 in ≥ 0.20 in,692.64,2077.92,0.031015
2026-10-03,US,New Orleans,Louisiana,29.95465,-90.07507,0.791,6.35,Scale Umbrellas,Forecast rain 0.79 in ≥ 0.20 in,621.88,1865.64,0.027846
2026-10-03,US,Franklin,Tennessee,35.92506,-86.86889,0.634,1.3,Scale Umbrellas,Forecast rain 0.63 in ≥ 0.20 in,581.0400000000001,1743.12,0.026018
2026-10-03,US,Huntsville,Alabama,34.7304,-86.58594,1.551,2.4,Scale Umbrellas,Forecast rain 1.55 in ≥ 0.20 in,573.15,1719.45,0.025664
2026-10-03,US,Honolulu,Hawaii,21.30694,-157.85834,0.0,8.2,Sun Protection (Hats/Shirts),Forecast UV 8.2 ≥ 8,1610.55,1650.81,0.02464
2026-10-03,US,Naples,Florida,26.14234,-81.79596,0.213,6.3,Scale Umbrellas,Forecast rain 0.21 in ≥ 0.20 in,1471.19,1566.82,0.023386
2026-10-03,US,Alpharetta,Georgia,34.07538,-84.29409,1.52,2.6,Scale Umbrellas,Forecast rain 1.52 in ≥ 0.20 in,510.98,1532.94,0.02288
2026-10-03,US,Knoxville,Tennessee,35.96064,-83.92074,0.362,0.95,Scale Umbrellas,Forecast rain 0.36 in ≥ 0.20 in,796.52,1441.7,0.021519
2026-10-03,US,Chapel Hill,North Carolina,35.9132,-79.05584,1.154,5.45,Scale Umbrellas,Forecast rain 1.15 in ≥ 0.20 in,451.88,1355.64,0.020234
2026-10-03,US,Saint Paul,Minnesota,44.94441,-93.09327,0.531,3.6,Scale Umbrellas,Forecast rain 0.53 in ≥ 0.20 in,508.1,1349.01,0.020135
2026-10-03,US,Durham,North Carolina,35.99403,-78.89862,1.071,5.25,Scale Umbrellas,Forecast rain 1.07 in ≥ 0.20 in,430.65,1291.95,0.019283
2026-10-03,US,Arlington,Virginia,38.88101,-77.10428,0.205,2.05,Scale Umbrellas,Forecast rain 0.20 in ≥ 0.20 in,1174.14,1203.49,0.017963
2026-10-03,US,Boca Raton,Florida,26.35869,-80.0831,0.201,7.15,Scale Umbrellas,Forecast rain 0.20 in ≥ 0.20 in,1157.6399999999999,1163.43,0.017365
2026-10-03,US,Decatur,Georgia,33.77483,-84.29631,0.835,2.45,Scale Umbrellas,Forecast rain 0.83 in ≥ 0.20 in,385.13,1155.39,0.017245
2026-10-03,US,Lafayette,Louisiana,30.22409,-92.01984,0.457,6.2,Scale Umbrellas,Forecast rain 0.46 in ≥ 0.20 in,471.93,1078.36,0.016095
2026-10-03,US,Chattanooga,Tennessee,35.04563,-85.30968,2.992,0.35,Scale Umbrellas,Forecast rain 2.99 in ≥ 0.20 in,354.65000000000003,1063.95,0.01588
2026-10-03,US,Fairfax,Virginia,38.84622,-77.30637,0.358,2.45,Scale Umbrellas,Forecast rain 0.36 in ≥ 0.20 in,566.71,1014.41,0.015141
2026-10-03,US,Plymouth,Minnesota,45.01052,-93.45551,0.406,2.95,Scale Umbrellas,Forecast rain 0.41 in ≥ 0.20 in,442.88,899.05,0.013419
2026-10-03,US,Metairie,Louisiana,29.98409,-90.15285,0.791,6.35,Scale Umbrellas,Forecast rain 0.79 in ≥ 0.20 in,288.17,864.51,0.012904
2026-10-03,US,Charleston,West Virginia,38.34982,-81.63262,0.201,1.15,Scale Umbrellas,Forecast rain 0.20 in ≥ 0.20 in,702.72,706.23,0.010541
2026-10-03,US,Mobile,Alabama,30.69436,-88.04305,0.429,5.3,Scale Umbrellas,Forecast rain 0.43 in ≥ 0.20 in,313.08000000000004,671.56,0.010024
2026-10-03,US,Eden Prairie,Minnesota,44.85469,-93.47079,0.496,3.15,Scale Umbrellas,Forecast rain 0.50 in ≥ 0.20 in,158.16,392.24,0.005855
2026-10-03,US,Fairhope,Alabama,30.52297,-87.90333,0.406,6.8,Scale Umbrellas,Forecast rain 0.41 in ≥ 0.20 in,189.36,384.4,0.005738
2026-10-03,US,Gulfport,Mississippi,30.36742,-89.09282,1.244,5.75,Scale Umbrellas,Forecast rain 1.24 in ≥ 0.20 in,125.63,376.89,0.005625
2026-10-03,US,Ewa Beach,Hawaii,21.31556,-158.00722,0.024,8.15,Sun Protection (Hats/Shirts),Forecast UV 8.2 ≥ 8,318.9,324.88,0.004849
2026-10-03,US,Minnetonka,Minnesota,44.9133,-93.50329,0.445,3.0,Scale Umbrellas,Forecast rain 0.45 in ≥ 0.20 in,129.98,289.21,0.004317
2026-10-03,US,Jackson,Mississippi,32.29876,-90.18481,0.756,1.05,Scale Umbrellas,Forecast rain 0.76 in ≥ 0.20 in,77.13,231.39,0.003454
2026-10-03,US,Kailua,Hawaii,21.40241,-157.74054,0.118,8.2,Sun Protection (Hats/Shirts),Forecast UV 8.2 ≥ 8,223.49,229.08,0.003419
2026-10-03,US,Kaneohe,Hawaii,21.39994,-157.79895,0.118,8.2,Sun Protection (Hats/Shirts),Forecast UV 8.2 ≥ 8,204.73,209.85,0.003132
2026-10-03,US,Hattiesburg,Mississippi,31.32712,-89.29034,0.862,2.6,Scale Umbrellas,Forecast rain 0.86 in ≥ 0.20 in,69.27,207.81,0.003102
2026-10-03,US,Mililani,Hawaii,21.4504,-158.01503,0.094,8.2,Sun Protection (Hats/Shirts),Forecast UV 8.2 ≥ 8,172.35999999999999,176.67,0.002637
2026-10-03,US,Cordova,Alaska,60.5432,-145.75867,0.878,0.65,Scale Umbrellas,Forecast rain 0.88 in ≥ 0.20 in,57.24,171.72,0.002563
2026-10-03,US,Middlesboro,Kentucky,36.60842,-83.71658,0.339,0.6,Scale Umbrellas,Forecast rain 0.34 in ≥ 0.20 in,43.95,74.5,0.001112
2026-10-03,UK,Manchester,England,53.48095,-2.23743,0.488,3.3,Scale Umbrellas,Forecast rain 0.49 in ≥ 0.20 in,12.33,30.09,0.000449
2026-10-03,CAN,Steinbach,Manitoba,49.52579,-96.68451,0.224,2.4,Scale Umbrellas,Forecast rain 0.22 in ≥ 0.20 in,0.0,24.16,0.000361
2026-10-03,US,Aberdeen,South Dakota,45.4647,-98.48648,0.287,2.4,Scale Umbrellas,Forecast rain 0.29 in ≥ 0.20 in,16.51,23.69,0.000354
2026-10-03,CAN,Mount Pearl,Newfoundland And Labrador,47.51659,-52.78135,0.201,3.25,Scale Umbrellas,Forecast rain 0.20 in ≥ 0.20 in,0.0,21.68,0.000324
2026-10-03,UK,Port Talbot,Wales,51.59241,-3.78019,0.22,3.55,Scale Umbrellas,Forecast rain 0.22 in ≥ 0.20 in,3.26,3.59,5.4e-05
2026-10-03,UK,Swansea,Wales,51.6214,-3.9436,0.24,3.6,Scale Umbrellas,Forecast rain 0.24 in ≥ 0.20 in,2.66,3.19,4.8e-05
2026-10-03,CAN,Paradise,Newfoundland And Labrador,47.5333,-52.9667,0.201,3.7,Scale Umbrellas,Forecast rain 0.20 in ≥ 0.20 in,2.7,2.71,4e-05
2026-10-03,US,Anchorage,Alaska,61.21806,-149.90028,0.122,1.85,Baseline,No forecast trigger,147.56,0.0,0.0
2026-10-03,US,Fairbanks,Alaska,64.83778,-147.71638,0.0,1.75,Baseline,No forecast trigger,42.79,0.0,0.0
2026-10-03,US,Sitka,Alaska,57.05315,-135.33089,0.051,2.3,Baseline,No forecast trigger,30.84,0.0,0.0
2026-10-03,US,Wasilla,Alaska,61.5809,-149.4415,0.118,1.95,Baseline,No forecast trigger,19.48,0.0,0.0
2026-10-03,US,Little Rock,Arkansas,34.74648,-92.28959,0.055,3.2,Baseline,No forecast trigger,493.72,0.0,0.0
2026-10-03,US,Jonesboro,Arkansas,35.8423,-90.70428,0.11,1.9,Baseline,No forecast trigger,181.6,0.0,0.0
2026-10-03,US,Bentonville,Arkansas,36.37285,-94.20882,0.004,4.95,Baseline,No forecast trigger,269.24,0.0,0.0
2026-10-03,US,Fayetteville,Arkansas,36.06258,-94.15743,0.091,4.2,Baseline,No forecast trigger,181.82999999999998,0.0,0.0
2026-10-03,US,Rogers,Arkansas,36.33202,-94.11854,0.008,4.75,Baseline,No forecast trigger,197.76,0.0,0.0
2026-10-03,US,Phoenix,Arizona,33.44838,-112.07404,0.0,6.75,Baseline,No forecast trigger,886.63,0.0,0.0
2026-10-03,US,Tucson,Arizona,32.22174,-110.92648,0.0,7.05,Baseline,No forecast trigger,776.7,0.0,0.0
2026-10-03,US,Scottsdale,Arizona,33.50921,-111.89903,0.0,6.75,Baseline,No forecast trigger,721.34,0.0,0.0
2026-10-03,US,Gilbert,Arizona,33.35283,-111.78903,0.0,6.8,Baseline,No forecast trigger,258.89,0.0,0.0
2026-10-03,US,Mesa,Arizona,33.42227,-111.82264,0.0,6.75,Baseline,No forecast trigger,266.38,0.0,0.0
2026-10-03,US,Los Angeles,California,34.05223,-118.24368,0.0,6.6,Baseline,No forecast trigger,4672.68,0.0,0.0
2026-10-03,US,San Francisco,California,37.77493,-122.41942,0.0,5.95,Baseline,No forecast trigger,4813.09,0.0,0.0
2026-10-03,US,San Diego,California,32.71571,-117.16472,0.0,6.75,Baseline,No forecast trigger,2386.1600000000003,0.0,0.0
2026-10-03,US,San Jose,California,37.33939,-121.89496,0.0,6.05,Baseline,No forecast trigger,1891.11,0.0,0.0
2026-10-03,US,Oakland,California,37.80437,-122.2708,0.0,5.95,Baseline,No forecast trigger,1290.01,0.0,0.0
2026-10-03,US,Denver,Colorado,39.73915,-104.9847,0.0,6.0,Baseline,No forecast trigger,1084.28,0.0,0.0
2026-10-03,US,Colorado Springs,Colorado,38.83388,-104.82136,0.0,6.25,Baseline,No forecast trigger,560.03,0.0,0.0
2026-10-03,US,Littleton,Colorado,39.61332,-105.01665,0.0,6.05,Baseline,No forecast trigger,314.51,0.0,0.0
2026-10-03,US,Aurora,Colorado,39.72943,-104.83192,0.0,6.05,Baseline,No forecast trigger,258.96,0.0,0.0
2026-10-03,US,Fort Collins,Colorado,40.58526,-105.08442,0.0,5.85,Baseline,No forecast trigger,268.81,0.0,0.0
2026-10-03,US,Norwalk,Connecticut,41.1176,-73.4079,0.0,5.3,Baseline,No forecast trigger,262.88,0.0,0.0
2026-10-03,US,Greenwich,Connecticut,41.02649,-73.62846,0.0,5.25,Baseline,No forecast trigger,814.0,0.0,0.0
2026-10-03,US,Stamford,Connecticut,41.05343,-73.53873,0.0,5.25,Baseline,No forecast trigger,312.91,0.0,0.0
2026-10-03,US,Fairfield,Connecticut,41.14121,-73.26373,0.004,5.25,Baseline,No forecast trigger,300.54,0.0,0.0
2026-10-03,US,New Canaan,Connecticut,41.14676,-73.49484,0.0,5.25,Baseline,No forecast trigger,321.95,0.0,0.0
2026-10-03,US,Wilmington,Delaware,39.74595,-75.54659,0.0,4.65,Baseline,No forecast trigger,1140.94,0.0,0.0
2026-10-03,US,New Castle,Delaware,39.65948,-75.56359,0.008,4.75,Baseline,No forecast trigger,190.71,0.0,0.0
2026-10-03,US,Lewes,Delaware,38.77456,-75.13935,0.008,4.8,Baseline,No forecast trigger,177.47,0.0,0.0
2026-10-03,US,Newark,Delaware,39.68372,-75.74966,0.004,4.9,Baseline,No forecast trigger,206.69,0.0,0.0
2026-10-03,US,Middletown,Delaware,39.44956,-75.71632,0.0,4.1,Baseline,No forecast trigger,92.73,0.0,0.0
2026-10-03,US,Miami,Florida,25.77427,-80.19366,0.028,7.55,Baseline,No forecast trigger,5223.5,0.0,0.0
2026-10-03,US,Orlando,Florida,28.53834,-81.37924,0.189,6.7,Baseline,No forecast trigger,1883.09,0.0,0.0
2026-10-03,US,Tampa,Florida,27.94752,-82.45843,0.094,7.0,Baseline,No forecast trigger,1342.3799999999999,0.0,0.0
2026-10-03,US,Savannah,Georgia,32.08354,-81.09983,0.0,6.0,Baseline,No forecast trigger,617.49,0.0,0.0
2026-10-03,US,Cedar Rapids,Iowa,42.00833,-91.64407,0.031,5.05,Baseline,No forecast trigger,191.83,0.0,0.0
2026-10-03,US,Iowa City,Iowa,41.66113,-91.53017,0.0,5.1,Baseline,No forecast trigger,140.3,0.0,0.0
2026-10-03,US,Des Moines,Iowa,41.60054,-93.60911,0.016,5.2,Baseline,No forecast trigger,131.38,0.0,0.0
2026-10-03,US,Ames,Iowa,42.03471,-93.61994,0.051,5.1,Baseline,No forecast trigger,92.36,0.0,0.0
2026-10-03,US,West Des Moines,Iowa,41.57721,-93.71133,0.008,5.2,Baseline,No forecast trigger,106.61999999999999,0.0,0.0
2026-10-03,US,Boise,Idaho,43.6135,-116.20345,0.0,5.25,Baseline,No forecast trigger,320.84000000000003,0.0,0.0
2026-10-03,US,Meridian,Idaho,43.61211,-116.39151,0.0,5.2,Baseline,No forecast trigger,190.19,0.0,0.0
2026-10-03,US,Eagle,Idaho,43.69544,-116.35401,0.0,5.2,Baseline,No forecast trigger,87.22,0.0,0.0
2026-10-03,US,Kuna,Idaho,43.49183,-116.42012,0.0,5.25,Baseline,No forecast trigger,146.76,0.0,0.0
2026-10-03,US,Chicago,Illinois,41.85003,-87.65005,0.0,5.05,Baseline,No forecast trigger,5673.47,0.0,0.0
2026-10-03,US,Naperville,Illinois,41.78586,-88.14729,0.0,5.05,Baseline,No forecast trigger,583.85,0.0,0.0
2026-10-03,US,Evanston,Illinois,42.04114,-87.69006,0.0,5.05,Baseline,No forecast trigger,342.7,0.0,0.0
2026-10-03,US,Wilmette,Illinois,42.07225,-87.72284,0.0,5.0,Baseline,No forecast trigger,317.19,0.0,0.0
2026-10-03,US,Downers Grove,Illinois,41.80892,-88.01117,0.0,5.05,Baseline,No forecast trigger,279.19,0.0,0.0
2026-10-03,US,Indianapolis,Indiana,39.76838,-86.15804,0.0,5.35,Baseline,No forecast trigger,929.67,0.0,0.0
2026-10-03,US,Carmel,Indiana,39.97837,-86.11804,0.0,5.3,Baseline,No forecast trigger,523.33,0.0,0.0
2026-10-03,US,Fort Wayne,Indiana,41.1306,-85.12886,0.0,5.15,Baseline,No forecast trigger,393.86,0.0,0.0
2026-10-03,US,Bloomington,Indiana,39.16533,-86.52639,0.0,5.35,Baseline,No forecast trigger,283.25,0.0,0.0
2026-10-03,US,West Lafayette,Indiana,40.42587,-86.90807,0.0,5.3,Baseline,No forecast trigger,176.75,0.0,0.0
2026-10-03,US,Wichita,Kansas,37.69224,-97.33754,0.0,4.35,Baseline,No forecast trigger,448.71,0.0,0.0
2026-10-03,US,Overland Park,Kansas,38.98223,-94.67079,0.0,4.85,Baseline,No forecast trigger,418.71,0.0,0.0
2026-10-03,US,Olathe,Kansas,38.8814,-94.81913,0.0,3.65,Baseline,No forecast trigger,223.28,0.0,0.0
2026-10-03,US,Lawrence,Kansas,38.97167,-95.23525,0.0,2.85,Baseline,No forecast trigger,135.29,0.0,0.0
2026-10-03,US,Leawood,Kansas,38.96667,-94.6169,0.0,4.8,Baseline,No forecast trigger,124.37,0.0,0.0
2026-10-03,US,Louisville,Kentucky,38.25424,-85.75941,0.004,1.8,Baseline,No forecast trigger,1012.77,0.0,0.0
2026-10-03,US,Lexington,Kentucky,37.98869,-84.47772,0.039,1.35,Baseline,No forecast trigger,698.16,0.0,0.0
2026-10-03,US,Bowling Green,Kentucky,36.99032,-86.4436,0.154,1.5,Baseline,No forecast trigger,131.9,0.0,0.0
2026-10-03,US,Paducah,Kentucky,37.08339,-88.60005,0.02,3.2,Baseline,No forecast trigger,160.38,0.0,0.0
2026-10-03,US,Shreveport,Louisiana,32.52515,-93.75018,0.063,3.7,Baseline,No forecast trigger,560.43,0.0,0.0
2026-10-03,US,Reading,Massachusetts,42.52565,-71.09533,0.0,5.1,Baseline,No forecast trigger,1833.74,0.0,0.0
2026-10-03,US,Boston,Massachusetts,42.35843,-71.05977,0.0,5.2,Baseline,No forecast trigger,1916.95,0.0,0.0
2026-10-03,US,Cambridge,Massachusetts,42.3751,-71.10561,0.0,5.15,Baseline,No forecast trigger,688.7,0.0,0.0
2026-10-03,US,Berkley,Massachusetts,41.84593,-71.08282,0.0,5.25,Baseline,No forecast trigger,201.49,0.0,0.0
2026-10-03,US,Somerville,Massachusetts,42.3876,-71.0995,0.0,5.15,Baseline,No forecast trigger,352.11,0.0,0.0
2026-10-03,US,Baltimore,Maryland,39.29038,-76.61219,0.02,1.9,Baseline,No forecast trigger,716.91,0.0,0.0
2026-10-03,US,Bethesda,Maryland,38.98067,-77.10026,0.169,3.55,Baseline,No forecast trigger,749.47,0.0,0.0
2026-10-03,US,Silver Spring,Maryland,38.99067,-77.02609,0.126,3.8,Baseline,No forecast trigger,424.96,0.0,0.0
2026-10-03,US,Rockville,Maryland,39.084,-77.15276,0.177,3.75,Baseline,No forecast trigger,396.81,0.0,0.0
2026-10-03,US,Annapolis,Maryland,38.97859,-76.49184,0.024,4.15,Baseline,No forecast trigger,373.24,0.0,0.0
2026-10-03,US,Portland,Maine,43.65737,-70.2589,0.0,5.0,Baseline,No forecast trigger,2148.29,0.0,0.0
2026-10-03,US,Scarborough,Maine,43.57814,-70.32172,0.0,5.0,Baseline,No forecast trigger,116.28,0.0,0.0
2026-10-03,US,Falmouth,Maine,43.72953,-70.24199,0.0,4.95,Baseline,No forecast trigger,80.34,0.0,0.0
2026-10-03,US,Bangor,Maine,44.79884,-68.77265,0.0,4.8,Baseline,No forecast trigger,57.54,0.0,0.0
2026-10-03,US,Eliot,Maine,43.15314,-70.80006,0.0,5.05,Baseline,No forecast trigger,45.09,0.0,0.0
2026-10-03,US,Ann Arbor,Michigan,42.27756,-83.74088,0.0,4.95,Baseline,No forecast trigger,531.72,0.0,0.0
2026-10-03,US,Grand Rapids,Michigan,42.96336,-85.66809,0.0,4.55,Baseline,No forecast trigger,582.97,0.0,0.0
2026-10-03,US,Bloomfield Hills,Michigan,42.58364,-83.24549,0.0,4.9,Baseline,No forecast trigger,349.34999999999997,0.0,0.0
2026-10-03,US,Plymouth,Michigan,42.37143,-83.47021,0.0,4.95,Baseline,No forecast trigger,442.88,0.0,0.0
2026-10-03,US,Macomb,Michigan,42.70087,-82.95909,0.0,4.9,Baseline,No forecast trigger,180.2,0.0,0.0
2026-10-03,US,Saint Louis,Missouri,38.65174,-90.20525,0.0,5.5,Baseline,No forecast trigger,971.51,0.0,0.0
2026-10-03,US,Kansas City,Missouri,39.09973,-94.57857,0.0,4.3,Baseline,No forecast trigger,569.2,0.0,0.0
2026-10-03,US,Chesterfield,Missouri,38.66311,-90.57707,0.0,5.5,Baseline,No forecast trigger,297.32,0.0,0.0
2026-10-03,US,Saint Charles,Missouri,38.78394,-90.48123,0.0,5.5,Baseline,No forecast trigger,215.67999999999998,0.0,0.0
2026-10-03,US,Springfield,Missouri,37.21533,-93.29824,0.004,4.3,Baseline,No forecast trigger,218.38,0.0,0.0
2026-10-03,US,Southaven,Mississippi,34.98898,-90.01259,0.177,2.7,Baseline,No forecast trigger,81.25,0.0,0.0
2026-10-03,US,Bozeman,Montana,45.67965,-111.03856,0.0,5.1,Baseline,No forecast trigger,95.10000000000001,0.0,0.0
2026-10-03,US,Billings,Montana,45.78329,-108.50069,0.016,4.95,Baseline,No forecast trigger,122.97999999999999,0.0,0.0
2026-10-03,US,Great Falls,Montana,47.50024,-111.30081,0.039,4.55,Baseline,No forecast trigger,56.92,0.0,0.0
2026-10-03,US,Missoula,Montana,46.87215,-113.994,0.0,4.8,Baseline,No forecast trigger,54.42,0.0,0.0
2026-10-03,US,Kalispell,Montana,48.19579,-114.31291,0.0,4.55,Baseline,No forecast trigger,69.74,0.0,0.0
2026-10-03,US,Charlotte,North Carolina,35.22709,-80.84313,0.106,0.75,Baseline,No forecast trigger,2037.75,0.0,0.0
2026-10-03,US,Wilmington,North Carolina,34.23556,-77.94604,0.063,5.8,Baseline,No forecast trigger,1140.94,0.0,0.0
2026-10-03,US,Fargo,North Dakota,46.87719,-96.7898,0.031,2.15,Baseline,No forecast trigger,126.84,0.0,0.0
2026-10-03,US,West Fargo,North Dakota,46.87497,-96.90036,0.028,2.3,Baseline,No forecast trigger,76.10000000000001,0.0,0.0
2026-10-03,US,Bismarck,North Dakota,46.80833,-100.78374,0.012,4.5,Baseline,No forecast trigger,53.26,0.0,0.0
2026-10-03,US,Dickinson,North Dakota,46.87918,-102.78962,0.004,4.6,Baseline,No forecast trigger,50.58,0.0,0.0
2026-10-03,US,Grand Forks,North Dakota,47.92526,-97.03285,0.083,2.05,Baseline,No forecast trigger,17.33,0.0,0.0
2026-10-03,US,Omaha,Nebraska,41.25626,-95.94043,0.035,4.25,Baseline,No forecast trigger,448.37,0.0,0.0
2026-10-03,US,Lincoln,Nebraska,40.8,-96.66696,0.012,5.45,Baseline,No forecast trigger,203.64000000000001,0.0,0.0
2026-10-03,US,Elkhorn,Nebraska,41.345,-96.256,0.024,4.9,Baseline,No forecast trigger,113.06,0.0,0.0
2026-10-03,US,Bellevue,Nebraska,41.13667,-95.89084,0.02,4.35,Baseline,No forecast trigger,571.83,0.0,0.0
2026-10-03,US,Papillion,Nebraska,41.15444,-96.04224,0.028,4.5,Baseline,No forecast trigger,71.71000000000001,0.0,0.0
2026-10-03,US,Manchester,New Hampshire,42.99564,-71.45479,0.0,5.05,Baseline,No forecast trigger,163.22,0.0,0.0
2026-10-03,US,Nashua,New Hampshire,42.76537,-71.46757,0.0,5.1,Baseline,No forecast trigger,165.9,0.0,0.0
2026-10-03,US,Hampton,New Hampshire,42.93759,-70.83894,0.0,5.1,Baseline,No forecast trigger,112.68,0.0,0.0
2026-10-03,US,Portsmouth,New Hampshire,43.07704,-70.75766,0.0,5.05,Baseline,No forecast trigger,99.81,0.0,0.0
2026-10-03,US,Exeter,New Hampshire,42.98148,-70.94783,0.0,5.05,Baseline,No forecast trigger,72.16,0.0,0.0
2026-10-03,US,Jersey City,New Jersey,40.72816,-74.07764,0.0,5.1,Baseline,No forecast trigger,1131.21,0.0,0.0
2026-10-03,US,Hoboken,New Jersey,40.74399,-74.03236,0.0,5.1,Baseline,No forecast trigger,584.46,0.0,0.0
2026-10-03,US,Morristown,New Jersey,40.79677,-74.48154,0.0,5.0,Baseline,No forecast trigger,391.5,0.0,0.0
2026-10-03,US,Westfield,New Jersey,40.65899,-74.34737,0.0,5.0,Baseline,No forecast trigger,358.62,0.0,0.0
2026-10-03,US,Princeton,New Jersey,40.34872,-74.65905,0.004,4.95,Baseline,No forecast trigger,291.97,0.0,0.0
2026-10-03,US,Albuquerque,New Mexico,35.08449,-106.65114,0.0,6.65,Baseline,No forecast trigger,600.62,0.0,0.0
2026-10-03,US,Santa Fe,New Mexico,35.68698,-105.9378,0.0,6.65,Baseline,No forecast trigger,196.16,0.0,0.0
2026-10-03,US,Las Cruces,New Mexico,32.31232,-106.77834,0.0,6.95,Baseline,No forecast trigger,137.95,0.0,0.0
2026-10-03,US,Tijeras,New Mexico,35.08088,-106.38808,0.0,6.7,Baseline,No forecast trigger,55.67,0.0,0.0
2026-10-03,US,Los Alamos,New Mexico,35.88808,-106.30697,0.0,6.65,Baseline,No forecast trigger,62.35,0.0,0.0
2026-10-03,US,Henderson,Nevada,36.0397,-114.98194,0.0,6.3,Baseline,No forecast trigger,427.53000000000003,0.0,0.0
2026-10-03,US,Las Vegas,Nevada,36.17497,-115.13722,0.0,6.55,Baseline,No forecast trigger,1162.12,0.0,0.0
2026-10-03,US,Reno,Nevada,39.52963,-119.8138,0.0,6.05,Baseline,No forecast trigger,381.45,0.0,0.0
2026-10-03,US,Carson City,Nevada,39.1638,-119.7674,0.0,5.95,Baseline,No forecast trigger,42.79,0.0,0.0
2026-10-03,US,North Las Vegas,Nevada,36.19886,-115.1175,0.0,6.55,Baseline,No forecast trigger,40.589999999999996,0.0,0.0
2026-10-03,US,New York,New York,40.71427,-74.00597,0.0,5.1,Baseline,No forecast trigger,15059.880000000001,0.0,0.0
2026-10-03,US,Brooklyn,New York,40.6501,-73.94958,0.012,5.2,Baseline,No forecast trigger,7550.5599999999995,0.0,0.0
2026-10-03,US,Bronx,New York,40.84985,-73.86641,0.0,5.3,Baseline,No forecast trigger,874.54,0.0,0.0
2026-10-03,US,Staten Island,New York,40.56233,-74.13986,0.004,4.9,Baseline,No forecast trigger,959.27,0.0,0.0
2026-10-03,US,Astoria,New York,40.77205,-73.93014,0.0,5.3,Baseline,No forecast trigger,526.69,0.0,0.0
2026-10-03,US,Cincinnati,Ohio,39.12711,-84.51439,0.0,4.05,Baseline,No forecast trigger,1433.23,0.0,0.0
2026-10-03,US,Columbus,Ohio,39.96118,-82.99879,0.0,5.25,Baseline,No forecast trigger,1196.1299999999999,0.0,0.0
2026-10-03,US,Dayton,Ohio,39.75895,-84.19161,0.0,5.3,Baseline,No forecast trigger,456.67,0.0,0.0
2026-10-03,US,Dublin,Ohio,40.09923,-83.11408,0.0,5.25,Baseline,No forecast trigger,314.94,0.0,0.0
2026-10-03,US,Cleveland,Ohio,41.4995,-81.69541,0.0,5.05,Baseline,No forecast trigger,289.03,0.0,0.0
2026-10-03,US,Edmond,Oklahoma,35.65283,-97.4781,0.0,5.6,Baseline,No forecast trigger,733.89,0.0,0.0
2026-10-03,US,Tulsa,Oklahoma,36.15398,-95.99277,0.035,2.45,Baseline,No forecast trigger,869.0,0.0,0.0
2026-10-03,US,Oklahoma City,Oklahoma,35.46756,-97.51643,0.0,3.65,Baseline,No forecast trigger,443.71999999999997,0.0,0.0
2026-10-03,US,Norman,Oklahoma,35.22257,-97.43948,0.0,2.55,Baseline,No forecast trigger,220.45,0.0,0.0
2026-10-03,US,Broken Arrow,Oklahoma,36.0526,-95.79082,0.043,3.45,Baseline,No forecast trigger,170.9,0.0,0.0
2026-10-03,US,Portland,Oregon,45.52345,-122.67621,0.0,4.75,Baseline,No forecast trigger,2148.29,0.0,0.0
2026-10-03,US,Lake Oswego,Oregon,45.42067,-122.67065,0.0,4.75,Baseline,No forecast trigger,348.06,0.0,0.0
2026-10-03,US,Beaverton,Oregon,45.48706,-122.80371,0.0,4.75,Baseline,No forecast trigger,233.05,0.0,0.0
2026-10-03,US,Eugene,Oregon,44.05207,-123.08675,0.0,4.85,Baseline,No forecast trigger,247.76,0.0,0.0
2026-10-03,US,Salem,Oregon,44.9429,-123.0351,0.0,4.85,Baseline,No forecast trigger,203.3,0.0,0.0
2026-10-03,US,Philadelphia,Pennsylvania,39.95238,-75.16362,0.008,4.5,Baseline,No forecast trigger,2106.57,0.0,0.0
2026-10-03,US,Pittsburgh,Pennsylvania,40.44062,-79.99589,0.0,5.15,Baseline,No forecast trigger,1310.97,0.0,0.0
2026-10-03,US,Lancaster,Pennsylvania,40.03788,-76.30551,0.0,4.85,Baseline,No forecast trigger,348.75,0.0,0.0
2026-10-03,US,West Chester,Pennsylvania,39.96097,-75.60804,0.0,4.45,Baseline,No forecast trigger,338.35,0.0,0.0
2026-10-03,US,Doylestown,Pennsylvania,40.31011,-75.12989,0.0,4.75,Baseline,No forecast trigger,312.63,0.0,0.0
2026-10-03,US,Providence,Rhode Island,41.82399,-71.41283,0.0,5.25,Baseline,No forecast trigger,285.02,0.0,0.0
2026-10-03,US,Barrington,Rhode Island,41.74066,-71.30866,0.0,5.25,Baseline,No forecast trigger,151.94,0.0,0.0
2026-10-03,US,Cranston,Rhode Island,41.77982,-71.43728,0.0,5.25,Baseline,No forecast trigger,80.37,0.0,0.0
2026-10-03,US,Warwick,Rhode Island,41.7001,-71.41617,0.0,5.25,Baseline,No forecast trigger,90.69000000000001,0.0,0.0
2026-10-03,US,East Greenwich,Rhode Island,41.66038,-71.45589,0.016,5.25,Baseline,No forecast trigger,71.36,0.0,0.0
2026-10-03,US,Charleston,South Carolina,32.77632,-79.93275,0.051,6.25,Baseline,No forecast trigger,702.72,0.0,0.0
2026-10-03,US,Mount Pleasant,South Carolina,32.79407,-79.86259,0.051,6.25,Baseline,No forecast trigger,407.3,0.0,0.0
2026-10-03,US,Columbia,South Carolina,34.00071,-81.03481,0.138,4.65,Baseline,No forecast trigger,444.65000000000003,0.0,0.0
2026-10-03,US,Myrtle Beach,South Carolina,33.68906,-78.88669,0.047,5.65,Baseline,No forecast trigger,475.21999999999997,0.0,0.0
2026-10-03,US,Sioux Falls,South Dakota,43.54997,-96.70033,0.114,4.9,Baseline,No forecast trigger,117.28,0.0,0.0
2026-10-03,US,Rapid City,South Dakota,44.08054,-103.23101,0.004,4.75,Baseline,No forecast trigger,61.57,0.0,0.0
2026-10-03,US,Lennox,South Dakota,43.35415,-96.892,0.059,4.65,Baseline,No forecast trigger,35.589999999999996,0.0,0.0
2026-10-03,US,Madison,South Dakota,44.00608,-97.11395,0.079,3.9,Baseline,No forecast trigger,792.59,0.0,0.0
2026-10-03,US,Memphis,Tennessee,35.14953,-90.04898,0.185,3.7,Baseline,No forecast trigger,618.09,0.0,0.0
2026-10-03,US,Houston,Texas,29.76328,-95.36327,0.055,6.6,Baseline,No forecast trigger,5346.01,0.0,0.0
2026-10-03,US,Austin,Texas,30.26715,-97.74306,0.102,4.8,Baseline,No forecast trigger,2988.3900000000003,0.0,0.0
2026-10-03,US,San Antonio,Texas,29.42412,-98.49363,0.189,3.0,Baseline,No forecast trigger,1479.07,0.0,0.0
2026-10-03,US,Salt Lake City,Utah,40.76078,-111.89105,0.0,5.35,Baseline,No forecast trigger,325.87,0.0,0.0
2026-10-03,US,South Jordan,Utah,40.56217,-111.92966,0.0,5.45,Baseline,No forecast trigger,175.77,0.0,0.0
2026-10-03,US,Park City,Utah,40.64606,-111.49797,0.0,5.55,Baseline,No forecast trigger,140.23,0.0,0.0
2026-10-03,US,Sandy,Utah,40.59161,-111.8841,0.0,5.45,Baseline,No forecast trigger,113.27,0.0,0.0
2026-10-03,US,Alexandria,Virginia,38.80484,-77.04692,0.15,2.85,Baseline,No forecast trigger,1635.43,0.0,0.0
2026-10-03,US,Virginia Beach,Virginia,36.85293,-75.97799,0.0,5.5,Baseline,No forecast trigger,922.99,0.0,0.0
2026-10-03,US,Richmond,Virginia,37.55376,-77.46026,0.0,2.2,Baseline,No forecast trigger,908.02,0.0,0.0
2026-10-03,US,Burlington,Vermont,44.47588,-73.21207,0.0,4.8,Baseline,No forecast trigger,70.22,0.0,0.0
2026-10-03,US,Essex Junction,Vermont,44.49061,-73.11096,0.0,4.8,Baseline,No forecast trigger,46.56,0.0,0.0
2026-10-03,US,Hyde Park,Vermont,44.59394,-72.61651,0.0,4.85,Baseline,No forecast trigger,39.81,0.0,0.0
2026-10-03,US,South Burlington,Vermont,44.46699,-73.17096,0.0,4.8,Baseline,No forecast trigger,89.83,0.0,0.0
2026-10-03,US,Stowe,Vermont,44.46533,-72.68456,0.0,4.85,Baseline,No forecast trigger,62.660000000000004,0.0,0.0
2026-10-03,US,Seattle,Washington,47.60621,-122.33207,0.0,4.4,Baseline,No forecast trigger,2971.65,0.0,0.0
2026-10-03,US,Bellevue,Washington,47.61038,-122.20068,0.0,4.4,Baseline,No forecast trigger,571.83,0.0,0.0
2026-10-03,US,Vancouver,Washington,45.63873,-122.66149,0.0,4.7,Baseline,No forecast trigger,525.01,0.0,0.0
2026-10-03,US,Tacoma,Washington,47.25288,-122.44429,0.0,4.4,Baseline,No forecast trigger,431.4,0.0,0.0
2026-10-03,US,Milwaukee,Wisconsin,43.0389,-87.90647,0.0,4.5,Baseline,No forecast trigger,501.74,0.0,0.0
2026-10-03,US,Madison,Wisconsin,43.07305,-89.40123,0.0,4.75,Baseline,No forecast trigger,792.59,0.0,0.0
2026-10-03,US,Waukesha,Wisconsin,43.01168,-88.23148,0.0,4.45,Baseline,No forecast trigger,127.14,0.0,0.0
2026-10-03,US,Whitefish Bay,Wisconsin,43.11334,-87.90009,0.0,4.5,Baseline,No forecast trigger,129.47,0.0,0.0
2026-10-03,US,Appleton,Wisconsin,44.26193,-88.41538,0.0,4.6,Baseline,No forecast trigger,117.31,0.0,0.0
2026-10-03,US,Morgantown,West Virginia,39.62953,-79.9559,0.004,4.2,Baseline,No forecast trigger,196.82,0.0,0.0
2026-10-03,US,Huntington,West Virginia,38.41925,-82.44515,0.079,1.8,Baseline,No forecast trigger,96.22,0.0,0.0
2026-10-03,US,Wheeling,West Virginia,40.06396,-80.72091,0.0,5.2,Baseline,No forecast trigger,110.49,0.0,0.0
2026-10-03,US,Hurricane,West Virginia,38.43259,-82.02014,0.11,1.1,Baseline,No forecast trigger,50.01,0.0,0.0
2026-10-03,US,Cheyenne,Wyoming,41.13998,-104.82025,0.0,5.9,Baseline,No forecast trigger,97.29,0.0,0.0
2026-10-03,US,Sheridan,Wyoming,44.79719,-106.95618,0.0,5.0,Baseline,No forecast trigger,79.39999999999999,0.0,0.0
2026-10-03,US,Rock Springs,Wyoming,41.58746,-109.2029,0.0,5.9,Baseline,No forecast trigger,63.05,0.0,0.0
2026-10-03,US,Cody,Wyoming,44.52634,-109.05653,0.0,5.35,Baseline,No forecast trigger,26.89,0.0,0.0
2026-10-03,US,Casper,Wyoming,42.86663,-106.31308,0.0,5.05,Baseline,No forecast trigger,20.36,0.0,0.0
2026-10-03,US,Washington,District Of Columbia,38.89511,-77.03637,0.126,3.8,Baseline,No forecast trigger,3398.3399999999997,0.0,0.0
2026-10-03,UK,London,England,51.50853,-0.12574,0.0,3.65,Baseline,No forecast trigger,333.68,0.0,0.0
2026-10-03,UK,Bristol,England,51.45523,-2.59665,0.0,3.0,Baseline,No forecast trigger,44.980000000000004,0.0,0.0
2026-10-03,UK,Sheffield,England,53.38297,-1.4659,0.051,3.25,Baseline,No forecast trigger,19.35,0.0,0.0
2026-10-03,UK,Swindon,England,51.55797,-1.78116,0.0,3.4,Baseline,No forecast trigger,23.59,0.0,0.0
2026-10-03,UK,Birmingham,England,52.48142,-1.89983,0.012,2.85,Baseline,No forecast trigger,12.91,0.0,0.0
2026-10-03,UK,Brighton,England,50.82838,-0.13947,0.0,3.65,Baseline,No forecast trigger,10.48,0.0,0.0
2026-10-03,UK,Hove,England,50.83088,-0.1672,0.0,3.65,Baseline,No forecast trigger,12.92,0.0,0.0
2026-10-03,UK,Glasgow,Scotland,55.86515,-4.25763,0.0,2.4,Baseline,No forecast trigger,15.85,0.0,0.0
2026-10-03,UK,Edinburgh,Scotland,55.95206,-3.19648,0.0,2.65,Baseline,No forecast trigger,12.5,0.0,0.0
2026-10-03,UK,Aberdeen,Scotland,57.14369,-2.09814,0.0,2.8,Baseline,No forecast trigger,6.25,0.0,0.0
2026-10-03,UK,Dunfermline,Scotland,56.07156,-3.45887,0.0,2.55,Baseline,No forecast trigger,6.300000000000001,0.0,0.0
2026-10-03,UK,Aboyne,Scotland,57.07546,-2.78023,0.0,2.85,Baseline,No forecast trigger,2.43,0.0,0.0
2026-10-03,UK,Balerno,Scotland,55.88437,-3.33975,0.0,2.6,Baseline,No forecast trigger,2.94,0.0,0.0
2026-10-03,UK,Banchory,Scotland,57.05168,-2.48824,0.0,2.85,Baseline,No forecast trigger,3.8200000000000003,0.0,0.0
2026-10-03,UK,Barrhead,Scotland,55.79916,-4.39285,0.0,2.4,Baseline,No forecast trigger,3.2,0.0,0.0
2026-10-03,UK,Cardiff,Wales,51.48,-3.18,0.0,2.9,Baseline,No forecast trigger,8.45,0.0,0.0
2026-10-03,UK,Aberdare,Wales,51.71438,-3.44918,0.083,3.2,Baseline,No forecast trigger,5.9399999999999995,0.0,0.0
2026-10-03,UK,Clarbeston Road,Wales,51.85139,-4.88056,0.031,3.4,Baseline,No forecast trigger,2.83,0.0,0.0
2026-10-03,UK,Cwmbran,Wales,51.65446,-3.02281,0.0,2.4,Baseline,No forecast trigger,2.79,0.0,0.0
2026-10-03,UK,Llanidloes,Wales,52.44977,-3.53997,0.071,3.5,Baseline,No forecast trigger,2.6500000000000004,0.0,0.0
2026-10-03,UK,Merthyr Tydfil,Wales,51.74794,-3.37779,0.02,3.2,Baseline,No forecast trigger,3.1,0.0,0.0
2026-10-03,UK,Newry,Northern Ireland,54.17841,-6.33739,0.106,3.2,Baseline,No forecast trigger,5.859999999999999,0.0,0.0
2026-10-03,UK,Belfast,Northern Ireland,54.59682,-5.92541,0.169,3.05,Baseline,No forecast trigger,3.08,0.0,0.0
2026-10-03,UK,Craigavon,Northern Ireland,54.44709,-6.387,0.118,3.2,Baseline,No forecast trigger,2.81,0.0,0.0
2026-10-03,UK,Dromara,Northern Ireland,54.36667,-6.01667,0.142,3.1,Baseline,No forecast trigger,2.63,0.0,0.0
2026-10-03,UK,Derry,Northern Ireland,54.9981,-7.30934,0.0,3.05,Baseline,No forecast trigger,0.0,0.0,0.0
2026-10-03,UK,Lisburn,Northern Ireland,54.52337,-6.03527,0.169,3.1,Baseline,No forecast trigger,0.0,0.0,0.0
2026-10-03,UK,Bangor,Northern Ireland,54.66079,-5.66802,0.106,2.9,Baseline,No forecast trigger,0.0,0.0,0.0
2026-10-03,CAN,Calgary,Alberta,51.05011,-114.08529,0.0,4.15,Baseline,No forecast trigger,120.13,0.0,0.0
2026-10-03,CAN,Edmonton,Alberta,53.55014,-113.46871,0.0,3.25,Baseline,No forecast trigger,51.53,0.0,0.0
2026-10-03,CAN,St. Albert,Alberta,53.63344,-113.63533,0.0,3.15,Baseline,No forecast trigger,6.260000000000001,0.0,0.0
2026-10-03,CAN,Wainwright,Alberta,52.83482,-110.85342,0.0,3.3,Baseline,No forecast trigger,1.96,0.0,0.0
2026-10-03,CAN,West Baptiste,Alberta,54.75016,-113.5688,0.0,2.8,Baseline,No forecast trigger,1.1300000000000001,0.0,0.0
2026-10-03,CAN,Vancouver,British Columbia,49.24966,-123.11934,0.0,4.15,Baseline,No forecast trigger,271.66,0.0,0.0
2026-10-03,CAN,Victoria,British Columbia,48.4359,-123.35155,0.0,4.25,Baseline,No forecast trigger,64.17,0.0,0.0
2026-10-03,CAN,Surrey,British Columbia,49.10635,-122.82509,0.0,4.15,Baseline,No forecast trigger,84.99,0.0,0.0
2026-10-03,CAN,Burnaby,British Columbia,49.26636,-122.95263,0.0,4.1,Baseline,No forecast trigger,73.67,0.0,0.0
2026-10-03,CAN,North Vancouver,British Columbia,49.31636,-123.06934,0.0,4.1,Baseline,No forecast trigger,55.17,0.0,0.0
2026-10-03,CAN,Headingley,Manitoba,49.8753,-97.40896,0.008,3.75,Baseline,No forecast trigger,2.4,0.0,0.0
2026-10-03,CAN,Winnipeg,Manitoba,49.8844,-97.14704,0.008,3.6,Baseline,No forecast trigger,13.26,0.0,0.0
2026-10-03,CAN,Brandon,Manitoba,49.84692,-99.95306,0.0,4.05,Baseline,No forecast trigger,0.0,0.0,0.0
2026-10-03,CAN,Thompson,Manitoba,55.7435,-97.85579,0.039,2.8,Baseline,No forecast trigger,0.0,0.0,0.0
2026-10-03,CAN,Moncton,New Brunswick,46.09454,-64.7965,0.02,4.6,Baseline,No forecast trigger,4.27,0.0,0.0
2026-10-03,CAN,Saint John,New Brunswick,45.27076,-66.05616,0.004,4.7,Baseline,No forecast trigger,0.0,0.0,0.0
2026-10-03,CAN,Fredericton,New Brunswick,45.94541,-66.66558,0.0,4.6,Baseline,No forecast trigger,2.72,0.0,0.0
2026-10-03,CAN,Dieppe,New Brunswick,46.07844,-64.68735,0.016,4.6,Baseline,No forecast trigger,8.95,0.0,0.0
2026-10-03,CAN,Miramichi,New Brunswick,47.02895,-65.50186,0.0,4.45,Baseline,No forecast trigger,0.0,0.0,0.0
2026-10-03,CAN,St. John'S,Newfoundland And Labrador,47.56494,-52.70931,0.189,2.8,Baseline,No forecast trigger,2.87,0.0,0.0
2026-10-03,CAN,Corner Brook,Newfoundland And Labrador,48.95001,-57.95202,0.004,3.2,Baseline,No forecast trigger,0.0,0.0,0.0
2026-10-03,CAN,Halifax,Nova Scotia,44.64269,-63.57688,0.079,4.8,Baseline,No forecast trigger,17.27,0.0,0.0
2026-10-03,CAN,Dartmouth,Nova Scotia,44.67134,-63.57719,0.079,4.8,Baseline,No forecast trigger,2.3000000000000003,0.0,0.0
2026-10-03,CAN,Sydney,Nova Scotia,46.1351,-60.1831,0.177,3.95,Baseline,No forecast trigger,0.0,0.0,0.0
2026-10-03,CAN,Truro,Nova Scotia,45.36685,-63.26538,0.008,4.6,Baseline,No forecast trigger,0.0,0.0,0.0
2026-10-03,CAN,New Glasgow,Nova Scotia,45.58344,-62.64863,0.012,3.4,Baseline,No forecast trigger,0.0,0.0,0.0
2026-10-03,CAN,Yellowknife,Northwest Territories,62.45411,-114.37248,0.012,2.1,Baseline,No forecast trigger,0.0,0.0,0.0
2026-10-03,CAN,Hay River,Northwest Territories,60.81555,-115.79993,0.035,1.95,Baseline,No forecast trigger,0.0,0.0,0.0
2026-10-03,CAN,Inuvik,Northwest Territories,68.36166,-133.72816,0.0,0.9,Baseline,No forecast trigger,0.0,0.0,0.0
2026-10-03,CAN,Fort Smith,Northwest Territories,60.00439,-111.88871,0.024,2.3,Baseline,No forecast trigger,0.0,0.0,0.0
2026-10-03,CAN,Behchokǫ̀,Northwest Territories,62.8025,-116.04639,0.035,2.05,Baseline,No forecast trigger,0.0,0.0,0.0
2026-10-03,CAN,Iqaluit,Nunavut,63.74697,-68.51727,0.094,1.5,Baseline,No forecast trigger,0.0,0.0,0.0
2026-10-03,CAN,Rankin Inlet,Nunavut,62.80906,-92.08534,0.0,1.2,Baseline,No forecast trigger,0.0,0.0,0.0
2026-10-03,CAN,Arviat,Nunavut,61.10883,-94.05848,0.0,1.15,Baseline,No forecast trigger,0.0,0.0,0.0
2026-10-03,CAN,Baker Lake,Nunavut,64.32009,-96.02123,0.0,1.35,Baseline,No forecast trigger,0.0,0.0,0.0
2026-10-03,CAN,Cambridge Bay,Nunavut,69.11489,-105.05484,0.0,1.3,Baseline,No forecast trigger,0.0,0.0,0.0
2026-10-03,CAN,Toronto,Ontario,43.70643,-79.39864,0.0,4.65,Baseline,No forecast trigger,355.27,0.0,0.0
2026-10-03,CAN,Ottawa,Ontario,45.41117,-75.69812,0.0,4.45,Baseline,No forecast trigger,115.72999999999999,0.0,0.0
2026-10-03,CAN,Kingston,Ontario,44.22976,-76.48098,0.0,4.6,Baseline,No forecast trigger,15.200000000000001,0.0,0.0
2026-10-03,CAN,Guelph,Ontario,43.54594,-80.25599,0.0,4.7,Baseline,No forecast trigger,21.63,0.0,0.0
2026-10-03,CAN,Markham,Ontario,43.86682,-79.2663,0.0,4.65,Baseline,No forecast trigger,28.5,0.0,0.0
2026-10-03,CAN,Charlottetown,Prince Edward Island,46.23459,-63.1256,0.039,4.5,Baseline,No forecast trigger,0.0,0.0,0.0
2026-10-03,CAN,Summerside,Prince Edward Island,46.3912,-63.78869,0.063,4.55,Baseline,No forecast trigger,0.0,0.0,0.0
2026-10-03,CAN,Cornwall,Prince Edward Island,46.22652,-63.21809,0.039,4.5,Baseline,No forecast trigger,0.0,0.0,0.0
2026-10-03,CAN,Montague,Prince Edward Island,46.16681,-62.64866,0.039,3.9,Baseline,No forecast trigger,0.0,0.0,0.0
2026-10-03,CAN,Montreal,Quebec,45.50884,-73.58781,0.0,4.55,Baseline,No forecast trigger,70.45,0.0,0.0
2026-10-03,CAN,Dorval,Quebec,45.4473,-73.75335,0.0,4.5,Baseline,No forecast trigger,5.35,0.0,0.0
2026-10-03,CAN,Blainville,Quebec,45.66678,-73.88249,0.0,4.5,Baseline,No forecast trigger,7.81,0.0,0.0
2026-10-03,CAN,Brossard,Quebec,45.45008,-73.46583,0.0,4.55,Baseline,No forecast trigger,5.61,0.0,0.0
2026-10-03,CAN,Cote-Saint-Luc,Quebec,45.46536,-73.66585,0.0,4.5,Baseline,No forecast trigger,4.7700000000000005,0.0,0.0
2026-10-03,CAN,Saskatoon,Saskatchewan,52.13238,-106.66892,0.0,3.65,Baseline,No forecast trigger,12.18,0.0,0.0
2026-10-03,CAN,Yellow Grass,Saskatchewan,49.80006,-104.16781,0.0,4.1,Baseline,No forecast trigger,3.3,0.0,0.0
2026-10-03,CAN,Regina,Saskatchewan,50.45008,-104.6178,0.0,3.9,Baseline,No forecast trigger,2.59,0.0,0.0
2026-10-03,CAN,Prince Albert,Saskatchewan,53.20008,-105.76772,0.0,3.5,Baseline,No forecast trigger,0.0,0.0,0.0
2026-10-03,CAN,Moose Jaw,Saskatchewan,50.40005,-105.53445,0.0,3.75,Baseline,No forecast trigger,0.0,0.0,0.0
2026-10-03,CAN,Whitehorse,Yukon,60.71611,-135.05376,0.0,1.7,Baseline,No forecast trigger,0.0,0.0,0.0
2026-10-03,CAN,Dawson City,Yukon,64.06013,-139.43327,0.0,1.25,Baseline,No forecast trigger,0.0,0.0,0.0
2026-10-03,CAN,Watson Lake,Yukon,60.06349,-128.70892,0.0,2.5,Baseline,No forecast trigger,0.0,0.0,0.0
2026-10-03,CAN,Haines Junction,Yukon,60.75216,-137.51082,0.0,0.4,Baseline,No forecast trigger,0.0,0.0,0.0
2026-10-03,CAN,Mayo,Yukon,63.59274,-135.89984,0.0,1.4,Baseline,No forecast trigger,0.0,0.0,0.0
2026-10-03,US,Coeur D'Alene,Idaho,47.6777,-116.7805,0.0,4.55,Baseline,No forecast trigger,20.02,0.0,0.0
2026-10-03,US,Eagle Mountain,Utah,40.3144,-111.9849,0.0,5.5,Baseline,No forecast trigger,25.580000000000002,0.0,0.0
2026-10-03,US,Spokane,Washington,47.6569,-117.425,0.0,4.55,Baseline,No forecast trigger,186.72,0.0,0.0
2026-10-03,CAN,Grand Falls-Windsor,Newfoundland And Labrador,48.9332,-55.6649,0.0,2.45,Baseline,No forecast trigger,0.0,0.0,0.0
2026-10-03,CAN,Stratford,Prince Edward Island,46.2153,-63.0866,0.039,4.5,Baseline,No forecast trigger,0.0,0.0,0.0
2026-10-04,US,New York,New York,40.71427,-74.00597,0.579,0.4,Scale Umbrellas,Forecast rain 0.58 in ≥ 0.20 in,15059.880000000001,43598.35,0.185484
2026-10-04,US,Brooklyn,New York,40.6501,-73.94958,0.732,0.45,Scale Umbrellas,Forecast rain 0.73 in ≥ 0.20 in,7550.5599999999995,22651.68,0.096369
2026-10-04,US,Washington,District Of Columbia,38.89511,-77.03637,0.685,0.5,Scale Umbrellas,Forecast rain 0.69 in ≥ 0.20 in,3398.3399999999997,10195.02,0.043374
2026-10-04,US,Dallas,Texas,32.78306,-96.80667,0.63,5.05,Scale Umbrellas,Forecast rain 0.63 in ≥ 0.20 in,2898.67,8696.01,0.036996
2026-10-04,US,Atlanta,Georgia,33.749,-84.38798,0.98,0.65,Scale Umbrellas,Forecast rain 0.98 in ≥ 0.20 in,2321.8900000000003,6965.67,0.029635
2026-10-04,US,Portland,Maine,43.65737,-70.2589,0.602,2.1,Scale Umbrellas,Forecast rain 0.60 in ≥ 0.20 in,2148.29,6444.87,0.027419
2026-10-04,US,Philadelphia,Pennsylvania,39.95238,-75.16362,0.591,0.25,Scale Umbrellas,Forecast rain 0.59 in ≥ 0.20 in,2106.57,6224.91,0.026483
2026-10-04,US,Charlotte,North Carolina,35.22709,-80.84313,2.059,1.25,Scale Umbrellas,Forecast rain 2.06 in ≥ 0.20 in,2037.75,6113.25,0.026008
2026-10-04,US,Boston,Massachusetts,42.35843,-71.05977,0.992,1.25,Scale Umbrellas,Forecast rain 0.99 in ≥ 0.20 in,1916.95,5750.85,0.024466
2026-10-04,US,Reading,Massachusetts,42.52565,-71.09533,0.614,1.4,Scale Umbrellas,Forecast rain 0.61 in ≥ 0.20 in,1833.74,5501.22,0.023404
2026-10-04,US,Alexandria,Virginia,38.80484,-77.04692,0.764,0.5,Scale Umbrellas,Forecast rain 0.76 in ≥ 0.20 in,1635.43,4906.29,0.020873
2026-10-04,US,Raleigh,North Carolina,35.7721,-78.63861,0.846,0.5,Scale Umbrellas,Forecast rain 0.85 in ≥ 0.20 in,1298.0,3894.0,0.016567
2026-10-04,US,Arlington,Virginia,38.88101,-77.10428,0.673,0.45,Scale Umbrellas,Forecast rain 0.67 in ≥ 0.20 in,1174.14,3522.42,0.014986
2026-10-04,US,Wilmington,Delaware,39.74595,-75.54659,0.72,0.4,Scale Umbrellas,Forecast rain 0.72 in ≥ 0.20 in,1140.94,3422.82,0.014562
2026-10-04,US,Jersey City,New Jersey,40.72816,-74.07764,0.579,0.4,Scale Umbrellas,Forecast rain 0.58 in ≥ 0.20 in,1131.21,3274.85,0.013932
2026-10-04,US,Marietta,Georgia,33.9526,-84.54993,1.398,0.85,Scale Umbrellas,Forecast rain 1.40 in ≥ 0.20 in,1085.94,3257.82,0.01386
2026-10-04,US,Fort Worth,Texas,32.72541,-97.32085,0.496,4.3,Scale Umbrellas,Forecast rain 0.50 in ≥ 0.20 in,1206.6200000000001,2992.42,0.012731
2026-10-04,US,Virginia Beach,Virginia,36.85293,-75.97799,0.768,0.45,Scale Umbrellas,Forecast rain 0.77 in ≥ 0.20 in,922.99,2768.97,0.01178
2026-10-04,US,Richmond,Virginia,37.55376,-77.46026,1.0,0.4,Scale Umbrellas,Forecast rain 1.00 in ≥ 0.20 in,908.02,2724.06,0.011589
2026-10-04,US,Staten Island,New York,40.56233,-74.13986,0.555,0.45,Scale Umbrellas,Forecast rain 0.56 in ≥ 0.20 in,959.27,2661.97,0.011325
2026-10-04,US,Bronx,New York,40.84985,-73.86641,0.602,0.3,Scale Umbrellas,Forecast rain 0.60 in ≥ 0.20 in,874.54,2623.62,0.011162
2026-10-04,US,Greenwich,Connecticut,41.02649,-73.62846,0.661,0.35,Scale Umbrellas,Forecast rain 0.66 in ≥ 0.20 in,814.0,2442.0,0.010389
2026-10-04,US,Knoxville,Tennessee,35.96064,-83.92074,1.126,2.55,Scale Umbrellas,Forecast rain 1.13 in ≥ 0.20 in,796.52,2389.56,0.010166
2026-10-04,US,Madison,Mississippi,32.46181,-90.11536,0.898,0.55,Scale Umbrellas,Forecast rain 0.90 in ≥ 0.20 in,792.59,2377.77,0.010116
2026-10-04,US,Bethesda,Maryland,38.98067,-77.10026,0.657,0.6,Scale Umbrellas,Forecast rain 0.66 in ≥ 0.20 in,749.47,2248.41,0.009566
2026-10-04,US,Birmingham,Alabama,33.52066,-86.80249,0.799,0.85,Scale Umbrellas,Forecast rain 0.80 in ≥ 0.20 in,717.32,2151.96,0.009155
2026-10-04,US,Baltimore,Maryland,39.29038,-76.61219,0.882,0.7,Scale Umbrellas,Forecast rain 0.88 in ≥ 0.20 in,716.91,2150.73,0.00915
2026-10-04,US,Charleston,South Carolina,32.77632,-79.93275,0.63,5.8,Scale Umbrellas,Forecast rain 0.63 in ≥ 0.20 in,702.72,2108.16,0.008969
2026-10-04,US,Greenville,South Carolina,34.85262,-82.39401,2.217,1.25,Scale Umbrellas,Forecast rain 2.22 in ≥ 0.20 in,692.64,2077.92,0.00884
2026-10-04,US,Cambridge,Massachusetts,42.3751,-71.10561,0.815,1.25,Scale Umbrellas,Forecast rain 0.81 in ≥ 0.20 in,688.7,2066.1,0.00879
2026-10-04,US,Madison,Wisconsin,43.07305,-89.40123,0.476,4.3,Scale Umbrellas,Forecast rain 0.48 in ≥ 0.20 in,792.59,1886.36,0.008025
2026-10-04,US,New Orleans,Louisiana,29.95465,-90.07507,1.098,1.2,Scale Umbrellas,Forecast rain 1.10 in ≥ 0.20 in,621.88,1865.64,0.007937
2026-10-04,US,Savannah,Georgia,32.08354,-81.09983,0.602,6.0,Scale Umbrellas,Forecast rain 0.60 in ≥ 0.20 in,617.49,1852.47,0.007881
2026-10-04,US,Naples,Florida,26.14234,-81.79596,0.248,7.4,Scale Umbrellas,Forecast rain 0.25 in ≥ 0.20 in,1471.19,1824.28,0.007761
2026-10-04,US,Wilmington,North Carolina,34.23556,-77.94604,0.319,3.45,Scale Umbrellas,Forecast rain 0.32 in ≥ 0.20 in,1140.94,1819.8,0.007742
2026-10-04,US,Fairfax,Virginia,38.84622,-77.30637,0.689,0.5,Scale Umbrellas,Forecast rain 0.69 in ≥ 0.20 in,566.71,1700.13,0.007233
2026-10-04,US,Hoboken,New Jersey,40.74399,-74.03236,0.579,0.4,Scale Umbrellas,Forecast rain 0.58 in ≥ 0.20 in,584.46,1692.01,0.007198
2026-10-04,US,Honolulu,Hawaii,21.30694,-157.85834,0.012,8.05,Sun Protection (Hats/Shirts),Forecast UV 8.1 ≥ 8,1610.55,1620.62,0.006895
2026-10-04,US,Alpharetta,Georgia,34.07538,-84.29409,1.248,0.55,Scale Umbrellas,Forecast rain 1.25 in ≥ 0.20 in,510.98,1532.94,0.006522
2026-10-04,US,Astoria,New York,40.77205,-73.93014,0.555,0.35,Scale Umbrellas,Forecast rain 0.56 in ≥ 0.20 in,526.69,1461.56,0.006218
2026-10-04,US,Lafayette,Louisiana,30.22409,-92.01984,0.791,4.85,Scale Umbrellas,Forecast rain 0.79 in ≥ 0.20 in,471.93,1415.79,0.006023
2026-10-04,US,Chapel Hill,North Carolina,35.9132,-79.05584,1.63,0.65,Scale Umbrellas,Forecast rain 1.63 in ≥ 0.20 in,451.88,1355.64,0.005767
2026-10-04,US,Durham,North Carolina,35.99403,-78.89862,1.512,0.55,Scale Umbrellas,Forecast rain 1.51 in ≥ 0.20 in,430.65,1291.95,0.005496
2026-10-04,US,Silver Spring,Maryland,38.99067,-77.02609,0.685,0.5,Scale Umbrellas,Forecast rain 0.69 in ≥ 0.20 in,424.96,1274.88,0.005424
2026-10-04,US,Mount Pleasant,South Carolina,32.79407,-79.86259,0.63,5.8,Scale Umbrellas,Forecast rain 0.63 in ≥ 0.20 in,407.3,1221.9,0.005198
2026-10-04,US,Rockville,Maryland,39.084,-77.15276,0.736,0.7,Scale Umbrellas,Forecast rain 0.74 in ≥ 0.20 in,396.81,1190.43,0.005065
2026-10-04,US,Morristown,New Jersey,40.79677,-74.48154,0.921,0.35,Scale Umbrellas,Forecast rain 0.92 in ≥ 0.20 in,391.5,1174.5,0.004997
2026-10-04,US,Decatur,Georgia,33.77483,-84.29631,0.972,0.65,Scale Umbrellas,Forecast rain 0.97 in ≥ 0.20 in,385.13,1155.39,0.004915
2026-10-04,US,Annapolis,Maryland,38.97859,-76.49184,1.236,0.45,Scale Umbrellas,Forecast rain 1.24 in ≥ 0.20 in,373.24,1119.72,0.004764
2026-10-04,US,Columbia,South Carolina,34.00071,-81.03481,0.492,0.7,Scale Umbrellas,Forecast rain 0.49 in ≥ 0.20 in,444.65000000000003,1093.84,0.004654
2026-10-04,US,Chattanooga,Tennessee,35.04563,-85.30968,0.618,2.65,Scale Umbrellas,Forecast rain 0.62 in ≥ 0.20 in,354.65000000000003,1063.95,0.004526
2026-10-04,US,Somerville,Massachusetts,42.3876,-71.0995,0.815,1.25,Scale Umbrellas,Forecast rain 0.81 in ≥ 0.20 in,352.11,1056.33,0.004494
2026-10-04,US,Lancaster,Pennsylvania,40.03788,-76.30551,0.673,0.35,Scale Umbrellas,Forecast rain 0.67 in ≥ 0.20 in,348.75,1046.25,0.004451
2026-10-04,US,Baton Rouge,Louisiana,30.44332,-91.18747,0.256,2.7,Scale Umbrellas,Forecast rain 0.26 in ≥ 0.20 in,804.9499999999999,1030.34,0.004383
2026-10-04,US,Westfield,New Jersey,40.65899,-74.34737,0.567,0.35,Scale Umbrellas,Forecast rain 0.57 in ≥ 0.20 in,358.62,1016.69,0.004325
2026-10-04,US,West Chester,Pennsylvania,39.96097,-75.60804,0.791,0.3,Scale Umbrellas,Forecast rain 0.79 in ≥ 0.20 in,338.35,1015.05,0.004318
2026-10-04,US,Myrtle Beach,South Carolina,33.68906,-78.88669,0.425,4.45,Scale Umbrellas,Forecast rain 0.42 in ≥ 0.20 in,475.21999999999997,1009.84,0.004296
2026-10-04,US,New Canaan,Connecticut,41.14676,-73.49484,0.661,0.3,Scale Umbrellas,Forecast rain 0.66 in ≥ 0.20 in,321.95,965.85,0.004109
2026-10-04,US,Mobile,Alabama,30.69436,-88.04305,2.248,0.65,Scale Umbrellas,Forecast rain 2.25 in ≥ 0.20 in,313.08000000000004,939.24,0.003996
2026-10-04,US,Stamford,Connecticut,41.05343,-73.53873,0.661,0.35,Scale Umbrellas,Forecast rain 0.66 in ≥ 0.20 in,312.91,938.73,0.003994
2026-10-04,US,Doylestown,Pennsylvania,40.31011,-75.12989,0.839,0.3,Scale Umbrellas,Forecast rain 0.84 in ≥ 0.20 in,312.63,937.89,0.00399
2026-10-04,US,Madison,Alabama,34.69926,-86.74833,0.236,2.55,Scale Umbrellas,Forecast rain 0.24 in ≥ 0.20 in,792.59,935.26,0.003979
2026-10-04,US,Fairfield,Connecticut,41.14121,-73.26373,0.697,0.45,Scale Umbrellas,Forecast rain 0.70 in ≥ 0.20 in,300.54,901.62,0.003836
2026-10-04,US,Metairie,Louisiana,29.98409,-90.15285,1.098,1.2,Scale Umbrellas,Forecast rain 1.10 in ≥ 0.20 in,288.17,864.51,0.003678
2026-10-04,US,Providence,Rhode Island,41.82399,-71.41283,0.945,1.0,Scale Umbrellas,Forecast rain 0.94 in ≥ 0.20 in,285.02,855.06,0.003638
2026-10-04,US,Milwaukee,Wisconsin,43.0389,-87.90647,0.319,4.1,Scale Umbrellas,Forecast rain 0.32 in ≥ 0.20 in,501.74,800.28,0.003405
2026-10-04,US,Norwalk,Connecticut,41.1176,-73.4079,0.732,0.35,Scale Umbrellas,Forecast rain 0.73 in ≥ 0.20 in,262.88,788.64,0.003355
2026-10-04,US,Princeton,New Jersey,40.34872,-74.65905,0.484,0.4,Scale Umbrellas,Forecast rain 0.48 in ≥ 0.20 in,291.97,706.57,0.003006
2026-10-04,US,Newark,Delaware,39.68372,-75.74966,0.78,0.4,Scale Umbrellas,Forecast rain 0.78 in ≥ 0.20 in,206.69,620.07,0.002638
2026-10-04,US,Berkley,Massachusetts,41.84593,-71.08282,0.862,0.85,Scale Umbrellas,Forecast rain 0.86 in ≥ 0.20 in,201.49,604.47,0.002572
2026-10-04,US,Huntsville,Alabama,34.7304,-86.58594,0.201,2.55,Scale Umbrellas,Forecast rain 0.20 in ≥ 0.20 in,573.15,576.02,0.002451
2026-10-04,US,New Castle,Delaware,39.65948,-75.56359,0.78,0.45,Scale Umbrellas,Forecast rain 0.78 in ≥ 0.20 in,190.71,572.13,0.002434
2026-10-04,US,Fairhope,Alabama,30.52297,-87.90333,1.173,1.1,Scale Umbrellas,Forecast rain 1.17 in ≥ 0.20 in,189.36,568.08,0.002417
2026-10-04,US,Lewes,Delaware,38.77456,-75.13935,0.799,0.65,Scale Umbrellas,Forecast rain 0.80 in ≥ 0.20 in,177.47,532.41,0.002265
2026-10-04,US,Manchester,New Hampshire,42.99564,-71.45479,0.673,1.8,Scale Umbrellas,Forecast rain 0.67 in ≥ 0.20 in,163.22,489.66,0.002083
2026-10-04,US,Barrington,Rhode Island,41.74066,-71.30866,0.862,0.8,Scale Umbrellas,Forecast rain 0.86 in ≥ 0.20 in,151.94,455.82,0.001939
2026-10-04,US,Nashua,New Hampshire,42.76537,-71.46757,0.531,1.45,Scale Umbrellas,Forecast rain 0.53 in ≥ 0.20 in,165.9,440.46,0.001874
2026-10-04,US,Gulfport,Mississippi,30.36742,-89.09282,3.055,0.45,Scale Umbrellas,Forecast rain 3.06 in ≥ 0.20 in,125.63,376.89,0.001603
2026-10-04,US,Scarborough,Maine,43.57814,-70.32172,0.602,2.1,Scale Umbrellas,Forecast rain 0.60 in ≥ 0.20 in,116.28,348.84,0.001484
2026-10-04,US,Hampton,New Hampshire,42.93759,-70.83894,0.65,1.65,Scale Umbrellas,Forecast rain 0.65 in ≥ 0.20 in,112.68,338.04,0.001438
2026-10-04,US,Portsmouth,New Hampshire,43.07704,-70.75766,0.661,1.75,Scale Umbrellas,Forecast rain 0.66 in ≥ 0.20 in,99.81,299.43,0.001274
2026-10-04,US,Middletown,Delaware,39.44956,-75.71632,1.02,0.6,Scale Umbrellas,Forecast rain 1.02 in ≥ 0.20 in,92.73,278.19,0.001184
2026-10-04,US,Anchorage,Alaska,61.21806,-149.90028,0.37,1.5,Scale Umbrellas,Forecast rain 0.37 in ≥ 0.20 in,147.56,272.99,0.001161
2026-10-04,US,Warwick,Rhode Island,41.7001,-71.41617,0.862,0.8,Scale Umbrellas,Forecast rain 0.86 in ≥ 0.20 in,90.69000000000001,272.07,0.001157
2026-10-04,US,Waukesha,Wisconsin,43.01168,-88.23148,0.413,4.4,Scale Umbrellas,Forecast rain 0.41 in ≥ 0.20 in,127.14,262.54,0.001117
2026-10-04,US,Cranston,Rhode Island,41.77982,-71.43728,0.957,0.8,Scale Umbrellas,Forecast rain 0.96 in ≥ 0.20 in,80.37,241.11,0.001026
2026-10-04,US,Falmouth,Maine,43.72953,-70.24199,0.638,2.2,Scale Umbrellas,Forecast rain 0.64 in ≥ 0.20 in,80.34,241.02,0.001025
2026-10-04,US,Jackson,Mississippi,32.29876,-90.18481,0.76,0.45,Scale Umbrellas,Forecast rain 0.76 in ≥ 0.20 in,77.13,231.39,0.000984
2026-10-04,US,Kailua,Hawaii,21.40241,-157.74054,0.118,8.05,Sun Protection (Hats/Shirts),Forecast UV 8.1 ≥ 8,223.49,224.89,0.000957
2026-10-04,US,Exeter,New Hampshire,42.98148,-70.94783,0.638,1.65,Scale Umbrellas,Forecast rain 0.64 in ≥ 0.20 in,72.16,216.48,0.000921
2026-10-04,US,East Greenwich,Rhode Island,41.66038,-71.45589,0.768,0.65,Scale Umbrellas,Forecast rain 0.77 in ≥ 0.20 in,71.36,214.08,0.000911
2026-10-04,US,Whitefish Bay,Wisconsin,43.11334,-87.90009,0.319,4.15,Scale Umbrellas,Forecast rain 0.32 in ≥ 0.20 in,129.47,206.5,0.000879
2026-10-04,US,Kaneohe,Hawaii,21.39994,-157.79895,0.118,8.05,Sun Protection (Hats/Shirts),Forecast UV 8.1 ≥ 8,204.73,206.01,0.000876
2026-10-04,US,Hattiesburg,Mississippi,31.32712,-89.29034,0.575,1.35,Scale Umbrellas,Forecast rain 0.57 in ≥ 0.20 in,69.27,199.15,0.000847
2026-10-04,US,Morgantown,West Virginia,39.62953,-79.9559,0.201,0.4,Scale Umbrellas,Forecast rain 0.20 in ≥ 0.20 in,196.82,197.8,0.000842
2026-10-04,US,Mililani,Hawaii,21.4504,-158.01503,0.0,8.1,Sun Protection (Hats/Shirts),Forecast UV 8.1 ≥ 8,172.35999999999999,174.51,0.000742
2026-10-04,US,Cordova,Alaska,60.5432,-145.75867,1.744,0.2,Scale Umbrellas,Forecast rain 1.74 in ≥ 0.20 in,57.24,171.72,0.000731
2026-10-04,US,Appleton,Wisconsin,44.26193,-88.41538,0.232,4.15,Scale Umbrellas,Forecast rain 0.23 in ≥ 0.20 in,117.31,136.08,0.000579
2026-10-04,US,Eliot,Maine,43.15314,-70.80006,0.614,1.9,Scale Umbrellas,Forecast rain 0.61 in ≥ 0.20 in,45.09,135.27,0.000575
2026-10-04,US,Wheeling,West Virginia,40.06396,-80.72091,0.201,2.4,Scale Umbrellas,Forecast rain 0.20 in ≥ 0.20 in,110.49,111.04,0.000472
2026-10-04,US,Sitka,Alaska,57.05315,-135.33089,1.374,0.3,Scale Umbrellas,Forecast rain 1.37 in ≥ 0.20 in,30.84,92.52,0.000394
2026-10-04,US,Wasilla,Alaska,61.5809,-149.4415,0.768,1.35,Scale Umbrellas,Forecast rain 0.77 in ≥ 0.20 in,19.48,58.44,0.000249
2026-10-04,CAN,Iqaluit,Nunavut,63.74697,-68.51727,0.307,2.0,Scale Umbrellas,Forecast rain 0.31 in ≥ 0.20 in,0.0,33.11,0.000141
2026-10-04,CAN,Saint John,New Brunswick,45.27076,-66.05616,0.209,3.8,Scale Umbrellas,Forecast rain 0.21 in ≥ 0.20 in,0.0,22.54,9.6e-05
2026-10-04,UK,Port Talbot,Wales,51.59241,-3.78019,0.256,3.35,Scale Umbrellas,Forecast rain 0.26 in ≥ 0.20 in,3.26,4.17,1.8e-05
2026-10-04,US,Fairbanks,Alaska,64.83778,-147.71638,0.004,1.6,Baseline,No forecast trigger,42.79,0.0,0.0
2026-10-04,US,Little Rock,Arkansas,34.74648,-92.28959,0.0,4.1,Baseline,No forecast trigger,493.72,0.0,0.0
2026-10-04,US,Jonesboro,Arkansas,35.8423,-90.70428,0.0,3.95,Baseline,No forecast trigger,181.6,0.0,0.0
2026-10-04,US,Bentonville,Arkansas,36.37285,-94.20882,0.0,5.45,Baseline,No forecast trigger,269.24,0.0,0.0
2026-10-04,US,Fayetteville,Arkansas,36.06258,-94.15743,0.0,4.85,Baseline,No forecast trigger,181.82999999999998,0.0,0.0
2026-10-04,US,Rogers,Arkansas,36.33202,-94.11854,0.0,5.45,Baseline,No forecast trigger,197.76,0.0,0.0
2026-10-04,US,Phoenix,Arizona,33.44838,-112.07404,0.0,6.75,Baseline,No forecast trigger,886.63,0.0,0.0
2026-10-04,US,Tucson,Arizona,32.22174,-110.92648,0.0,7.0,Baseline,No forecast trigger,776.7,0.0,0.0
2026-10-04,US,Scottsdale,Arizona,33.50921,-111.89903,0.0,6.75,Baseline,No forecast trigger,721.34,0.0,0.0
2026-10-04,US,Gilbert,Arizona,33.35283,-111.78903,0.0,6.8,Baseline,No forecast trigger,258.89,0.0,0.0
2026-10-04,US,Mesa,Arizona,33.42227,-111.82264,0.0,6.75,Baseline,No forecast trigger,266.38,0.0,0.0
2026-10-04,US,Los Angeles,California,34.05223,-118.24368,0.0,6.55,Baseline,No forecast trigger,4672.68,0.0,0.0
2026-10-04,US,San Francisco,California,37.77493,-122.41942,0.0,5.85,Baseline,No forecast trigger,4813.09,0.0,0.0
2026-10-04,US,San Diego,California,32.71571,-117.16472,0.0,6.7,Baseline,No forecast trigger,2386.1600000000003,0.0,0.0
2026-10-04,US,San Jose,California,37.33939,-121.89496,0.0,5.95,Baseline,No forecast trigger,1891.11,0.0,0.0
2026-10-04,US,Oakland,California,37.80437,-122.2708,0.0,5.85,Baseline,No forecast trigger,1290.01,0.0,0.0
2026-10-04,US,Denver,Colorado,39.73915,-104.9847,0.0,6.1,Baseline,No forecast trigger,1084.28,0.0,0.0
2026-10-04,US,Colorado Springs,Colorado,38.83388,-104.82136,0.0,6.3,Baseline,No forecast trigger,560.03,0.0,0.0
2026-10-04,US,Littleton,Colorado,39.61332,-105.01665,0.0,6.1,Baseline,No forecast trigger,314.51,0.0,0.0
2026-10-04,US,Aurora,Colorado,39.72943,-104.83192,0.0,6.1,Baseline,No forecast trigger,258.96,0.0,0.0
2026-10-04,US,Fort Collins,Colorado,40.58526,-105.08442,0.0,5.9,Baseline,No forecast trigger,268.81,0.0,0.0
2026-10-04,US,Miami,Florida,25.77427,-80.19366,0.0,7.4,Baseline,No forecast trigger,5223.5,0.0,0.0
2026-10-04,US,Orlando,Florida,28.53834,-81.37924,0.118,7.05,Baseline,No forecast trigger,1883.09,0.0,0.0
2026-10-04,US,Tampa,Florida,27.94752,-82.45843,0.035,6.95,Baseline,No forecast trigger,1342.3799999999999,0.0,0.0
2026-10-04,US,Boca Raton,Florida,26.35869,-80.0831,0.055,7.25,Baseline,No forecast trigger,1157.6399999999999,0.0,0.0
2026-10-04,US,Ewa Beach,Hawaii,21.31556,-158.00722,0.0,7.85,Baseline,No forecast trigger,318.9,0.0,0.0
2026-10-04,US,Cedar Rapids,Iowa,42.00833,-91.64407,0.031,4.75,Baseline,No forecast trigger,191.83,0.0,0.0
2026-10-04,US,Iowa City,Iowa,41.66113,-91.53017,0.0,4.8,Baseline,No forecast trigger,140.3,0.0,0.0
2026-10-04,US,Des Moines,Iowa,41.60054,-93.60911,0.0,4.85,Baseline,No forecast trigger,131.38,0.0,0.0
2026-10-04,US,Ames,Iowa,42.03471,-93.61994,0.0,4.85,Baseline,No forecast trigger,92.36,0.0,0.0
2026-10-04,US,West Des Moines,Iowa,41.57721,-93.71133,0.0,4.9,Baseline,No forecast trigger,106.61999999999999,0.0,0.0
2026-10-04,US,Boise,Idaho,43.6135,-116.20345,0.016,4.4,Baseline,No forecast trigger,320.84000000000003,0.0,0.0
2026-10-04,US,Meridian,Idaho,43.61211,-116.39151,0.008,4.4,Baseline,No forecast trigger,190.19,0.0,0.0
2026-10-04,US,Eagle,Idaho,43.69544,-116.35401,0.008,4.4,Baseline,No forecast trigger,87.22,0.0,0.0
2026-10-04,US,Kuna,Idaho,43.49183,-116.42012,0.031,4.5,Baseline,No forecast trigger,146.76,0.0,0.0
2026-10-04,US,Chicago,Illinois,41.85003,-87.65005,0.024,3.3,Baseline,No forecast trigger,5673.47,0.0,0.0
2026-10-04,US,Naperville,Illinois,41.78586,-88.14729,0.012,4.25,Baseline,No forecast trigger,583.85,0.0,0.0
2026-10-04,US,Evanston,Illinois,42.04114,-87.69006,0.035,3.4,Baseline,No forecast trigger,342.7,0.0,0.0
2026-10-04,US,Wilmette,Illinois,42.07225,-87.72284,0.035,3.6,Baseline,No forecast trigger,317.19,0.0,0.0
2026-10-04,US,Downers Grove,Illinois,41.80892,-88.01117,0.024,4.2,Baseline,No forecast trigger,279.19,0.0,0.0
2026-10-04,US,Indianapolis,Indiana,39.76838,-86.15804,0.0,3.9,Baseline,No forecast trigger,929.67,0.0,0.0
2026-10-04,US,Carmel,Indiana,39.97837,-86.11804,0.0,3.75,Baseline,No forecast trigger,523.33,0.0,0.0
2026-10-04,US,Fort Wayne,Indiana,41.1306,-85.12886,0.0,4.05,Baseline,No forecast trigger,393.86,0.0,0.0
2026-10-04,US,Bloomington,Indiana,39.16533,-86.52639,0.0,3.45,Baseline,No forecast trigger,283.25,0.0,0.0
2026-10-04,US,West Lafayette,Indiana,40.42587,-86.90807,0.0,4.1,Baseline,No forecast trigger,176.75,0.0,0.0
2026-10-04,US,Wichita,Kansas,37.69224,-97.33754,0.0,5.9,Baseline,No forecast trigger,448.71,0.0,0.0
2026-10-04,US,Overland Park,Kansas,38.98223,-94.67079,0.0,5.1,Baseline,No forecast trigger,418.71,0.0,0.0
2026-10-04,US,Olathe,Kansas,38.8814,-94.81913,0.0,5.15,Baseline,No forecast trigger,223.28,0.0,0.0
2026-10-04,US,Lawrence,Kansas,38.97167,-95.23525,0.0,5.15,Baseline,No forecast trigger,135.29,0.0,0.0
2026-10-04,US,Leawood,Kansas,38.96667,-94.6169,0.0,5.15,Baseline,No forecast trigger,124.37,0.0,0.0
2026-10-04,US,Louisville,Kentucky,38.25424,-85.75941,0.0,3.4,Baseline,No forecast trigger,1012.77,0.0,0.0
2026-10-04,US,Lexington,Kentucky,37.98869,-84.47772,0.012,2.85,Baseline,No forecast trigger,698.16,0.0,0.0
2026-10-04,US,Bowling Green,Kentucky,36.99032,-86.4436,0.0,3.7,Baseline,No forecast trigger,131.9,0.0,0.0
2026-10-04,US,Paducah,Kentucky,37.08339,-88.60005,0.0,3.35,Baseline,No forecast trigger,160.38,0.0,0.0
2026-10-04,US,Middlesboro,Kentucky,36.60842,-83.71658,0.157,1.6,Baseline,No forecast trigger,43.95,0.0,0.0
2026-10-04,US,Shreveport,Louisiana,32.52515,-93.75018,0.059,3.75,Baseline,No forecast trigger,560.43,0.0,0.0
2026-10-04,US,Bangor,Maine,44.79884,-68.77265,0.189,2.85,Baseline,No forecast trigger,57.54,0.0,0.0
2026-10-04,US,Ann Arbor,Michigan,42.27756,-83.74088,0.0,4.0,Baseline,No forecast trigger,531.72,0.0,0.0
2026-10-04,US,Grand Rapids,Michigan,42.96336,-85.66809,0.012,2.45,Baseline,No forecast trigger,582.97,0.0,0.0
2026-10-04,US,Bloomfield Hills,Michigan,42.58364,-83.24549,0.0,4.2,Baseline,No forecast trigger,349.34999999999997,0.0,0.0
2026-10-04,US,Plymouth,Michigan,42.37143,-83.47021,0.0,4.25,Baseline,No forecast trigger,442.88,0.0,0.0
2026-10-04,US,Macomb,Michigan,42.70087,-82.95909,0.0,4.25,Baseline,No forecast trigger,180.2,0.0,0.0
2026-10-04,US,Minneapolis,Minnesota,44.97997,-93.26384,0.0,4.35,Baseline,No forecast trigger,1008.53,0.0,0.0
2026-10-04,US,Saint Paul,Minnesota,44.94441,-93.09327,0.0,4.35,Baseline,No forecast trigger,508.1,0.0,0.0
2026-10-04,US,Plymouth,Minnesota,45.01052,-93.45551,0.0,4.35,Baseline,No forecast trigger,442.88,0.0,0.0
2026-10-04,US,Minnetonka,Minnesota,44.9133,-93.50329,0.0,4.35,Baseline,No forecast trigger,129.98,0.0,0.0
2026-10-04,US,Eden Prairie,Minnesota,44.85469,-93.47079,0.0,4.4,Baseline,No forecast trigger,158.16,0.0,0.0
2026-10-04,US,Saint Louis,Missouri,38.65174,-90.20525,0.0,5.05,Baseline,No forecast trigger,971.51,0.0,0.0
2026-10-04,US,Kansas City,Missouri,39.09973,-94.57857,0.0,5.2,Baseline,No forecast trigger,569.2,0.0,0.0
2026-10-04,US,Chesterfield,Missouri,38.66311,-90.57707,0.0,4.75,Baseline,No forecast trigger,297.32,0.0,0.0
2026-10-04,US,Saint Charles,Missouri,38.78394,-90.48123,0.0,4.65,Baseline,No forecast trigger,215.67999999999998,0.0,0.0
2026-10-04,US,Springfield,Missouri,37.21533,-93.29824,0.0,5.4,Baseline,No forecast trigger,218.38,0.0,0.0
2026-10-04,US,Southaven,Mississippi,34.98898,-90.01259,0.0,3.8,Baseline,No forecast trigger,81.25,0.0,0.0
2026-10-04,US,Bozeman,Montana,45.67965,-111.03856,0.0,4.8,Baseline,No forecast trigger,95.10000000000001,0.0,0.0
2026-10-04,US,Billings,Montana,45.78329,-108.50069,0.0,4.6,Baseline,No forecast trigger,122.97999999999999,0.0,0.0
2026-10-04,US,Great Falls,Montana,47.50024,-111.30081,0.0,4.3,Baseline,No forecast trigger,56.92,0.0,0.0
2026-10-04,US,Missoula,Montana,46.87215,-113.994,0.0,4.5,Baseline,No forecast trigger,54.42,0.0,0.0
2026-10-04,US,Kalispell,Montana,48.19579,-114.31291,0.0,4.25,Baseline,No forecast trigger,69.74,0.0,0.0
2026-10-04,US,Fargo,North Dakota,46.87719,-96.7898,0.0,4.2,Baseline,No forecast trigger,126.84,0.0,0.0
2026-10-04,US,West Fargo,North Dakota,46.87497,-96.90036,0.0,4.2,Baseline,No forecast trigger,76.10000000000001,0.0,0.0
2026-10-04,US,Bismarck,North Dakota,46.80833,-100.78374,0.0,4.4,Baseline,No forecast trigger,53.26,0.0,0.0
2026-10-04,US,Dickinson,North Dakota,46.87918,-102.78962,0.0,4.4,Baseline,No forecast trigger,50.58,0.0,0.0
2026-10-04,US,Grand Forks,North Dakota,47.92526,-97.03285,0.0,4.05,Baseline,No forecast trigger,17.33,0.0,0.0
2026-10-04,US,Omaha,Nebraska,41.25626,-95.94043,0.0,5.0,Baseline,No forecast trigger,448.37,0.0,0.0
2026-10-04,US,Lincoln,Nebraska,40.8,-96.66696,0.0,5.15,Baseline,No forecast trigger,203.64000000000001,0.0,0.0
2026-10-04,US,Elkhorn,Nebraska,41.345,-96.256,0.0,5.05,Baseline,No forecast trigger,113.06,0.0,0.0
2026-10-04,US,Bellevue,Nebraska,41.13667,-95.89084,0.0,5.0,Baseline,No forecast trigger,571.83,0.0,0.0
2026-10-04,US,Papillion,Nebraska,41.15444,-96.04224,0.0,5.05,Baseline,No forecast trigger,71.71000000000001,0.0,0.0
2026-10-04,US,Albuquerque,New Mexico,35.08449,-106.65114,0.0,6.7,Baseline,No forecast trigger,600.62,0.0,0.0
2026-10-04,US,Santa Fe,New Mexico,35.68698,-105.9378,0.0,6.65,Baseline,No forecast trigger,196.16,0.0,0.0
2026-10-04,US,Las Cruces,New Mexico,32.31232,-106.77834,0.0,4.8,Baseline,No forecast trigger,137.95,0.0,0.0
2026-10-04,US,Tijeras,New Mexico,35.08088,-106.38808,0.0,6.7,Baseline,No forecast trigger,55.67,0.0,0.0
2026-10-04,US,Los Alamos,New Mexico,35.88808,-106.30697,0.0,6.65,Baseline,No forecast trigger,62.35,0.0,0.0
2026-10-04,US,Henderson,Nevada,36.0397,-114.98194,0.0,6.15,Baseline,No forecast trigger,427.53000000000003,0.0,0.0
2026-10-04,US,Las Vegas,Nevada,36.17497,-115.13722,0.0,6.4,Baseline,No forecast trigger,1162.12,0.0,0.0
2026-10-04,US,Reno,Nevada,39.52963,-119.8138,0.0,5.75,Baseline,No forecast trigger,381.45,0.0,0.0
2026-10-04,US,Carson City,Nevada,39.1638,-119.7674,0.0,5.7,Baseline,No forecast trigger,42.79,0.0,0.0
2026-10-04,US,North Las Vegas,Nevada,36.19886,-115.1175,0.0,6.45,Baseline,No forecast trigger,40.589999999999996,0.0,0.0
2026-10-04,US,Cincinnati,Ohio,39.12711,-84.51439,0.012,3.75,Baseline,No forecast trigger,1433.23,0.0,0.0
2026-10-04,US,Columbus,Ohio,39.96118,-82.99879,0.0,4.05,Baseline,No forecast trigger,1196.1299999999999,0.0,0.0
2026-10-04,US,Dayton,Ohio,39.75895,-84.19161,0.0,4.6,Baseline,No forecast trigger,456.67,0.0,0.0
2026-10-04,US,Dublin,Ohio,40.09923,-83.11408,0.0,4.25,Baseline,No forecast trigger,314.94,0.0,0.0
2026-10-04,US,Cleveland,Ohio,41.4995,-81.69541,0.012,4.55,Baseline,No forecast trigger,289.03,0.0,0.0
2026-10-04,US,Edmond,Oklahoma,35.65283,-97.4781,0.0,5.2,Baseline,No forecast trigger,733.89,0.0,0.0
2026-10-04,US,Tulsa,Oklahoma,36.15398,-95.99277,0.0,5.9,Baseline,No forecast trigger,869.0,0.0,0.0
2026-10-04,US,Oklahoma City,Oklahoma,35.46756,-97.51643,0.004,4.35,Baseline,No forecast trigger,443.71999999999997,0.0,0.0
2026-10-04,US,Norman,Oklahoma,35.22257,-97.43948,0.004,4.0,Baseline,No forecast trigger,220.45,0.0,0.0
2026-10-04,US,Broken Arrow,Oklahoma,36.0526,-95.79082,0.0,5.85,Baseline,No forecast trigger,170.9,0.0,0.0
2026-10-04,US,Portland,Oregon,45.52345,-122.67621,0.0,3.85,Baseline,No forecast trigger,2148.29,0.0,0.0
2026-10-04,US,Lake Oswego,Oregon,45.42067,-122.67065,0.0,3.8,Baseline,No forecast trigger,348.06,0.0,0.0
2026-10-04,US,Beaverton,Oregon,45.48706,-122.80371,0.0,3.85,Baseline,No forecast trigger,233.05,0.0,0.0
2026-10-04,US,Eugene,Oregon,44.05207,-123.08675,0.0,4.45,Baseline,No forecast trigger,247.76,0.0,0.0
2026-10-04,US,Salem,Oregon,44.9429,-123.0351,0.0,3.75,Baseline,No forecast trigger,203.3,0.0,0.0
2026-10-04,US,Pittsburgh,Pennsylvania,40.44062,-79.99589,0.071,1.75,Baseline,No forecast trigger,1310.97,0.0,0.0
2026-10-04,US,Sioux Falls,South Dakota,43.54997,-96.70033,0.0,4.75,Baseline,No forecast trigger,117.28,0.0,0.0
2026-10-04,US,Rapid City,South Dakota,44.08054,-103.23101,0.0,4.75,Baseline,No forecast trigger,61.57,0.0,0.0
2026-10-04,US,Lennox,South Dakota,43.35415,-96.892,0.0,4.75,Baseline,No forecast trigger,35.589999999999996,0.0,0.0
2026-10-04,US,Madison,South Dakota,44.00608,-97.11395,0.0,4.7,Baseline,No forecast trigger,792.59,0.0,0.0
2026-10-04,US,Aberdeen,South Dakota,45.4647,-98.48648,0.0,4.5,Baseline,No forecast trigger,16.51,0.0,0.0
2026-10-04,US,Nashville,Tennessee,36.16589,-86.78444,0.0,3.55,Baseline,No forecast trigger,1367.7,0.0,0.0
2026-10-04,US,Memphis,Tennessee,35.14953,-90.04898,0.012,3.9,Baseline,No forecast trigger,618.09,0.0,0.0
2026-10-04,US,Franklin,Tennessee,35.92506,-86.86889,0.012,3.45,Baseline,No forecast trigger,581.0400000000001,0.0,0.0
2026-10-04,US,Houston,Texas,29.76328,-95.36327,0.189,4.8,Baseline,No forecast trigger,5346.01,0.0,0.0
2026-10-04,US,Austin,Texas,30.26715,-97.74306,0.0,4.95,Baseline,No forecast trigger,2988.3900000000003,0.0,0.0
2026-10-04,US,San Antonio,Texas,29.42412,-98.49363,0.0,6.9,Baseline,No forecast trigger,1479.07,0.0,0.0
2026-10-04,US,Salt Lake City,Utah,40.76078,-111.89105,0.0,5.65,Baseline,No forecast trigger,325.87,0.0,0.0
2026-10-04,US,South Jordan,Utah,40.56217,-111.92966,0.0,5.7,Baseline,No forecast trigger,175.77,0.0,0.0
2026-10-04,US,Park City,Utah,40.64606,-111.49797,0.0,5.55,Baseline,No forecast trigger,140.23,0.0,0.0
2026-10-04,US,Sandy,Utah,40.59161,-111.8841,0.0,5.7,Baseline,No forecast trigger,113.27,0.0,0.0
2026-10-04,US,Burlington,Vermont,44.47588,-73.21207,0.189,3.15,Baseline,No forecast trigger,70.22,0.0,0.0
2026-10-04,US,Essex Junction,Vermont,44.49061,-73.11096,0.189,3.15,Baseline,No forecast trigger,46.56,0.0,0.0
2026-10-04,US,Hyde Park,Vermont,44.59394,-72.61651,0.189,3.3,Baseline,No forecast trigger,39.81,0.0,0.0
2026-10-04,US,South Burlington,Vermont,44.46699,-73.17096,0.189,3.15,Baseline,No forecast trigger,89.83,0.0,0.0
2026-10-04,US,Stowe,Vermont,44.46533,-72.68456,0.118,3.3,Baseline,No forecast trigger,62.660000000000004,0.0,0.0
2026-10-04,US,Seattle,Washington,47.60621,-122.33207,0.0,4.15,Baseline,No forecast trigger,2971.65,0.0,0.0
2026-10-04,US,Bellevue,Washington,47.61038,-122.20068,0.0,4.15,Baseline,No forecast trigger,571.83,0.0,0.0
2026-10-04,US,Vancouver,Washington,45.63873,-122.66149,0.0,3.85,Baseline,No forecast trigger,525.01,0.0,0.0
2026-10-04,US,Tacoma,Washington,47.25288,-122.44429,0.0,4.05,Baseline,No forecast trigger,431.4,0.0,0.0
2026-10-04,US,Huntington,West Virginia,38.41925,-82.44515,0.0,1.75,Baseline,No forecast trigger,96.22,0.0,0.0
2026-10-04,US,Charleston,West Virginia,38.34982,-81.63262,0.012,0.7,Baseline,No forecast trigger,702.72,0.0,0.0
2026-10-04,US,Hurricane,West Virginia,38.43259,-82.02014,0.0,0.75,Baseline,No forecast trigger,50.01,0.0,0.0
2026-10-04,US,Cheyenne,Wyoming,41.13998,-104.82025,0.0,5.9,Baseline,No forecast trigger,97.29,0.0,0.0
2026-10-04,US,Sheridan,Wyoming,44.79719,-106.95618,0.0,4.8,Baseline,No forecast trigger,79.39999999999999,0.0,0.0
2026-10-04,US,Rock Springs,Wyoming,41.58746,-109.2029,0.0,5.95,Baseline,No forecast trigger,63.05,0.0,0.0
2026-10-04,US,Cody,Wyoming,44.52634,-109.05653,0.0,4.95,Baseline,No forecast trigger,26.89,0.0,0.0
2026-10-04,US,Casper,Wyoming,42.86663,-106.31308,0.0,5.65,Baseline,No forecast trigger,20.36,0.0,0.0
2026-10-04,UK,London,England,51.50853,-0.12574,0.012,3.4,Baseline,No forecast trigger,333.68,0.0,0.0
2026-10-04,UK,Bristol,England,51.45523,-2.59665,0.035,3.45,Baseline,No forecast trigger,44.980000000000004,0.0,0.0
2026-10-04,UK,Sheffield,England,53.38297,-1.4659,0.043,3.1,Baseline,No forecast trigger,19.35,0.0,0.0
2026-10-04,UK,Swindon,England,51.55797,-1.78116,0.012,3.45,Baseline,No forecast trigger,23.59,0.0,0.0
2026-10-04,UK,Birmingham,England,52.48142,-1.89983,0.012,3.25,Baseline,No forecast trigger,12.91,0.0,0.0
2026-10-04,UK,Brighton,England,50.82838,-0.13947,0.0,3.5,Baseline,No forecast trigger,10.48,0.0,0.0
2026-10-04,UK,Hove,England,50.83088,-0.1672,0.0,3.5,Baseline,No forecast trigger,12.92,0.0,0.0
2026-10-04,UK,Manchester,England,53.48095,-2.23743,0.15,2.95,Baseline,No forecast trigger,12.33,0.0,0.0
2026-10-04,UK,Glasgow,Scotland,55.86515,-4.25763,0.083,0.5,Baseline,No forecast trigger,15.85,0.0,0.0
2026-10-04,UK,Edinburgh,Scotland,55.95206,-3.19648,0.024,1.0,Baseline,No forecast trigger,12.5,0.0,0.0
2026-10-04,UK,Aberdeen,Scotland,57.14369,-2.09814,0.0,1.4,Baseline,No forecast trigger,6.25,0.0,0.0
2026-10-04,UK,Dunfermline,Scotland,56.07156,-3.45887,0.035,0.55,Baseline,No forecast trigger,6.300000000000001,0.0,0.0
2026-10-04,UK,Aboyne,Scotland,57.07546,-2.78023,0.0,1.2,Baseline,No forecast trigger,2.43,0.0,0.0
2026-10-04,UK,Balerno,Scotland,55.88437,-3.33975,0.024,0.85,Baseline,No forecast trigger,2.94,0.0,0.0
2026-10-04,UK,Banchory,Scotland,57.05168,-2.48824,0.0,1.25,Baseline,No forecast trigger,3.8200000000000003,0.0,0.0
2026-10-04,UK,Barrhead,Scotland,55.79916,-4.39285,0.047,0.5,Baseline,No forecast trigger,3.2,0.0,0.0
2026-10-04,UK,Cardiff,Wales,51.48,-3.18,0.118,3.4,Baseline,No forecast trigger,8.45,0.0,0.0
2026-10-04,UK,Aberdare,Wales,51.71438,-3.44918,0.138,3.4,Baseline,No forecast trigger,5.9399999999999995,0.0,0.0
2026-10-04,UK,Clarbeston Road,Wales,51.85139,-4.88056,0.106,3.2,Baseline,No forecast trigger,2.83,0.0,0.0
2026-10-04,UK,Cwmbran,Wales,51.65446,-3.02281,0.035,3.4,Baseline,No forecast trigger,2.79,0.0,0.0
2026-10-04,UK,Llanidloes,Wales,52.44977,-3.53997,0.035,3.2,Baseline,No forecast trigger,2.6500000000000004,0.0,0.0
2026-10-04,UK,Merthyr Tydfil,Wales,51.74794,-3.37779,0.094,3.4,Baseline,No forecast trigger,3.1,0.0,0.0
2026-10-04,UK,Newry,Northern Ireland,54.17841,-6.33739,0.012,1.95,Baseline,No forecast trigger,5.859999999999999,0.0,0.0
2026-10-04,UK,Belfast,Northern Ireland,54.59682,-5.92541,0.043,1.75,Baseline,No forecast trigger,3.08,0.0,0.0
2026-10-04,UK,Craigavon,Northern Ireland,54.44709,-6.387,0.035,1.75,Baseline,No forecast trigger,2.81,0.0,0.0
2026-10-04,UK,Dromara,Northern Ireland,54.36667,-6.01667,0.0,1.85,Baseline,No forecast trigger,2.63,0.0,0.0
2026-10-04,UK,Derry,Northern Ireland,54.9981,-7.30934,0.059,0.5,Baseline,No forecast trigger,0.0,0.0,0.0
2026-10-04,UK,Lisburn,Northern Ireland,54.52337,-6.03527,0.055,1.9,Baseline,No forecast trigger,0.0,0.0,0.0
2026-10-04,UK,Bangor,Northern Ireland,54.66079,-5.66802,0.0,1.75,Baseline,No forecast trigger,0.0,0.0,0.0
2026-10-04,CAN,Calgary,Alberta,51.05011,-114.08529,0.0,3.85,Baseline,No forecast trigger,120.13,0.0,0.0
2026-10-04,CAN,Edmonton,Alberta,53.55014,-113.46871,0.0,2.95,Baseline,No forecast trigger,51.53,0.0,0.0
2026-10-04,CAN,St. Albert,Alberta,53.63344,-113.63533,0.0,2.95,Baseline,No forecast trigger,6.260000000000001,0.0,0.0
2026-10-04,CAN,Wainwright,Alberta,52.83482,-110.85342,0.0,3.0,Baseline,No forecast trigger,1.96,0.0,0.0
2026-10-04,CAN,West Baptiste,Alberta,54.75016,-113.5688,0.0,2.85,Baseline,No forecast trigger,1.1300000000000001,0.0,0.0
2026-10-04,CAN,Vancouver,British Columbia,49.24966,-123.11934,0.0,3.45,Baseline,No forecast trigger,271.66,0.0,0.0
2026-10-04,CAN,Victoria,British Columbia,48.4359,-123.35155,0.0,3.95,Baseline,No forecast trigger,64.17,0.0,0.0
2026-10-04,CAN,Surrey,British Columbia,49.10635,-122.82509,0.0,3.5,Baseline,No forecast trigger,84.99,0.0,0.0
2026-10-04,CAN,Burnaby,British Columbia,49.26636,-122.95263,0.0,3.5,Baseline,No forecast trigger,73.67,0.0,0.0
2026-10-04,CAN,North Vancouver,British Columbia,49.31636,-123.06934,0.0,3.45,Baseline,No forecast trigger,55.17,0.0,0.0
2026-10-04,CAN,Headingley,Manitoba,49.8753,-97.40896,0.0,3.75,Baseline,No forecast trigger,2.4,0.0,0.0
2026-10-04,CAN,Winnipeg,Manitoba,49.8844,-97.14704,0.0,3.75,Baseline,No forecast trigger,13.26,0.0,0.0
2026-10-04,CAN,Brandon,Manitoba,49.84692,-99.95306,0.0,3.9,Baseline,No forecast trigger,0.0,0.0,0.0
2026-10-04,CAN,Steinbach,Manitoba,49.52579,-96.68451,0.0,3.8,Baseline,No forecast trigger,0.0,0.0,0.0
2026-10-04,CAN,Thompson,Manitoba,55.7435,-97.85579,0.008,2.55,Baseline,No forecast trigger,0.0,0.0,0.0
2026-10-04,CAN,Moncton,New Brunswick,46.09454,-64.7965,0.15,3.9,Baseline,No forecast trigger,4.27,0.0,0.0
2026-10-04,CAN,Fredericton,New Brunswick,45.94541,-66.66558,0.118,3.75,Baseline,No forecast trigger,2.72,0.0,0.0
2026-10-04,CAN,Dieppe,New Brunswick,46.07844,-64.68735,0.134,3.9,Baseline,No forecast trigger,8.95,0.0,0.0
2026-10-04,CAN,Miramichi,New Brunswick,47.02895,-65.50186,0.0,3.55,Baseline,No forecast trigger,0.0,0.0,0.0
2026-10-04,CAN,St. John'S,Newfoundland And Labrador,47.56494,-52.70931,0.0,4.1,Baseline,No forecast trigger,2.87,0.0,0.0
2026-10-04,CAN,Mount Pearl,Newfoundland And Labrador,47.51659,-52.78135,0.0,4.15,Baseline,No forecast trigger,0.0,0.0,0.0
2026-10-04,CAN,Corner Brook,Newfoundland And Labrador,48.95001,-57.95202,0.043,3.9,Baseline,No forecast trigger,0.0,0.0,0.0
2026-10-04,CAN,Halifax,Nova Scotia,44.64269,-63.57688,0.15,3.85,Baseline,No forecast trigger,17.27,0.0,0.0
2026-10-04,CAN,Dartmouth,Nova Scotia,44.67134,-63.57719,0.15,3.85,Baseline,No forecast trigger,2.3000000000000003,0.0,0.0
2026-10-04,CAN,Sydney,Nova Scotia,46.1351,-60.1831,0.0,4.3,Baseline,No forecast trigger,0.0,0.0,0.0
2026-10-04,CAN,Truro,Nova Scotia,45.36685,-63.26538,0.063,4.3,Baseline,No forecast trigger,0.0,0.0,0.0
2026-10-04,CAN,New Glasgow,Nova Scotia,45.58344,-62.64863,0.016,4.25,Baseline,No forecast trigger,0.0,0.0,0.0
2026-10-04,CAN,Yellowknife,Northwest Territories,62.45411,-114.37248,0.0,1.65,Baseline,No forecast trigger,0.0,0.0,0.0
2026-10-04,CAN,Hay River,Northwest Territories,60.81555,-115.79993,0.0,2.05,Baseline,No forecast trigger,0.0,0.0,0.0
2026-10-04,CAN,Inuvik,Northwest Territories,68.36166,-133.72816,0.0,0.7,Baseline,No forecast trigger,0.0,0.0,0.0
2026-10-04,CAN,Fort Smith,Northwest Territories,60.00439,-111.88871,0.0,2.3,Baseline,No forecast trigger,0.0,0.0,0.0
2026-10-04,CAN,Behchokǫ̀,Northwest Territories,62.8025,-116.04639,0.0,1.4,Baseline,No forecast trigger,0.0,0.0,0.0
2026-10-04,CAN,Rankin Inlet,Nunavut,62.80906,-92.08534,0.035,1.4,Baseline,No forecast trigger,0.0,0.0,0.0
2026-10-04,CAN,Arviat,Nunavut,61.10883,-94.05848,0.0,1.55,Baseline,No forecast trigger,0.0,0.0,0.0
2026-10-04,CAN,Baker Lake,Nunavut,64.32009,-96.02123,0.0,1.85,Baseline,No forecast trigger,0.0,0.0,0.0
2026-10-04,CAN,Cambridge Bay,Nunavut,69.11489,-105.05484,0.0,1.2,Baseline,No forecast trigger,0.0,0.0,0.0
2026-10-04,CAN,Toronto,Ontario,43.70643,-79.39864,0.0,3.25,Baseline,No forecast trigger,355.27,0.0,0.0
2026-10-04,CAN,Ottawa,Ontario,45.41117,-75.69812,0.012,3.5,Baseline,No forecast trigger,115.72999999999999,0.0,0.0
2026-10-04,CAN,Kingston,Ontario,44.22976,-76.48098,0.035,2.25,Baseline,No forecast trigger,15.200000000000001,0.0,0.0
2026-10-04,CAN,Guelph,Ontario,43.54594,-80.25599,0.0,3.1,Baseline,No forecast trigger,21.63,0.0,0.0
2026-10-04,CAN,Markham,Ontario,43.86682,-79.2663,0.0,3.4,Baseline,No forecast trigger,28.5,0.0,0.0
2026-10-04,CAN,Charlottetown,Prince Edward Island,46.23459,-63.1256,0.055,4.1,Baseline,No forecast trigger,0.0,0.0,0.0
2026-10-04,CAN,Summerside,Prince Edward Island,46.3912,-63.78869,0.079,3.95,Baseline,No forecast trigger,0.0,0.0,0.0
2026-10-04,CAN,Cornwall,Prince Edward Island,46.22652,-63.21809,0.055,4.1,Baseline,No forecast trigger,0.0,0.0,0.0
2026-10-04,CAN,Montague,Prince Edward Island,46.16681,-62.64866,0.024,4.2,Baseline,No forecast trigger,0.0,0.0,0.0
2026-10-04,CAN,Montreal,Quebec,45.50884,-73.58781,0.012,3.95,Baseline,No forecast trigger,70.45,0.0,0.0
2026-10-04,CAN,Dorval,Quebec,45.4473,-73.75335,0.012,4.0,Baseline,No forecast trigger,5.35,0.0,0.0
2026-10-04,CAN,Blainville,Quebec,45.66678,-73.88249,0.024,3.95,Baseline,No forecast trigger,7.81,0.0,0.0
2026-10-04,CAN,Brossard,Quebec,45.45008,-73.46583,0.0,3.8,Baseline,No forecast trigger,5.61,0.0,0.0
2026-10-04,CAN,Cote-Saint-Luc,Quebec,45.46536,-73.66585,0.012,4.0,Baseline,No forecast trigger,4.7700000000000005,0.0,0.0
2026-10-04,CAN,Saskatoon,Saskatchewan,52.13238,-106.66892,0.0,3.25,Baseline,No forecast trigger,12.18,0.0,0.0
2026-10-04,CAN,Yellow Grass,Saskatchewan,49.80006,-104.16781,0.0,3.75,Baseline,No forecast trigger,3.3,0.0,0.0
2026-10-04,CAN,Regina,Saskatchewan,50.45008,-104.6178,0.0,3.45,Baseline,No forecast trigger,2.59,0.0,0.0
2026-10-04,CAN,Prince Albert,Saskatchewan,53.20008,-105.76772,0.0,3.2,Baseline,No forecast trigger,0.0,0.0,0.0
2026-10-04,CAN,Moose Jaw,Saskatchewan,50.40005,-105.53445,0.0,3.55,Baseline,No forecast trigger,0.0,0.0,0.0
2026-10-04,CAN,Whitehorse,Yukon,60.71611,-135.05376,0.071,1.35,Baseline,No forecast trigger,0.0,0.0,0.0
2026-10-04,CAN,Dawson City,Yukon,64.06013,-139.43327,0.0,1.2,Baseline,No forecast trigger,0.0,0.0,0.0
2026-10-04,CAN,Watson Lake,Yukon,60.06349,-128.70892,0.154,1.85,Baseline,No forecast trigger,0.0,0.0,0.0
2026-10-04,CAN,Haines Junction,Yukon,60.75216,-137.51082,0.0,0.2,Baseline,No forecast trigger,0.0,0.0,0.0
2026-10-04,CAN,Mayo,Yukon,63.59274,-135.89984,0.083,1.3,Baseline,No forecast trigger,0.0,0.0,0.0
2026-10-04,US,Coeur D'Alene,Idaho,47.6777,-116.7805,0.0,4.25,Baseline,No forecast trigger,20.02,0.0,0.0
2026-10-04,US,Eagle Mountain,Utah,40.3144,-111.9849,0.0,5.85,Baseline,No forecast trigger,25.580000000000002,0.0,0.0
2026-10-04,US,Spokane,Washington,47.6569,-117.425,0.0,4.25,Baseline,No forecast trigger,186.72,0.0,0.0
2026-10-04,UK,Swansea,Wales,51.6214,-3.9436,0.197,3.25,Baseline,No forecast trigger,2.66,0.0,0.0
2026-10-04,CAN,Grand Falls-Windsor,Newfoundland And Labrador,48.9332,-55.6649,0.0,3.9,Baseline,No forecast trigger,0.0,0.0,0.0
2026-10-04,CAN,Paradise,Newfoundland And Labrador,47.5333,-52.9667,0.0,4.15,Baseline,No forecast trigger,2.7,0.0,0.0
2026-10-04,CAN,Stratford,Prince Edward Island,46.2153,-63.0866,0.047,4.15,Baseline,No forecast trigger,0.0,0.0,0.0
