Date,Region,City,State,Lat,Lon,Umbrella_Revenue,Umbrella_Units,Non_Umbrella_Revenue,Non_Umbrella_Units,Observed_Precip_In,Is_Rainy,Verified_Match
2026-09-26,CAN,Blainville,Quebec,45.6668,-73.8825,1.7799999999999998,0,0.0,0.0,0.0,False,False
2026-09-26,CAN,Brossard,Quebec,45.4501,-73.4658,1.28,0,0.0,0.0,0.0,False,False
2026-09-26,CAN,Burnaby,British Columbia,49.2664,-122.9526,16.869999999999997,0,0.0,0.0,0.1299212598425196,False,False
2026-09-26,CAN,Calgary,Alberta,51.0501,-114.0853,27.490000000000002,0,0.0,0.0,0.0196850393700787,False,False
2026-09-26,CAN,Cote-Saint-Luc,Quebec,45.4654,-73.6659,1.0899999999999999,0,0.0,0.0,0.0,False,False
2026-09-26,CAN,Dartmouth,Nova Scotia,44.6713,-63.5772,0.53,0,0.0,0.0,0.0472440944881889,False,False
2026-09-26,CAN,Dieppe,New Brunswick,46.0784,-64.6874,2.05,0,0.0,0.0,0.0,False,False
2026-09-26,CAN,Dorval,Quebec,45.4473,-73.7534,1.22,0,0.0,0.0,0.0,False,False
2026-09-26,CAN,Edmonton,Alberta,53.5501,-113.4687,11.780000000000001,0,0.0,0.0,0.0354330708661417,False,False
2026-09-26,CAN,Fredericton,New Brunswick,45.9454,-66.6656,0.62,0,0.0,0.0,0.0,False,False
2026-09-26,CAN,Guelph,Ontario,43.5459,-80.256,4.949999999999999,0,0.0,0.0,0.0,False,False
2026-09-26,CAN,Halifax,Nova Scotia,44.6427,-63.5769,3.96,0,0.0,0.0,0.0511811023622047,False,False
2026-09-26,CAN,Headingley,Manitoba,49.8753,-97.409,0.54,0,0.0,0.0,0.421259842519685,True,True
2026-09-26,CAN,Kingston,Ontario,44.2298,-76.481,3.4899999999999998,0,0.0,0.0,0.0,False,False
2026-09-26,CAN,Markham,Ontario,43.8668,-79.2663,6.51,0,0.0,0.0,0.0,False,False
2026-09-26,CAN,Moncton,New Brunswick,46.0945,-64.7965,0.97,0,0.0,0.0,0.0,False,False
2026-09-26,CAN,Montreal,Quebec,45.5088,-73.5878,16.130000000000003,0,0.0,0.0,0.0,False,False
2026-09-26,CAN,North Vancouver,British Columbia,49.3164,-123.0693,12.620000000000001,0,0.0,0.0,0.0669291338582677,False,False
2026-09-26,CAN,Ottawa,Ontario,45.4112,-75.6981,26.490000000000002,0,0.0,0.0,0.0,False,False
2026-09-26,CAN,Paradise,Newfoundland and Labrador,47.5333,-52.9667,0.62,0,0.0,0.0,0.0,False,False
2026-09-26,CAN,Regina,Saskatchewan,50.4501,-104.6178,0.59,0,0.0,0.0,0.0118110236220472,False,False
2026-09-26,CAN,Saskatoon,Saskatchewan,52.1324,-106.6689,2.79,0,0.0,0.0,0.0039370078740157,False,False
2026-09-26,CAN,St. Albert,Alberta,53.6334,-113.6353,1.4300000000000002,0,0.0,0.0,0.0669291338582677,False,False
2026-09-26,CAN,St. John'S,Newfoundland and Labrador,47.5649,-52.7093,0.65,0,0.0,0.0,0.0,False,False
2026-09-26,CAN,Surrey,British Columbia,49.1064,-122.8251,19.45,0,0.0,0.0,0.1850393700787401,False,False
2026-09-26,CAN,Toronto,Ontario,43.7064,-79.3986,81.4,5,0.0,0.0,0.0,False,False
2026-09-26,CAN,Vancouver,British Columbia,49.2497,-123.1193,62.19,0,0.0,0.0,0.0708661417322834,False,False
2026-09-26,CAN,Victoria,British Columbia,48.4359,-123.3516,14.69,0,0.0,0.0,0.0,False,False
2026-09-26,CAN,Wainwright,Alberta,52.8348,-110.8534,0.44,0,0.0,0.0,0.2874015748031496,True,True
2026-09-26,CAN,West Baptiste,Alberta,54.7502,-113.5688,0.25,0,0.0,0.0,0.374015748031496,True,True
2026-09-26,CAN,Winnipeg,Manitoba,49.8844,-97.147,3.04,0,0.0,0.0,0.3858267716535433,True,True
2026-09-26,CAN,Yellow Grass,Saskatchewan,49.8001,-104.1678,0.75,0,0.0,0.0,0.0866141732283464,False,False
2026-09-26,UK,Aberdare,Wales,51.7144,-3.4492,1.22,0,0.0,0.0,0.0078740157480314,False,False
2026-09-26,UK,Aberdeen,Scotland,57.1437,-2.0981,1.28,0,0.0,0.0,0.0,False,False
2026-09-26,UK,Aboyne,Scotland,57.0755,-2.7802,0.5,0,0.0,0.0,0.0039370078740157,False,False
2026-09-26,UK,Balerno,Scotland,55.8844,-3.3398,0.6,0,0.0,0.0,0.0354330708661417,False,False
2026-09-26,UK,Banchory,Scotland,57.0517,-2.4882,0.78,0,0.0,0.0,0.0,False,False
2026-09-26,UK,Barrhead,Scotland,55.7992,-4.3928,0.66,0,0.0,0.0,0.0905511811023622,False,False
2026-09-26,UK,Belfast,Northern Ireland,54.5968,-5.9254,0.63,0,0.0,0.0,0.0118110236220472,False,False
2026-09-26,UK,Birmingham,England,52.4814,-1.8998,2.64,0,0.0,0.0,0.0,False,False
2026-09-26,UK,Brighton,England,50.8284,-0.1395,2.14,0,0.0,0.0,0.0,False,False
2026-09-26,UK,Bristol,England,51.4552,-2.5966,9.21,0,0.0,0.0,0.0,False,False
2026-09-26,UK,Cardiff,Wales,51.48,-3.18,1.73,0,0.0,0.0,0.0,False,False
2026-09-26,UK,Clarbeston Road,Wales,51.8514,-4.8806,0.5800000000000001,0,0.0,0.0,0.0669291338582677,False,False
2026-09-26,UK,Craigavon,Northern Ireland,54.4471,-6.387,0.5700000000000001,0,0.0,0.0,0.0275590551181102,False,False
2026-09-26,UK,Cwmbran,Wales,51.6545,-3.0228,0.5700000000000001,0,0.0,0.0,0.0,False,False
2026-09-26,UK,Dromara,Northern Ireland,54.3667,-6.0167,0.54,0,0.0,0.0,0.0314960629921259,False,False
2026-09-26,UK,Dunfermline,Scotland,56.0716,-3.4589,1.29,0,0.0,0.0,0.0157480314960629,False,False
2026-09-26,UK,Edinburgh,Scotland,55.9521,-3.1965,2.56,0,0.0,0.0,0.0157480314960629,False,False
2026-09-26,UK,Glasgow,Scotland,55.8652,-4.2576,3.24,0,0.0,0.0,0.0905511811023622,False,False
2026-09-26,UK,Hove,England,50.8309,-0.1672,2.64,0,0.0,0.0,0.0,False,False
2026-09-26,UK,Llanidloes,Wales,52.4498,-3.54,0.54,0,0.0,0.0,0.0118110236220472,False,False
2026-09-26,UK,London,England,51.5085,-0.1257,68.31,2,0.0,0.0,0.0,False,False
2026-09-26,UK,Manchester,England,53.481,-2.2374,2.52,0,0.0,0.0,0.0275590551181102,False,False
2026-09-26,UK,Merthyr Tydfil,Wales,51.7479,-3.3778,0.63,0,0.0,0.0,0.0078740157480314,False,False
2026-09-26,UK,Newry,Northern Ireland,54.1784,-6.3374,1.2,0,0.0,0.0,0.0196850393700787,False,False
2026-09-26,UK,Port Talbot,Wales,51.5924,-3.7802,0.67,0,0.0,0.0,0.0078740157480314,False,False
2026-09-26,UK,Sheffield,England,53.383,-1.4659,3.96,0,0.0,0.0,0.0,False,False
2026-09-26,UK,Swansea,Wales,51.6214,-3.9436,0.54,0,0.0,0.0,0.0118110236220472,False,False
2026-09-26,UK,Swindon,England,51.558,-1.7812,4.83,0,0.0,0.0,0.0,False,False
2026-09-26,US,Aberdeen,South Dakota,45.4647,-98.4865,2.52,0,0.01,0.0,0.0748031496062992,False,False
2026-09-26,US,Albuquerque,New Mexico,35.0845,-106.6511,91.53,0,0.25,0.0,0.0472440944881889,False,False
2026-09-26,US,Alexandria,Virginia,38.8048,-77.0469,249.16,5,0.68,0.0,0.2322834645669291,True,True
2026-09-26,US,Alpharetta,Georgia,34.0754,-84.2941,77.78,0,0.21,0.0,0.0,False,False
2026-09-26,US,Ames,Iowa,42.0347,-93.6199,14.040000000000001,0,0.04,0.0,0.2440944881889764,True,True
2026-09-26,US,Anchorage,Alaska,61.2181,-149.9003,22.46,0,0.06,0.0,0.0157480314960629,False,False
2026-09-26,US,Ann Arbor,Michigan,42.2776,-83.7409,80.99,0,0.22,0.0,0.0,False,False
2026-09-26,US,Annapolis,Maryland,38.9786,-76.4918,56.85,0,0.15,0.0,0.3385826771653543,True,True
2026-09-26,US,Appleton,Wisconsin,44.2619,-88.4154,17.87,0,0.05,0.0,0.0,False,False
2026-09-26,US,Arlington,Virginia,38.881,-77.1043,178.82,2,0.48,0.0,0.2204724409448818,True,True
2026-09-26,US,Astoria,New York,40.772,-73.9301,80.23,0,0.22,0.0,0.9606299212598424,True,True
2026-09-26,US,Atlanta,Georgia,33.749,-84.388,353.74,7,0.96,0.0,0.0,False,False
2026-09-26,US,Aurora,Colorado,39.7294,-104.8319,39.46,0,0.11,0.0,0.0078740157480314,False,False
2026-09-26,US,Austin,Texas,30.2672,-97.7431,455.26,9,1.23,0.0,0.0,False,False
2026-09-26,US,Baltimore,Maryland,39.2904,-76.6122,109.2,0,0.29,0.0,0.2834645669291338,True,True
2026-09-26,US,Bangor,Maine,44.7988,-68.7726,8.77,0,0.02,0.0,0.0,False,False
2026-09-26,US,Barrington,Rhode Island,41.7407,-71.3087,23.17,0,0.06,0.0,1.1496062992125984,True,True
2026-09-26,US,Baton Rouge,Louisiana,30.4433,-91.1875,122.63000000000001,0,0.33,0.0,0.0,False,False
2026-09-26,US,Beaverton,Oregon,45.4871,-122.8037,35.49,0,0.1,0.0,0.0,False,False
2026-09-26,US,Bellevue,Nebraska,41.1367,-95.8908,7.24,0,0.02,0.0,0.9015748031496064,True,True
2026-09-26,US,Bellevue,Washington,47.6104,-122.2007,79.81,0,0.21,0.0,0.0236220472440944,False,False
2026-09-26,US,Bentonville,Arkansas,36.3728,-94.2088,41.05,0,0.12,0.0,0.0,False,False
2026-09-26,US,Berkley,Massachusetts,41.8459,-71.0828,30.66,0,0.08,0.0,1.5590551181102363,True,True
2026-09-26,US,Bethesda,Maryland,38.9807,-77.1003,114.19,0,0.31,0.0,0.2086614173228346,True,True
2026-09-26,US,Billings,Montana,45.7833,-108.5007,18.75,0,0.05,0.0,0.0,False,False
2026-09-26,US,Birmingham,Alabama,33.5207,-86.8025,109.3,0,0.3,0.0,0.0,False,False
2026-09-26,US,Bismarck,North Dakota,46.8083,-100.7837,8.12,0,0.02,0.0,0.2244094488188976,True,True
2026-09-26,US,Bloomfield Hills,Michigan,42.5836,-83.2455,53.21,0,0.14,0.0,0.0,False,False
2026-09-26,US,Bloomington,Indiana,39.1653,-86.5264,43.15,0,0.12,0.0,0.0,False,False
2026-09-26,US,Boca Raton,Florida,26.3587,-80.0831,176.42,1,0.48,0.0,0.0,False,False
2026-09-26,US,Boise,Idaho,43.6135,-116.2034,48.8,0,0.13,0.0,0.0,False,False
2026-09-26,US,Boston,Massachusetts,42.3584,-71.0598,292.03,6,0.79,0.0,1.3385826771653544,True,True
2026-09-26,US,Bowling Green,Kentucky,36.9903,-86.4436,20.09,0,0.05,0.0,0.0,False,False
2026-09-26,US,Bozeman,Montana,45.6796,-111.0386,14.450000000000001,0,0.04,0.0,0.0078740157480314,False,False
2026-09-26,US,Broken Arrow,Oklahoma,36.0526,-95.7908,26.02,0,0.07,0.0,0.7086614173228346,True,True
2026-09-26,US,Bronx,New York,40.8499,-73.8664,133.26,1,0.37,0.0,0.8779527559055118,True,True
2026-09-26,US,Brooklyn,New York,40.6501,-73.9496,1150.32,45,3.12,0.0,1.0236220472440944,True,True
2026-09-26,US,Burlington,Vermont,44.4759,-73.2121,10.68,0,0.03,0.0,0.0,False,False
2026-09-26,US,Cambridge,Massachusetts,42.3751,-71.1056,104.87,0,0.28,0.0,1.3385826771653544,True,True
2026-09-26,US,Carmel,Indiana,39.9784,-86.118,79.77,0,0.22,0.0,0.0,False,False
2026-09-26,US,Carson City,Nevada,39.1638,-119.7674,6.53,0,0.02,0.0,0.0,False,False
2026-09-26,US,Casper,Wyoming,42.8666,-106.3131,3.11,0,0.01,0.0,0.0,False,False
2026-09-26,US,Cedar Rapids,Iowa,42.0083,-91.6441,29.23,0,0.08,0.0,0.0433070866141732,False,False
2026-09-26,US,Chapel Hill,North Carolina,35.9132,-79.0558,68.82,0,0.19,0.0,0.0,False,False
2026-09-26,US,Charleston,South Carolina,32.7763,-79.9328,94.54,0,0.25,0.0,0.0,False,False
2026-09-26,US,Charleston,West Virginia,38.3498,-81.6326,12.52,0,0.03,0.0,0.0,False,False
2026-09-26,US,Charlotte,North Carolina,35.2271,-80.8431,310.45,6,0.84,0.0,0.0,False,False
2026-09-26,US,Chattanooga,Tennessee,35.0456,-85.3097,54.05,0,0.15,0.0,0.0,False,False
2026-09-26,US,Chesterfield,Missouri,38.6631,-90.5771,45.3,0,0.12,0.0,0.0629921259842519,False,False
2026-09-26,US,Cheyenne,Wyoming,41.14,-104.8202,14.8,0,0.04,0.0,0.0039370078740157,False,False
2026-09-26,US,Chicago,Illinois,41.85,-87.65,864.35,33,2.35,0.0,0.0,False,False
2026-09-26,US,Cincinnati,Ohio,39.1271,-84.5144,218.35,1,0.59,0.0,0.0,False,False
2026-09-26,US,Cleveland,Ohio,41.4995,-81.6954,44.04,0,0.12,0.0,0.0,False,False
2026-09-26,US,Cody,Wyoming,44.5263,-109.0565,4.1,0,0.01,0.0,0.0,False,False
2026-09-26,US,Coeur D'Alene,Idaho,47.6777,-116.7805,3.07,0,0.01,0.0,0.0354330708661417,False,False
2026-09-26,US,Colorado Springs,Colorado,38.8339,-104.8214,85.28999999999999,0,0.23,0.0,0.0590551181102362,False,False
2026-09-26,US,Columbia,South Carolina,34.0007,-81.0348,67.75,0,0.18,0.0,0.0,False,False
2026-09-26,US,Columbus,Ohio,39.9612,-82.9988,182.15,1,0.49,0.0,0.0,False,False
2026-09-26,US,Cordova,Alaska,60.5432,-145.7587,8.72,0,0.02,0.0,0.2637795275590551,True,True
2026-09-26,US,Cranston,Rhode Island,41.7798,-71.4373,12.19,0,0.03,0.0,1.220472440944882,True,True
2026-09-26,US,Dallas,Texas,32.7831,-96.8067,441.6,8,1.19,0.0,0.0,False,False
2026-09-26,US,Dayton,Ohio,39.759,-84.1916,69.59,0,0.19,0.0,0.0,False,False
2026-09-26,US,Decatur,Georgia,33.7748,-84.2963,58.660000000000004,0,0.16,0.0,0.0,False,False
2026-09-26,US,Denver,Colorado,39.7392,-104.9847,165.17,1,0.45,0.0,0.0118110236220472,False,False
2026-09-26,US,Des Moines,Iowa,41.6005,-93.6091,20.060000000000002,0,0.06,0.0,0.2559055118110236,True,True
2026-09-26,US,Dickinson,North Dakota,46.8792,-102.7896,7.7,0,0.02,0.0,0.0039370078740157,False,False
2026-09-26,US,Downers Grove,Illinois,41.8089,-88.0112,42.56,0,0.12,0.0,0.0,False,False
2026-09-26,US,Doylestown,Pennsylvania,40.3101,-75.1299,47.62,0,0.13,0.0,0.6023622047244095,True,True
2026-09-26,US,Dublin,Ohio,40.0992,-83.1141,47.93,0,0.13,0.0,0.0,False,False
2026-09-26,US,Durham,North Carolina,35.994,-78.8986,65.61,0,0.18,0.0,0.0,False,False
2026-09-26,US,Eagle,Idaho,43.6954,-116.354,13.3,0,0.04,0.0,0.0,False,False
2026-09-26,US,Eagle Mountain,Utah,40.3144,-111.9849,3.9,0,0.01,0.0,0.0,False,False
2026-09-26,US,East Greenwich,Rhode Island,41.6604,-71.4559,10.88,0,0.03,0.0,1.4960629921259845,True,True
2026-09-26,US,Eden Prairie,Minnesota,44.8547,-93.4708,24.13,0,0.07,0.0,0.2165354330708661,True,True
2026-09-26,US,Edmond,Oklahoma,35.6528,-97.4781,111.8,1,0.3,0.0,0.3464566929133859,True,True
2026-09-26,US,Eliot,Maine,43.1531,-70.8001,6.87,0,0.02,0.0,0.0826771653543307,False,False
2026-09-26,US,Elkhorn,Nebraska,41.345,-96.256,17.26,0,0.05,0.0,1.2559055118110236,True,True
2026-09-26,US,Essex Junction,Vermont,44.4906,-73.111,7.09,0,0.02,0.0,0.0,False,False
2026-09-26,US,Eugene,Oregon,44.0521,-123.0868,37.7,0,0.1,0.0,0.0157480314960629,False,False
2026-09-26,US,Evanston,Illinois,42.0411,-87.6901,52.230000000000004,0,0.14,0.0,0.0,False,False
2026-09-26,US,Ewa Beach,Hawaii,21.3156,-158.0072,48.53,0,0.13,0.0,0.0,False,False
2026-09-26,US,Exeter,New Hampshire,42.9815,-70.9478,11.0,0,0.03,0.0,0.1141732283464566,False,False
2026-09-26,US,Fairbanks,Alaska,64.8378,-147.7164,6.49,0,0.01,0.0,0.0,False,False
2026-09-26,US,Fairfax,Virginia,38.8462,-77.3064,86.34,0,0.24,0.0,0.2913385826771654,True,True
2026-09-26,US,Fairfield,Connecticut,41.1412,-73.2637,45.78,0,0.12,0.0,1.015748031496063,True,True
2026-09-26,US,Fairhope,Alabama,30.523,-87.9033,28.900000000000002,0,0.08,0.0,0.0,False,False
2026-09-26,US,Falmouth,Maine,43.7295,-70.242,12.19,0,0.03,0.0,0.0511811023622047,False,False
2026-09-26,US,Fargo,North Dakota,46.8772,-96.7898,19.32,0,0.05,0.0,0.2480314960629921,True,True
2026-09-26,US,Fayetteville,Arkansas,36.0626,-94.1574,27.69,0,0.08,0.0,0.0078740157480314,False,False
2026-09-26,US,Fort Collins,Colorado,40.5853,-105.0844,40.92,0,0.11,0.0,0.0196850393700787,False,False
2026-09-26,US,Fort Wayne,Indiana,41.1306,-85.1289,60.0,0,0.16,0.0,0.0,False,False
2026-09-26,US,Fort Worth,Texas,32.7254,-97.3208,183.82,1,0.5,0.0,0.0,False,False
2026-09-26,US,Franklin,Tennessee,35.9251,-86.8689,88.53,0,0.24,0.0,0.0,False,False
2026-09-26,US,Gilbert,Arizona,33.3528,-111.789,39.44,0,0.11,0.0,0.0,False,False
2026-09-26,US,Grand Forks,North Dakota,47.9253,-97.0328,2.66,0,0.01,0.0,0.2440944881889764,True,True
2026-09-26,US,Grand Rapids,Michigan,42.9634,-85.6681,88.77,0,0.24,0.0,0.0,False,False
2026-09-26,US,Great Falls,Montana,47.5002,-111.3008,8.68,0,0.02,0.0,0.0039370078740157,False,False
2026-09-26,US,Greenville,South Carolina,34.8526,-82.394,105.62,0,0.29,0.0,0.0,False,False
2026-09-26,US,Greenwich,Connecticut,41.0265,-73.6285,123.95,0,0.33,0.0,1.0354330708661417,True,True
2026-09-26,US,Gulfport,Mississippi,30.3674,-89.0928,19.18,0,0.05,0.0,0.0,False,False
2026-09-26,US,Hampton,New Hampshire,42.9376,-70.8389,17.2,0,0.05,0.0,0.1653543307086614,False,False
2026-09-26,US,Hattiesburg,Mississippi,31.3271,-89.2903,10.57,0,0.03,0.0,0.0,False,False
2026-09-26,US,Henderson,Nevada,36.0397,-114.9819,65.09,3,0.17,0.0,0.0,False,False
2026-09-26,US,Hoboken,New Jersey,40.744,-74.0324,89.01,0,0.24,0.0,0.8110236220472441,True,True
2026-09-26,US,Honolulu,Hawaii,21.3069,-157.8583,245.32,2,0.67,0.0,0.0236220472440944,False,False
2026-09-26,US,Houston,Texas,29.7633,-95.3633,814.45,16,2.21,0.0,0.0590551181102362,False,False
2026-09-26,US,Huntington,West Virginia,38.4192,-82.4452,14.64,0,0.04,0.0,0.0,False,False
2026-09-26,US,Huntsville,Alabama,34.7304,-86.5859,87.35,0,0.24,0.0,0.0,False,False
2026-09-26,US,Hurricane,West Virginia,38.4326,-82.0201,7.61,0,0.02,0.0,0.0,False,False
2026-09-26,US,Hyde Park,Vermont,44.5939,-72.6165,6.08,0,0.02,0.0,0.0,False,False
2026-09-26,US,Indianapolis,Indiana,39.7684,-86.158,141.66,0,0.39,0.0,0.0,False,False
2026-09-26,US,Iowa City,Iowa,41.6611,-91.5302,21.34,0,0.06,0.0,0.0944881889763779,False,False
2026-09-26,US,Jackson,Mississippi,32.2988,-90.1848,11.74,0,0.03,0.0,0.0,False,False
2026-09-26,US,Jersey City,New Jersey,40.7282,-74.0776,172.36,1,0.47,0.0,0.8110236220472441,True,True
2026-09-26,US,Jonesboro,Arkansas,35.8423,-90.7043,27.65,0,0.08,0.0,0.0,False,False
2026-09-26,US,Kailua,Hawaii,21.4024,-157.7405,34.01,0,0.09,0.0,0.1338582677165354,False,False
2026-09-26,US,Kalispell,Montana,48.1958,-114.3129,10.620000000000001,0,0.03,0.0,0.0039370078740157,False,False
2026-09-26,US,Kaneohe,Hawaii,21.3999,-157.799,31.21,0,0.09,0.0,0.1338582677165354,False,False
2026-09-26,US,Kansas City,Missouri,39.0997,-94.5786,86.69,0,0.23,0.0,0.3700787401574803,True,True
2026-09-26,US,Knoxville,Tennessee,35.9606,-83.9207,121.3,0,0.33,0.0,0.0,False,False
2026-09-26,US,Kuna,Idaho,43.4918,-116.4201,22.37,0,0.06,0.0,0.0,False,False
2026-09-26,US,Lafayette,Louisiana,30.2241,-92.0198,71.87,0,0.19,0.0,0.0,False,False
2026-09-26,US,Lake Oswego,Oregon,45.4207,-122.6706,52.99,0,0.14,0.0,0.0,False,False
2026-09-26,US,Lancaster,Pennsylvania,40.0379,-76.3055,53.12,0,0.14,0.0,0.7637795275590551,True,True
2026-09-26,US,Las Cruces,New Mexico,32.3123,-106.7783,21.01,0,0.06,0.0,0.0236220472440944,False,False
2026-09-26,US,Las Vegas,Nevada,36.175,-115.1372,177.06,1,0.48,0.0,0.0,False,False
2026-09-26,US,Lawrence,Kansas,38.9717,-95.2352,20.650000000000002,0,0.06,0.0,0.3110236220472441,True,True
2026-09-26,US,Leawood,Kansas,38.9667,-94.6169,18.92,0,0.05,0.0,0.4763779527559055,True,True
2026-09-26,US,Lennox,South Dakota,43.3541,-96.892,5.390000000000001,0,0.01,0.0,0.6141732283464567,True,True
2026-09-26,US,Lewes,Delaware,38.7746,-75.1393,27.0,0,0.07,0.0,0.562992125984252,True,True
2026-09-26,US,Lexington,Kentucky,37.9887,-84.4777,106.3,0,0.29,0.0,0.0,False,False
2026-09-26,US,Lincoln,Nebraska,40.8,-96.667,30.96,0,0.08,0.0,1.2125984251968505,True,True
2026-09-26,US,Little Rock,Arkansas,34.7465,-92.2896,75.28,0,0.21,0.0,0.0,False,False
2026-09-26,US,Littleton,Colorado,39.6133,-105.0166,47.88,0,0.13,0.0,0.0039370078740157,False,False
2026-09-26,US,Los Alamos,New Mexico,35.8881,-106.307,9.52,0,0.03,0.0,0.0826771653543307,False,False
2026-09-26,US,Los Angeles,California,34.0522,-118.2437,711.89,24,1.93,0.0,0.0,False,False
2026-09-26,US,Louisville,Kentucky,38.2542,-85.7594,154.28,0,0.42,0.0,0.0,False,False
2026-09-26,US,Macomb,Michigan,42.7009,-82.9591,27.43,0,0.07,0.0,0.0,False,False
2026-09-26,US,Madison,Alabama,34.6993,-86.7483,34.43,0,0.09,0.0,0.0,False,False
2026-09-26,US,Madison,Mississippi,32.4618,-90.1154,21.919999999999998,0,0.06,0.0,0.0,False,False
2026-09-26,US,Madison,South Dakota,44.0061,-97.114,3.65,0,0.01,0.0,0.5354330708661417,True,True
2026-09-26,US,Madison,Wisconsin,43.073,-89.4012,60.730000000000004,0,0.16,0.0,0.0,False,False
2026-09-26,US,Manchester,New Hampshire,42.9956,-71.4548,24.91,0,0.07,0.0,0.2165354330708661,True,True
2026-09-26,US,Marietta,Georgia,33.9526,-84.5499,165.46,0,0.45,0.0,0.0,False,False
2026-09-26,US,Memphis,Tennessee,35.1495,-90.049,94.14999999999999,0,0.26,0.0,0.0,False,False
2026-09-26,US,Meridian,Idaho,43.6121,-116.3915,29.03,0,0.08,0.0,0.0,False,False
2026-09-26,US,Mesa,Arizona,33.4223,-111.8226,40.57,0,0.11,0.0,0.0,False,False
2026-09-26,US,Metairie,Louisiana,29.9841,-90.1528,43.93,0,0.12,0.0,0.0275590551181102,False,False
2026-09-26,US,Miami,Florida,25.7743,-80.1937,795.81,12,2.16,0.0,0.0472440944881889,False,False
2026-09-26,US,Middlesboro,Kentucky,36.6084,-83.7166,6.7,0,0.02,0.0,0.0,False,False
2026-09-26,US,Middletown,Delaware,39.4496,-75.7163,14.120000000000001,0,0.04,0.0,0.2283464566929133,True,True
2026-09-26,US,Mililani,Hawaii,21.4504,-158.015,26.24,0,0.07,0.0,0.0393700787401574,False,False
2026-09-26,US,Milwaukee,Wisconsin,43.0389,-87.9065,76.47,0,0.21,0.0,0.0,False,False
2026-09-26,US,Minneapolis,Minnesota,44.98,-93.2638,153.61,1,0.41,0.0,0.0905511811023622,False,False
2026-09-26,US,Minnetonka,Minnesota,44.9133,-93.5033,19.78,0,0.05,0.0,0.2165354330708661,True,True
2026-09-26,US,Missoula,Montana,46.8722,-113.994,8.29,0,0.02,0.0,0.0314960629921259,False,False
2026-09-26,US,Mobile,Alabama,30.6944,-88.043,47.68,0,0.13,0.0,0.0,False,False
2026-09-26,US,Morgantown,West Virginia,39.6295,-79.9559,29.99,0,0.08,0.0,0.0,False,False
2026-09-26,US,Morristown,New Jersey,40.7968,-74.4815,59.63,0,0.16,0.0,0.6417322834645669,True,True
2026-09-26,US,Mount Pleasant,South Carolina,32.7941,-79.8626,62.059999999999995,0,0.17,0.0,0.0,False,False
2026-09-26,US,Myrtle Beach,South Carolina,33.6891,-78.8867,72.46,0,0.2,0.0,0.0,False,False
2026-09-26,US,Naperville,Illinois,41.7859,-88.1473,88.95,0,0.24,0.0,0.0,False,False
2026-09-26,US,Naples,Florida,26.1423,-81.796,224.1,1,0.61,0.0,0.0236220472440944,False,False
2026-09-26,US,Nashua,New Hampshire,42.7654,-71.4676,25.29,0,0.07,0.0,0.3228346456692913,True,True
2026-09-26,US,Nashville,Tennessee,36.1659,-86.7844,208.39000000000001,3,0.56,0.0,0.0,False,False
2026-09-26,US,New Canaan,Connecticut,41.1468,-73.4948,49.04,0,0.13,0.0,0.9015748031496064,True,True
2026-09-26,US,New Castle,Delaware,39.6595,-75.5636,29.080000000000002,0,0.08,0.0,0.2322834645669291,True,True
2026-09-26,US,New Orleans,Louisiana,29.9546,-90.0751,94.75,0,0.26,0.0,0.0275590551181102,False,False
2026-09-26,US,New York,New York,40.7143,-74.006,2295.63,93,6.28,1.0,0.8110236220472441,True,True
2026-09-26,US,Newark,Delaware,39.6837,-75.7497,31.47,0,0.09,0.0,0.2874015748031496,True,True
2026-09-26,US,Norman,Oklahoma,35.2226,-97.4395,33.58,0,0.09,0.0,0.1496062992125984,False,False
2026-09-26,US,North Las Vegas,Nevada,36.1989,-115.1175,6.1899999999999995,0,0.02,0.0,0.0,False,False
2026-09-26,US,Norwalk,Connecticut,41.1176,-73.4079,40.05,0,0.11,0.0,1.1732283464566928,True,True
2026-09-26,US,Oakland,California,37.8044,-122.2708,196.48,5,0.53,0.0,0.0,False,False
2026-09-26,US,Oklahoma City,Oklahoma,35.4676,-97.5164,67.64,0,0.18,0.0,0.0433070866141732,False,False
2026-09-26,US,Olathe,Kansas,38.8814,-94.8191,34.02,0,0.09,0.0,0.2007874015748031,True,True
2026-09-26,US,Omaha,Nebraska,41.2563,-95.9404,68.28999999999999,0,0.19,0.0,1.0551181102362206,True,True
2026-09-26,US,Orlando,Florida,28.5383,-81.3792,286.9,5,0.78,0.0,0.0,False,False
2026-09-26,US,Overland Park,Kansas,38.9822,-94.6708,63.769999999999996,0,0.17,0.0,0.3031496062992126,True,True
2026-09-26,US,Paducah,Kentucky,37.0834,-88.6,24.46,0,0.07,0.0,0.0,False,False
2026-09-26,US,Papillion,Nebraska,41.1544,-96.0422,10.93,0,0.03,0.0,0.9645669291338582,True,True
2026-09-26,US,Park City,Utah,40.6461,-111.498,21.32,0,0.06,0.0,0.0,False,False
2026-09-26,US,Philadelphia,Pennsylvania,39.9524,-75.1636,320.93,7,0.87,0.0,0.5314960629921259,True,True
2026-09-26,US,Phoenix,Arizona,33.4484,-112.074,135.12,0,0.36,0.0,0.0,False,False
2026-09-26,US,Pittsburgh,Pennsylvania,40.4406,-79.9959,199.7,4,0.54,0.0,0.0,False,False
2026-09-26,US,Plymouth,Michigan,42.3714,-83.4702,31.76,0,0.09,0.0,0.0,False,False
2026-09-26,US,Plymouth,Minnesota,45.0105,-93.4555,35.67,0,0.1,0.0,0.1220472440944882,False,False
2026-09-26,US,Portland,Maine,43.6574,-70.2589,26.689999999999998,0,0.07,0.0,0.0354330708661417,False,False
2026-09-26,US,Portland,Oregon,45.5234,-122.6762,300.58,6,0.82,0.0,0.0039370078740157,False,False
2026-09-26,US,Portsmouth,New Hampshire,43.077,-70.7577,15.22,0,0.04,0.0,0.0826771653543307,False,False
2026-09-26,US,Princeton,New Jersey,40.3487,-74.659,44.45,0,0.12,0.0,1.031496062992126,True,True
2026-09-26,US,Providence,Rhode Island,41.824,-71.4128,43.41,0,0.12,0.0,1.1653543307086616,True,True
2026-09-26,US,Raleigh,North Carolina,35.7721,-78.6386,197.74,2,0.53,0.0,0.0,False,False
2026-09-26,US,Rapid City,South Dakota,44.0805,-103.231,9.41,0,0.03,0.0,0.0,False,False
2026-09-26,US,Reading,Massachusetts,42.5256,-71.0953,279.38,14,0.76,0.0,1.1456692913385826,True,True
2026-09-26,US,Reno,Nevada,39.5296,-119.8138,58.11,0,0.16,0.0,0.0,False,False
2026-09-26,US,Richmond,Virginia,37.5538,-77.4603,138.33,0,0.38,0.0,0.0,False,False
2026-09-26,US,Rock Springs,Wyoming,41.5875,-109.2029,9.65,0,0.03,0.0,0.0,False,False
2026-09-26,US,Rockville,Maryland,39.084,-77.1528,60.449999999999996,0,0.17,0.0,0.2204724409448818,True,True
2026-09-26,US,Rogers,Arkansas,36.332,-94.1185,30.12,0,0.08,0.0,0.0039370078740157,False,False
2026-09-26,US,Saint Charles,Missouri,38.7839,-90.4812,32.86,0,0.09,0.0,0.0393700787401574,False,False
2026-09-26,US,Saint Louis,Missouri,38.6517,-90.2053,147.99,0,0.4,0.0,0.1141732283464566,False,False
2026-09-26,US,Saint Paul,Minnesota,44.9444,-93.0933,77.38,0,0.21,0.0,0.0669291338582677,False,False
2026-09-26,US,Salem,Oregon,44.9429,-123.0351,31.04,0,0.09,0.0,0.0078740157480314,False,False
2026-09-26,US,Salt Lake City,Utah,40.7608,-111.891,49.64,0,0.14,0.0,0.0,False,False
2026-09-26,US,San Antonio,Texas,29.4241,-98.4936,225.36,5,0.61,0.0,0.0,False,False
2026-09-26,US,San Diego,California,32.7157,-117.1647,363.49,8,0.98,0.0,0.0,False,False
2026-09-26,US,San Francisco,California,37.7749,-122.4194,733.3,21,1.99,0.0,0.0,False,False
2026-09-26,US,San Jose,California,37.3394,-121.895,288.14,7,0.79,0.0,0.0,False,False
2026-09-26,US,Sandy,Utah,40.5916,-111.8841,17.29,0,0.05,0.0,0.0,False,False
2026-09-26,US,Santa Fe,New Mexico,35.687,-105.9378,29.900000000000002,0,0.08,0.0,0.0590551181102362,False,False
2026-09-26,US,Savannah,Georgia,32.0835,-81.0998,94.04,0,0.26,0.0,0.0,False,False
2026-09-26,US,Scarborough,Maine,43.5781,-70.3217,17.71,0,0.05,0.0,0.0354330708661417,False,False
2026-09-26,US,Scottsdale,Arizona,33.5092,-111.899,109.92,0,0.3,0.0,0.0,False,False
2026-09-26,US,Seattle,Washington,47.6062,-122.3321,452.69,10,1.23,0.0,0.0,False,False
2026-09-26,US,Sheridan,Wyoming,44.7972,-106.9562,12.08,0,0.03,0.0,0.0,False,False
2026-09-26,US,Shreveport,Louisiana,32.5251,-93.7502,85.32,0,0.23,0.0,0.0,False,False
2026-09-26,US,Silver Spring,Maryland,38.9907,-77.0261,64.76,0,0.18,0.0,0.2086614173228346,True,True
2026-09-26,US,Sioux Falls,South Dakota,43.55,-96.7003,17.87,0,0.05,0.0,0.7047244094488189,True,True
2026-09-26,US,Sitka,Alaska,57.0532,-135.3309,4.68,0,0.01,0.0,0.547244094488189,True,True
2026-09-26,US,Somerville,Massachusetts,42.3876,-71.0995,53.660000000000004,0,0.15,0.0,1.1653543307086616,True,True
2026-09-26,US,South Burlington,Vermont,44.467,-73.171,13.69,0,0.04,0.0,0.0,False,False
2026-09-26,US,South Jordan,Utah,40.5622,-111.9297,26.76,0,0.07,0.0,0.0,False,False
2026-09-26,US,Southaven,Mississippi,34.989,-90.0126,12.34,0,0.03,0.0,0.0,False,False
2026-09-26,US,Spokane,Washington,47.6569,-117.425,28.45,0,0.08,0.0,0.0,False,False
2026-09-26,US,Springfield,Missouri,37.2153,-93.2982,33.269999999999996,0,0.09,0.0,0.0866141732283464,False,False
2026-09-26,US,Stamford,Connecticut,41.0534,-73.5387,47.64,0,0.13,0.0,1.0118110236220472,True,True
2026-09-26,US,Staten Island,New York,40.5623,-74.1399,146.1,0,0.39,0.0,0.952755905511811,True,True
2026-09-26,US,Stowe,Vermont,44.4653,-72.6846,9.57,0,0.03,0.0,0.0,False,False
2026-09-26,US,Tacoma,Washington,47.2529,-122.4443,65.75,0,0.18,0.0,0.0,False,False
2026-09-26,US,Tampa,Florida,27.9475,-82.4584,204.49,1,0.56,0.0,0.0,False,False
2026-09-26,US,Tijeras,New Mexico,35.0809,-106.3881,8.48,0,0.02,0.0,0.0905511811023622,False,False
2026-09-26,US,Tucson,Arizona,32.2217,-110.9265,118.35000000000001,0,0.32,0.0,0.0,False,False
2026-09-26,US,Tulsa,Oklahoma,36.154,-95.9928,132.41,0,0.36,0.0,0.6062992125984252,True,True
2026-09-26,US,Vancouver,Washington,45.6387,-122.6615,79.91,0,0.21,0.0,0.0,False,False
2026-09-26,US,Virginia Beach,Virginia,36.8529,-75.978,140.64,0,0.38,0.0,0.0708661417322834,False,False
2026-09-26,US,Warwick,Rhode Island,41.7001,-71.4162,13.75,0,0.03,0.0,1.425196850393701,True,True
2026-09-26,US,Washington,District of Columbia,38.8951,-77.0364,517.76,11,1.41,0.0,0.2204724409448818,True,True
2026-09-26,US,Wasilla,Alaska,61.5809,-149.4415,2.98,0,0.01,0.0,0.0,False,False
2026-09-26,US,Waukesha,Wisconsin,43.0117,-88.2315,19.37,0,0.05,0.0,0.0,False,False
2026-09-26,US,West Chester,Pennsylvania,39.961,-75.608,51.6,0,0.14,0.0,0.4448818897637795,True,True
2026-09-26,US,West Des Moines,Iowa,41.5772,-93.7113,16.2,0,0.04,0.0,0.6338582677165355,True,True
2026-09-26,US,West Fargo,North Dakota,46.875,-96.9004,11.6,0,0.03,0.0,0.2480314960629921,True,True
2026-09-26,US,West Lafayette,Indiana,40.4259,-86.9081,26.9,0,0.07,0.0,0.0,False,False
2026-09-26,US,Westfield,New Jersey,40.659,-74.3474,54.62,0,0.15,0.0,0.7322834645669292,True,True
2026-09-26,US,Wheeling,West Virginia,40.064,-80.7209,16.88,0,0.05,0.0,0.0,False,False
2026-09-26,US,Whitefish Bay,Wisconsin,43.1133,-87.9001,19.72,0,0.05,0.0,0.0,False,False
2026-09-26,US,Wichita,Kansas,37.6922,-97.3375,68.39,0,0.19,0.0,0.1181102362204724,False,False
2026-09-26,US,Wilmette,Illinois,42.0722,-87.7228,48.28,0,0.13,0.0,0.0,False,False
2026-09-26,US,Wilmington,Delaware,39.746,-75.5466,81.5,0,0.22,0.0,0.2755905511811024,True,True
2026-09-26,US,Wilmington,North Carolina,34.2356,-77.946,92.3,0,0.25,0.0,0.0,False,False
2026-09-27,CAN,Blainville,Quebec,45.6668,-73.8825,0.97,0,0.0,0.0,0.0,False,False
2026-09-27,CAN,Brossard,Quebec,45.4501,-73.4658,0.69,0,0.0,0.0,0.0314960629921259,False,False
2026-09-27,CAN,Burnaby,British Columbia,49.2664,-122.9526,9.1,0,0.0,0.0,0.0,False,False
2026-09-27,CAN,Calgary,Alberta,51.0501,-114.0853,14.870000000000001,0,0.0,0.0,0.0039370078740157,False,False
2026-09-27,CAN,Cote-Saint-Luc,Quebec,45.4654,-73.6659,0.5900000000000001,0,0.0,0.0,0.0354330708661417,False,False
2026-09-27,CAN,Dartmouth,Nova Scotia,44.6713,-63.5772,0.28,0,0.0,0.0,0.0629921259842519,False,False
2026-09-27,CAN,Dieppe,New Brunswick,46.0784,-64.6874,1.1099999999999999,0,0.0,0.0,0.0,False,False
2026-09-27,CAN,Dorval,Quebec,45.4473,-73.7534,0.67,0,0.0,0.0,0.0236220472440944,False,False
2026-09-27,CAN,Edmonton,Alberta,53.5501,-113.4687,6.38,0,0.0,0.0,0.0,False,False
2026-09-27,CAN,Fredericton,New Brunswick,45.9454,-66.6656,0.33999999999999997,0,0.0,0.0,0.0,False,False
2026-09-27,CAN,Guelph,Ontario,43.5459,-80.256,2.67,0,0.0,0.0,0.0,False,False
2026-09-27,CAN,Halifax,Nova Scotia,44.6427,-63.5769,2.13,0,0.0,0.0,0.0787401574803149,False,False
2026-09-27,CAN,Headingley,Manitoba,49.8753,-97.409,0.30000000000000004,0,0.0,0.0,0.0236220472440944,False,False
2026-09-27,CAN,Kingston,Ontario,44.2298,-76.481,1.8599999999999999,0,0.0,0.0,0.0669291338582677,False,False
2026-09-27,CAN,Markham,Ontario,43.8668,-79.2663,3.53,0,0.0,0.0,0.0,False,False
2026-09-27,CAN,Moncton,New Brunswick,46.0945,-64.7965,0.53,0,0.0,0.0,0.0,False,False
2026-09-27,CAN,Montreal,Quebec,45.5088,-73.5878,8.709999999999999,0,0.0,0.0,0.0236220472440944,False,False
2026-09-27,CAN,North Vancouver,British Columbia,49.3164,-123.0693,6.83,0,0.0,0.0,0.0,False,False
2026-09-27,CAN,Ottawa,Ontario,45.4112,-75.6981,14.32,0,0.0,0.0,0.0078740157480314,False,False
2026-09-27,CAN,Paradise,Newfoundland and Labrador,47.5333,-52.9667,0.32999999999999996,0,0.0,0.0,0.0,False,False
2026-09-27,CAN,Regina,Saskatchewan,50.4501,-104.6178,0.32,0,0.0,0.0,0.0,False,False
2026-09-27,CAN,Saskatoon,Saskatchewan,52.1324,-106.6689,1.5,0,0.0,0.0,0.0,False,False
2026-09-27,CAN,St. Albert,Alberta,53.6334,-113.6353,0.78,0,0.0,0.0,0.0,False,False
2026-09-27,CAN,St. John'S,Newfoundland and Labrador,47.5649,-52.7093,0.35,0,0.0,0.0,0.0,False,False
2026-09-27,CAN,Surrey,British Columbia,49.1064,-122.8251,10.52,0,0.0,0.0,0.0,False,False
2026-09-27,CAN,Toronto,Ontario,43.7064,-79.3986,43.93,3,0.0,0.0,0.0,False,False
2026-09-27,CAN,Vancouver,British Columbia,49.2497,-123.1193,33.59,0,0.0,0.0,0.0,False,False
2026-09-27,CAN,Victoria,British Columbia,48.4359,-123.3516,7.9399999999999995,0,0.0,0.0,0.0,False,False
2026-09-27,CAN,Wainwright,Alberta,52.8348,-110.8534,0.24,0,0.0,0.0,0.0,False,False
2026-09-27,CAN,West Baptiste,Alberta,54.7502,-113.5688,0.14,0,0.0,0.0,0.0,False,False
2026-09-27,CAN,Winnipeg,Manitoba,49.8844,-97.147,1.63,0,0.0,0.0,0.0275590551181102,False,False
2026-09-27,CAN,Yellow Grass,Saskatchewan,49.8001,-104.1678,0.41000000000000003,0,0.0,0.0,0.0,False,False
2026-09-27,US,Aberdeen,South Dakota,45.4647,-98.4865,3.74,0,0.0,0.0,0.0708661417322834,False,False
2026-09-27,US,Albuquerque,New Mexico,35.0845,-106.6511,135.5,0,0.0,0.0,0.0,False,False
2026-09-27,US,Alexandria,Virginia,38.8048,-77.0469,369.06,8,0.0,0.0,0.3110236220472441,True,True
2026-09-27,US,Alpharetta,Georgia,34.0754,-84.2941,115.31,0,0.0,0.0,0.0,False,False
2026-09-27,US,Ames,Iowa,42.0347,-93.6199,20.89,0,0.0,0.0,0.0,False,False
2026-09-27,US,Anchorage,Alaska,61.2181,-149.9003,33.32,0,0.0,0.0,0.1574803149606299,False,False
2026-09-27,US,Ann Arbor,Michigan,42.2776,-83.7409,120.02,0,0.0,0.0,0.0,False,False
2026-09-27,US,Annapolis,Maryland,38.9786,-76.4918,84.22,0,0.0,0.0,0.8740157480314961,True,True
2026-09-27,US,Appleton,Wisconsin,44.2619,-88.4154,26.5,0,0.0,0.0,0.0,False,False
2026-09-27,US,Arlington,Virginia,38.881,-77.1043,265.02,5,0.0,0.0,0.3622047244094488,True,True
2026-09-27,US,Astoria,New York,40.772,-73.9301,118.83,0,0.0,0.0,2.137795275590551,True,True
2026-09-27,US,Atlanta,Georgia,33.749,-84.388,524.04,9,0.0,0.0,0.0,False,False
2026-09-27,US,Aurora,Colorado,39.7294,-104.8319,58.41,0,0.0,0.0,0.0,False,False
2026-09-27,US,Austin,Texas,30.2672,-97.7431,674.44,11,0.0,0.0,0.0708661417322834,False,False
2026-09-27,US,Baltimore,Maryland,39.2904,-76.6122,161.86,0,0.0,0.0,0.5984251968503936,True,True
2026-09-27,US,Bangor,Maine,44.7988,-68.7726,12.97,0,0.0,0.0,0.2244094488188976,True,True
2026-09-27,US,Barrington,Rhode Island,41.7407,-71.3087,34.33,0,0.0,0.0,2.850393700787402,True,True
2026-09-27,US,Baton Rouge,Louisiana,30.4433,-91.1875,181.7,0,0.0,0.0,0.0,False,False
2026-09-27,US,Beaverton,Oregon,45.4871,-122.8037,52.62,0,0.0,0.0,0.0,False,False
2026-09-27,US,Bellevue,Nebraska,41.1367,-95.8908,10.74,0,0.0,0.0,0.0236220472440944,False,False
2026-09-27,US,Bellevue,Washington,47.6104,-122.2007,118.39,0,0.0,0.0,0.0,False,False
2026-09-27,US,Bentonville,Arkansas,36.3728,-94.2088,60.7,0,0.0,0.0,0.0866141732283464,False,False
2026-09-27,US,Berkley,Massachusetts,41.8459,-71.0828,45.5,0,0.0,0.0,1.921259842519685,True,True
2026-09-27,US,Bethesda,Maryland,38.9807,-77.1003,169.15,0,0.0,0.0,0.4015748031496062,True,True
2026-09-27,US,Billings,Montana,45.7833,-108.5007,27.740000000000002,0,0.0,0.0,0.0,False,False
2026-09-27,US,Birmingham,Alabama,33.5207,-86.8025,161.87,0,0.0,0.0,0.0,False,False
2026-09-27,US,Bismarck,North Dakota,46.8083,-100.7837,12.01,0,0.0,0.0,0.0,False,False
2026-09-27,US,Bloomfield Hills,Michigan,42.5836,-83.2455,78.86,0,0.0,0.0,0.0,False,False
2026-09-27,US,Bloomington,Indiana,39.1653,-86.5264,63.9,0,0.0,0.0,0.0,False,False
2026-09-27,US,Boca Raton,Florida,26.3587,-80.0831,261.25,1,0.0,0.0,0.0,False,False
2026-09-27,US,Boise,Idaho,43.6135,-116.2034,72.46000000000001,0,0.0,0.0,0.0,False,False
2026-09-27,US,Boston,Massachusetts,42.3584,-71.0598,432.65999999999997,9,0.0,0.0,2.2086614173228347,True,True
2026-09-27,US,Bowling Green,Kentucky,36.9903,-86.4436,29.73,0,0.0,0.0,0.0,False,False
2026-09-27,US,Bozeman,Montana,45.6796,-111.0386,21.5,0,0.0,0.0,0.0,False,False
2026-09-27,US,Broken Arrow,Oklahoma,36.0526,-95.7908,38.62,0,0.0,0.0,0.4173228346456692,True,True
2026-09-27,US,Bronx,New York,40.8499,-73.8664,197.4,1,0.0,0.0,1.34251968503937,True,True
2026-09-27,US,Brooklyn,New York,40.6501,-73.9496,1704.06,66,0.0,0.0,2.456692913385827,True,True
2026-09-27,US,Burlington,Vermont,44.4759,-73.2121,15.84,0,0.0,0.0,0.2834645669291338,True,True
2026-09-27,US,Cambridge,Massachusetts,42.3751,-71.1056,155.45,0,0.0,0.0,2.2086614173228347,True,True
2026-09-27,US,Carmel,Indiana,39.9784,-86.118,118.13,0,0.0,0.0,0.0,False,False
2026-09-27,US,Carson City,Nevada,39.1638,-119.7674,9.68,0,0.0,0.0,0.0,False,False
2026-09-27,US,Casper,Wyoming,42.8666,-106.3131,4.59,0,0.0,0.0,0.0,False,False
2026-09-27,US,Cedar Rapids,Iowa,42.0083,-91.6441,43.27,0,0.0,0.0,0.1574803149606299,False,False
2026-09-27,US,Chapel Hill,North Carolina,35.9132,-79.0558,102.02,0,0.0,0.0,0.0,False,False
2026-09-27,US,Charleston,South Carolina,32.7763,-79.9328,140.06,0,0.0,0.0,0.0,False,False
2026-09-27,US,Charleston,West Virginia,38.3498,-81.6326,18.55,0,0.0,0.0,0.0,False,False
2026-09-27,US,Charlotte,North Carolina,35.2271,-80.8431,459.88,9,0.0,0.0,0.0,False,False
2026-09-27,US,Chattanooga,Tennessee,35.0456,-85.3097,80.01,0,0.0,0.0,0.0,False,False
2026-09-27,US,Chesterfield,Missouri,38.6631,-90.5771,67.16,0,0.0,0.0,0.2047244094488189,True,True
2026-09-27,US,Cheyenne,Wyoming,41.14,-104.8202,21.97,0,0.0,0.0,0.0078740157480314,False,False
2026-09-27,US,Chicago,Illinois,41.85,-87.65,1280.46,48,0.0,0.0,0.0,False,False
2026-09-27,US,Cincinnati,Ohio,39.1271,-84.5144,323.53,4,0.0,0.0,0.0,False,False
2026-09-27,US,Cleveland,Ohio,41.4995,-81.6954,65.21,0,0.0,0.0,0.0,False,False
2026-09-27,US,Cody,Wyoming,44.5263,-109.0565,6.1000000000000005,0,0.0,0.0,0.0,False,False
2026-09-27,US,Coeur D'Alene,Idaho,47.6777,-116.7805,4.48,0,0.0,0.0,0.0,False,False
2026-09-27,US,Colorado Springs,Colorado,38.8339,-104.8214,126.43,0,0.0,0.0,0.0,False,False
2026-09-27,US,Columbia,South Carolina,34.0007,-81.0348,100.35,0,0.0,0.0,0.0,False,False
2026-09-27,US,Columbus,Ohio,39.9612,-82.9988,269.96,3,0.0,0.0,0.0,False,False
2026-09-27,US,Cordova,Alaska,60.5432,-145.7587,12.94,0,0.0,0.0,0.7677165354330708,True,True
2026-09-27,US,Cranston,Rhode Island,41.7798,-71.4373,18.16,0,0.0,0.0,3.2401574803149606,True,True
2026-09-27,US,Dallas,Texas,32.7831,-96.8067,654.1899999999999,10,0.0,0.0,0.0472440944881889,False,False
2026-09-27,US,Dayton,Ohio,39.759,-84.1916,103.12,0,0.0,0.0,0.0,False,False
2026-09-27,US,Decatur,Georgia,33.7748,-84.2963,86.93,0,0.0,0.0,0.0,False,False
2026-09-27,US,Denver,Colorado,39.7392,-104.9847,244.72,2,0.0,0.0,0.0,False,False
2026-09-27,US,Des Moines,Iowa,41.6005,-93.6091,29.63,0,0.0,0.0,0.1653543307086614,False,False
2026-09-27,US,Dickinson,North Dakota,46.8792,-102.7896,11.44,0,0.0,0.0,0.0,False,False
2026-09-27,US,Downers Grove,Illinois,41.8089,-88.0112,62.97,0,0.0,0.0,0.0,False,False
2026-09-27,US,Doylestown,Pennsylvania,40.3101,-75.1299,70.57000000000001,0,0.0,0.0,1.4763779527559056,True,True
2026-09-27,US,Dublin,Ohio,40.0992,-83.1141,71.11,0,0.0,0.0,0.0,False,False
2026-09-27,US,Durham,North Carolina,35.994,-78.8986,97.16,0,0.0,0.0,0.0,False,False
2026-09-27,US,Eagle,Idaho,43.6954,-116.354,19.68,0,0.0,0.0,0.0,False,False
2026-09-27,US,Eagle Mountain,Utah,40.3144,-111.9849,5.81,0,0.0,0.0,0.0,False,False
2026-09-27,US,East Greenwich,Rhode Island,41.6604,-71.4559,16.15,0,0.0,0.0,2.12992125984252,True,True
2026-09-27,US,Eden Prairie,Minnesota,44.8547,-93.4708,35.68,0,0.0,0.0,0.515748031496063,True,True
2026-09-27,US,Edmond,Oklahoma,35.6528,-97.4781,165.61,1,0.0,0.0,0.0314960629921259,False,False
2026-09-27,US,Eliot,Maine,43.1531,-70.8001,10.23,0,0.0,0.0,0.7795275590551182,True,True
2026-09-27,US,Elkhorn,Nebraska,41.345,-96.256,25.5,0,0.0,0.0,0.0433070866141732,False,False
2026-09-27,US,Essex Junction,Vermont,44.4906,-73.111,10.55,0,0.0,0.0,0.2204724409448818,True,True
2026-09-27,US,Eugene,Oregon,44.0521,-123.0868,55.85,0,0.0,0.0,0.0,False,False
2026-09-27,US,Evanston,Illinois,42.0411,-87.6901,77.43,0,0.0,0.0,0.0,False,False
2026-09-27,US,Ewa Beach,Hawaii,21.3156,-158.0072,72.01,0,0.0,0.0,0.0078740157480314,False,False
2026-09-27,US,Exeter,New Hampshire,42.9815,-70.9478,16.28,0,0.0,0.0,0.795275590551181,True,True
2026-09-27,US,Fairbanks,Alaska,64.8378,-147.7164,9.72,0,0.0,0.0,0.0,False,False
2026-09-27,US,Fairfax,Virginia,38.8462,-77.3064,127.86,0,0.0,0.0,0.2519685039370078,True,True
2026-09-27,US,Fairfield,Connecticut,41.1412,-73.2637,67.88,0,0.0,0.0,1.125984251968504,True,True
2026-09-27,US,Fairhope,Alabama,30.523,-87.9033,42.71,0,0.0,0.0,0.0,False,False
2026-09-27,US,Falmouth,Maine,43.7295,-70.242,18.16,0,0.0,0.0,0.9724409448818896,True,True
2026-09-27,US,Fargo,North Dakota,46.8772,-96.7898,28.69,0,0.0,0.0,0.0157480314960629,False,False
2026-09-27,US,Fayetteville,Arkansas,36.0626,-94.1574,41.0,0,0.0,0.0,0.3622047244094488,True,True
2026-09-27,US,Fort Collins,Colorado,40.5853,-105.0844,60.660000000000004,0,0.0,0.0,0.0078740157480314,False,False
2026-09-27,US,Fort Wayne,Indiana,41.1306,-85.1289,88.91,0,0.0,0.0,0.0,False,False
2026-09-27,US,Fort Worth,Texas,32.7254,-97.3208,272.27,1,0.0,0.0,0.1574803149606299,False,False
2026-09-27,US,Franklin,Tennessee,35.9251,-86.8689,131.11,0,0.0,0.0,0.0,False,False
2026-09-27,US,Gilbert,Arizona,33.3528,-111.789,58.39,0,0.0,0.0,0.0,False,False
2026-09-27,US,Grand Forks,North Dakota,47.9253,-97.0328,3.88,0,0.0,0.0,0.0039370078740157,False,False
2026-09-27,US,Grand Rapids,Michigan,42.9634,-85.6681,131.56,0,0.0,0.0,0.0,False,False
2026-09-27,US,Great Falls,Montana,47.5002,-111.3008,12.86,0,0.0,0.0,0.0,False,False
2026-09-27,US,Greenville,South Carolina,34.8526,-82.394,156.28,0,0.0,0.0,0.0,False,False
2026-09-27,US,Greenwich,Connecticut,41.0265,-73.6285,183.82,0,0.0,0.0,1.2992125984251968,True,True
2026-09-27,US,Gulfport,Mississippi,30.3674,-89.0928,28.37,0,0.0,0.0,0.0,False,False
2026-09-27,US,Hampton,New Hampshire,42.9376,-70.8389,25.46,0,0.0,0.0,0.8818897637795274,True,True
2026-09-27,US,Hattiesburg,Mississippi,31.3271,-89.2903,15.6,0,0.0,0.0,0.0,False,False
2026-09-27,US,Henderson,Nevada,36.0397,-114.9819,96.59,5,0.0,0.0,0.0,False,False
2026-09-27,US,Hoboken,New Jersey,40.744,-74.0324,131.95,0,0.0,0.0,2.003937007874016,True,True
2026-09-27,US,Honolulu,Hawaii,21.3069,-157.8583,363.44,5,0.0,0.0,0.0354330708661417,False,False
2026-09-27,US,Houston,Texas,29.7633,-95.3633,1206.52,24,0.0,0.0,0.0,False,False
2026-09-27,US,Huntington,West Virginia,38.4192,-82.4452,21.71,0,0.0,0.0,0.0,False,False
2026-09-27,US,Huntsville,Alabama,34.7304,-86.5859,129.3,0,0.0,0.0,0.0,False,False
2026-09-27,US,Hurricane,West Virginia,38.4326,-82.0201,11.34,0,0.0,0.0,0.0,False,False
2026-09-27,US,Hyde Park,Vermont,44.5939,-72.6165,8.95,0,0.0,0.0,0.0551181102362204,False,False
2026-09-27,US,Indianapolis,Indiana,39.7684,-86.158,209.87,0,0.0,0.0,0.0,False,False
2026-09-27,US,Iowa City,Iowa,41.6611,-91.5302,31.74,0,0.0,0.0,0.0314960629921259,False,False
2026-09-27,US,Jackson,Mississippi,32.2988,-90.1848,17.48,0,0.0,0.0,0.0,False,False
2026-09-27,US,Jersey City,New Jersey,40.7282,-74.0776,255.28,5,0.0,0.0,2.003937007874016,True,True
2026-09-27,US,Jonesboro,Arkansas,35.8423,-90.7043,40.98,0,0.0,0.0,0.0,False,False
2026-09-27,US,Kailua,Hawaii,21.4024,-157.7405,50.53,0,0.0,0.0,0.0629921259842519,False,False
2026-09-27,US,Kalispell,Montana,48.1958,-114.3129,15.72,0,0.0,0.0,0.0,False,False
2026-09-27,US,Kaneohe,Hawaii,21.3999,-157.799,46.160000000000004,0,0.0,0.0,0.0629921259842519,False,False
2026-09-27,US,Kansas City,Missouri,39.0997,-94.5786,128.48,0,0.0,0.0,0.1732283464566929,False,False
2026-09-27,US,Knoxville,Tennessee,35.9606,-83.9207,179.76,0,0.0,0.0,0.0,False,False
2026-09-27,US,Kuna,Idaho,43.4918,-116.4201,33.15,0,0.0,0.0,0.0,False,False
2026-09-27,US,Lafayette,Louisiana,30.2241,-92.0198,106.58,0,0.0,0.0,0.0,False,False
2026-09-27,US,Lake Oswego,Oregon,45.4207,-122.6706,78.63,0,0.0,0.0,0.0,False,False
2026-09-27,US,Lancaster,Pennsylvania,40.0379,-76.3055,78.74,0,0.0,0.0,0.8543307086614172,True,True
2026-09-27,US,Las Cruces,New Mexico,32.3123,-106.7783,31.150000000000002,0,0.0,0.0,0.0,False,False
2026-09-27,US,Las Vegas,Nevada,36.175,-115.1372,262.21999999999997,2,0.0,0.0,0.0,False,False
2026-09-27,US,Lawrence,Kansas,38.9717,-95.2352,30.56,0,0.0,0.0,0.0944881889763779,False,False
2026-09-27,US,Leawood,Kansas,38.9667,-94.6169,28.14,0,0.0,0.0,0.1102362204724409,False,False
2026-09-27,US,Lennox,South Dakota,43.3541,-96.892,8.06,0,0.0,0.0,0.3937007874015747,True,True
2026-09-27,US,Lewes,Delaware,38.7746,-75.1393,40.05,0,0.0,0.0,1.1732283464566928,True,True
2026-09-27,US,Lexington,Kentucky,37.9887,-84.4777,157.60999999999999,0,0.0,0.0,0.0,False,False
2026-09-27,US,Lincoln,Nebraska,40.8,-96.667,45.93,0,0.0,0.0,0.0314960629921259,False,False
2026-09-27,US,Little Rock,Arkansas,34.7465,-92.2896,111.44,0,0.0,0.0,0.0078740157480314,False,False
2026-09-27,US,Littleton,Colorado,39.6133,-105.0166,71.01,0,0.0,0.0,0.0,False,False
2026-09-27,US,Los Alamos,New Mexico,35.8881,-106.307,14.030000000000001,0,0.0,0.0,0.0039370078740157,False,False
2026-09-27,US,Los Angeles,California,34.0522,-118.2437,1054.6,37,0.0,0.0,0.0,False,False
2026-09-27,US,Louisville,Kentucky,38.2542,-85.7594,228.57,0,0.0,0.0,0.0,False,False
2026-09-27,US,Macomb,Michigan,42.7009,-82.9591,40.67,0,0.0,0.0,0.0,False,False
2026-09-27,US,Madison,Alabama,34.6993,-86.7483,51.01,0,0.0,0.0,0.0,False,False
2026-09-27,US,Madison,Mississippi,32.4618,-90.1154,32.53,0,0.0,0.0,0.0,False,False
2026-09-27,US,Madison,South Dakota,44.0061,-97.114,5.42,0,0.0,0.0,0.0196850393700787,False,False
2026-09-27,US,Madison,Wisconsin,43.073,-89.4012,89.9,0,0.0,0.0,0.0,False,False
2026-09-27,US,Manchester,New Hampshire,42.9956,-71.4548,36.82,0,0.0,0.0,0.5590551181102362,True,True
2026-09-27,US,Marietta,Georgia,33.9526,-84.5499,245.13,0,0.0,0.0,0.0,False,False
2026-09-27,US,Memphis,Tennessee,35.1495,-90.049,139.45,0,0.0,0.0,0.0078740157480314,False,False
2026-09-27,US,Meridian,Idaho,43.6121,-116.3915,42.91,0,0.0,0.0,0.0,False,False
2026-09-27,US,Mesa,Arizona,33.4223,-111.8226,60.12,0,0.0,0.0,0.0511811023622047,False,False
2026-09-27,US,Metairie,Louisiana,29.9841,-90.1528,65.04,0,0.0,0.0,0.0,False,False
2026-09-27,US,Miami,Florida,25.7743,-80.1937,1178.94,15,0.0,0.0,0.0472440944881889,False,False
2026-09-27,US,Middlesboro,Kentucky,36.6084,-83.7166,9.92,0,0.0,0.0,0.0,False,False
2026-09-27,US,Middletown,Delaware,39.4496,-75.7163,20.96,0,0.0,0.0,1.4173228346456692,True,True
2026-09-27,US,Mililani,Hawaii,21.4504,-158.015,38.89,0,0.0,0.0,0.0196850393700787,False,False
2026-09-27,US,Milwaukee,Wisconsin,43.0389,-87.9065,113.25,0,0.0,0.0,0.0,False,False
2026-09-27,US,Minneapolis,Minnesota,44.98,-93.2638,227.69,5,0.0,0.0,0.1771653543307086,False,False
2026-09-27,US,Minnetonka,Minnesota,44.9133,-93.5033,29.41,0,0.0,0.0,0.515748031496063,True,True
2026-09-27,US,Missoula,Montana,46.8722,-113.994,12.370000000000001,0,0.0,0.0,0.0,False,False
2026-09-27,US,Mobile,Alabama,30.6944,-88.043,70.68,0,0.0,0.0,0.0,False,False
2026-09-27,US,Morgantown,West Virginia,39.6295,-79.9559,44.42,0,0.0,0.0,0.0,False,False
2026-09-27,US,Morristown,New Jersey,40.7968,-74.4815,88.4,0,0.0,0.0,1.1456692913385826,True,True
2026-09-27,US,Mount Pleasant,South Carolina,32.7941,-79.8626,91.97,0,0.0,0.0,0.0,False,False
2026-09-27,US,Myrtle Beach,South Carolina,33.6891,-78.8867,107.24,0,0.0,0.0,0.0,False,False
2026-09-27,US,Naperville,Illinois,41.7859,-88.1473,131.74,0,0.0,0.0,0.0,False,False
2026-09-27,US,Naples,Florida,26.1423,-81.796,332.06,4,0.0,0.0,0.0,False,False
2026-09-27,US,Nashua,New Hampshire,42.7654,-71.4676,37.46,0,0.0,0.0,0.547244094488189,True,True
2026-09-27,US,Nashville,Tennessee,36.1659,-86.7844,308.7,5,0.0,0.0,0.0,False,False
2026-09-27,US,New Canaan,Connecticut,41.1468,-73.4948,72.69,0,0.0,0.0,1.2086614173228345,True,True
2026-09-27,US,New Castle,Delaware,39.6595,-75.5636,43.03,0,0.0,0.0,1.279527559055118,True,True
2026-09-27,US,New Orleans,Louisiana,29.9546,-90.0751,140.33,0,0.0,0.0,0.0,False,False
2026-09-27,US,New York,New York,40.7143,-74.006,3396.85,119,0.0,0.0,2.003937007874016,True,True
2026-09-27,US,Newark,Delaware,39.6837,-75.7497,46.61,0,0.0,0.0,1.0787401574803148,True,True
2026-09-27,US,Norman,Oklahoma,35.2226,-97.4395,49.72,0,0.0,0.0,0.0393700787401574,False,False
2026-09-27,US,North Las Vegas,Nevada,36.1989,-115.1175,9.1,0,0.0,0.0,0.0,False,False
2026-09-27,US,Norwalk,Connecticut,41.1176,-73.4079,59.33,0,0.0,0.0,1.0826771653543308,True,True
2026-09-27,US,Oakland,California,37.8044,-122.2708,291.16,7,0.0,0.0,0.0,False,False
2026-09-27,US,Oklahoma City,Oklahoma,35.4676,-97.5164,100.18,0,0.0,0.0,0.0354330708661417,False,False
2026-09-27,US,Olathe,Kansas,38.8814,-94.8191,50.39,0,0.0,0.0,0.1338582677165354,False,False
2026-09-27,US,Omaha,Nebraska,41.2563,-95.9404,101.15,0,0.0,0.0,0.0236220472440944,False,False
2026-09-27,US,Orlando,Florida,28.5383,-81.3792,424.88,8,0.0,0.0,0.0,False,False
2026-09-27,US,Overland Park,Kansas,38.9822,-94.6708,94.51,0,0.0,0.0,0.0984251968503936,False,False
2026-09-27,US,Paducah,Kentucky,37.0834,-88.6,36.17,0,0.0,0.0,0.0,False,False
2026-09-27,US,Papillion,Nebraska,41.1544,-96.0422,16.21,0,0.0,0.0,0.0236220472440944,False,False
2026-09-27,US,Park City,Utah,40.6461,-111.498,31.73,0,0.0,0.0,0.0,False,False
2026-09-27,US,Philadelphia,Pennsylvania,39.9524,-75.1636,475.46000000000004,9,0.0,0.0,1.4685039370078738,True,True
2026-09-27,US,Phoenix,Arizona,33.4484,-112.074,200.09,0,0.0,0.0,0.0708661417322834,False,False
2026-09-27,US,Pittsburgh,Pennsylvania,40.4406,-79.9959,295.87,6,0.0,0.0,0.0,False,False
2026-09-27,US,Plymouth,Michigan,42.3714,-83.4702,47.06,0,0.0,0.0,0.0,False,False
2026-09-27,US,Plymouth,Minnesota,45.0105,-93.4555,52.82,0,0.0,0.0,0.0905511811023622,False,False
2026-09-27,US,Portland,Maine,43.6574,-70.2589,39.54,0,0.0,0.0,1.0551181102362206,True,True
2026-09-27,US,Portland,Oregon,45.5234,-122.6762,445.27,9,0.0,0.0,0.0,False,False
2026-09-27,US,Portsmouth,New Hampshire,43.077,-70.7577,22.53,0,0.0,0.0,0.7795275590551182,True,True
2026-09-27,US,Princeton,New Jersey,40.3487,-74.659,65.92,0,0.0,0.0,1.8976377952755907,True,True
2026-09-27,US,Providence,Rhode Island,41.824,-71.4128,64.27,0,0.0,0.0,3.062992125984252,True,True
2026-09-27,US,Raleigh,North Carolina,35.7721,-78.6386,292.96,5,0.0,0.0,0.0,False,False
2026-09-27,US,Rapid City,South Dakota,44.0805,-103.231,13.9,0,0.0,0.0,0.0039370078740157,False,False
2026-09-27,US,Reading,Massachusetts,42.5256,-71.0953,413.91,19,0.0,0.0,1.65748031496063,True,True
2026-09-27,US,Reno,Nevada,39.5296,-119.8138,86.08,0,0.0,0.0,0.0,False,False
2026-09-27,US,Richmond,Virginia,37.5538,-77.4603,204.99,0,0.0,0.0,0.1535433070866141,False,False
2026-09-27,US,Rock Springs,Wyoming,41.5875,-109.2029,14.18,0,0.0,0.0,0.0039370078740157,False,False
2026-09-27,US,Rockville,Maryland,39.084,-77.1528,89.52,0,0.0,0.0,0.3503937007874015,True,True
2026-09-27,US,Rogers,Arkansas,36.332,-94.1185,44.61,0,0.0,0.0,0.1062992125984252,False,False
2026-09-27,US,Saint Charles,Missouri,38.7839,-90.4812,48.72,0,0.0,0.0,0.1023622047244094,False,False
2026-09-27,US,Saint Louis,Missouri,38.6517,-90.2053,219.25,1,0.0,0.0,0.0708661417322834,False,False
2026-09-27,US,Saint Paul,Minnesota,44.9444,-93.0933,114.67,0,0.0,0.0,0.1023622047244094,False,False
2026-09-27,US,Salem,Oregon,44.9429,-123.0351,45.85,0,0.0,0.0,0.0,False,False
2026-09-27,US,Salt Lake City,Utah,40.7608,-111.891,73.56,0,0.0,0.0,0.0,False,False
2026-09-27,US,San Antonio,Texas,29.4241,-98.4936,333.9,7,0.0,0.0,0.0,False,False
2026-09-27,US,San Diego,California,32.7157,-117.1647,538.63,10,0.0,0.0,0.0,False,False
2026-09-27,US,San Francisco,California,37.7749,-122.4194,1086.17,30,0.0,0.0,0.0,False,False
2026-09-27,US,San Jose,California,37.3394,-121.895,426.73,9,0.0,0.0,0.0,False,False
2026-09-27,US,Sandy,Utah,40.5916,-111.8841,25.57,0,0.0,0.0,0.0,False,False
2026-09-27,US,Santa Fe,New Mexico,35.687,-105.9378,44.31,0,0.0,0.0,0.0,False,False
2026-09-27,US,Savannah,Georgia,32.0835,-81.0998,139.34,0,0.0,0.0,0.0,False,False
2026-09-27,US,Scarborough,Maine,43.5781,-70.3217,26.28,0,0.0,0.0,1.1338582677165354,True,True
2026-09-27,US,Scottsdale,Arizona,33.5092,-111.899,162.75,0,0.0,0.0,0.0354330708661417,False,False
2026-09-27,US,Seattle,Washington,47.6062,-122.3321,670.65,13,0.0,0.0,0.0,False,False
2026-09-27,US,Sheridan,Wyoming,44.7972,-106.9562,17.96,0,0.0,0.0,0.0078740157480314,False,False
2026-09-27,US,Shreveport,Louisiana,32.5251,-93.7502,126.52,0,0.0,0.0,0.0,False,False
2026-09-27,US,Silver Spring,Maryland,38.9907,-77.0261,95.91,0,0.0,0.0,0.4015748031496062,True,True
2026-09-27,US,Sioux Falls,South Dakota,43.55,-96.7003,26.490000000000002,0,0.0,0.0,0.4173228346456692,True,True
2026-09-27,US,Sitka,Alaska,57.0532,-135.3309,7.01,0,0.0,0.0,1.5,True,True
2026-09-27,US,Somerville,Massachusetts,42.3876,-71.0995,79.48,0,0.0,0.0,1.9842519685039368,True,True
2026-09-27,US,South Burlington,Vermont,44.467,-73.171,20.22,0,0.0,0.0,0.2834645669291338,True,True
2026-09-27,US,South Jordan,Utah,40.5622,-111.9297,39.63,0,0.0,0.0,0.0,False,False
2026-09-27,US,Southaven,Mississippi,34.989,-90.0126,18.39,0,0.0,0.0,0.0,False,False
2026-09-27,US,Spokane,Washington,47.6569,-117.425,42.13,0,0.0,0.0,0.0,False,False
2026-09-27,US,Springfield,Missouri,37.2153,-93.2982,49.32,0,0.0,0.0,0.0944881889763779,False,False
2026-09-27,US,Stamford,Connecticut,41.0534,-73.5387,70.62,0,0.0,0.0,1.1220472440944882,True,True
2026-09-27,US,Staten Island,New York,40.5623,-74.1399,216.59,0,0.0,0.0,2.4527559055118107,True,True
2026-09-27,US,Stowe,Vermont,44.4653,-72.6846,14.11,0,0.0,0.0,0.2677165354330708,True,True
2026-09-27,US,Tacoma,Washington,47.2529,-122.4443,97.42,0,0.0,0.0,0.0,False,False
2026-09-27,US,Tampa,Florida,27.9475,-82.4584,303.02,3,0.0,0.0,0.0,False,False
2026-09-27,US,Tijeras,New Mexico,35.0809,-106.3881,12.6,0,0.0,0.0,0.0,False,False
2026-09-27,US,Tucson,Arizona,32.2217,-110.9265,175.33,0,0.0,0.0,0.0118110236220472,False,False
2026-09-27,US,Tulsa,Oklahoma,36.154,-95.9928,196.07,0,0.0,0.0,0.6062992125984252,True,True
2026-09-27,US,Vancouver,Washington,45.6387,-122.6615,118.55,0,0.0,0.0,0.0,False,False
2026-09-27,US,Virginia Beach,Virginia,36.8529,-75.978,208.3,0,0.0,0.0,0.1889763779527559,False,False
2026-09-27,US,Warwick,Rhode Island,41.7001,-71.4162,20.580000000000002,0,0.0,0.0,2.4606299212598426,True,True
2026-09-27,US,Washington,District of Columbia,38.8951,-77.0364,766.93,13,0.0,0.0,0.3622047244094488,True,True
2026-09-27,US,Wasilla,Alaska,61.5809,-149.4415,4.37,0,0.0,0.0,0.0629921259842519,False,False
2026-09-27,US,Waukesha,Wisconsin,43.0117,-88.2315,28.740000000000002,0,0.0,0.0,0.0,False,False
2026-09-27,US,West Chester,Pennsylvania,39.961,-75.608,76.35,0,0.0,0.0,1.3661417322834646,True,True
2026-09-27,US,West Des Moines,Iowa,41.5772,-93.7113,24.13,0,0.0,0.0,0.1259842519685039,False,False
2026-09-27,US,West Fargo,North Dakota,46.875,-96.9004,17.19,0,0.0,0.0,0.0157480314960629,False,False
2026-09-27,US,West Lafayette,Indiana,40.4259,-86.9081,39.86,0,0.0,0.0,0.0,False,False
2026-09-27,US,Westfield,New Jersey,40.659,-74.3474,80.95,0,0.0,0.0,2.015748031496063,True,True
2026-09-27,US,Wheeling,West Virginia,40.064,-80.7209,24.92,0,0.0,0.0,0.0,False,False
2026-09-27,US,Whitefish Bay,Wisconsin,43.1133,-87.9001,29.22,0,0.0,0.0,0.0,False,False
2026-09-27,US,Wichita,Kansas,37.6922,-97.3375,101.26,0,0.0,0.0,0.0118110236220472,False,False
2026-09-27,US,Wilmette,Illinois,42.0722,-87.7228,71.59,0,0.0,0.0,0.0,False,False
2026-09-27,US,Wilmington,Delaware,39.746,-75.5466,120.78,0,0.0,0.0,1.169291338582677,True,True
2026-09-27,US,Wilmington,North Carolina,34.2356,-77.946,136.73,0,0.0,0.0,0.0,False,False
2026-09-28,CAN,Blainville,Quebec,45.6668,-73.8825,1.49,0,0.0,0.0,0.2007874015748031,True,True
2026-09-28,CAN,Brossard,Quebec,45.4501,-73.4658,1.08,0,0.0,0.0,0.0433070866141732,False,False
2026-09-28,CAN,Burnaby,British Columbia,49.2664,-122.9526,14.190000000000001,0,0.0,0.0,0.0157480314960629,False,False
2026-09-28,CAN,Calgary,Alberta,51.0501,-114.0853,23.15,0,0.0,0.0,0.0,False,False
2026-09-28,CAN,Cote-Saint-Luc,Quebec,45.4654,-73.6659,0.9199999999999999,0,0.0,0.0,0.0472440944881889,False,False
2026-09-28,CAN,Dartmouth,Nova Scotia,44.6713,-63.5772,0.45,0,0.0,0.0,0.6496062992125984,True,True
2026-09-28,CAN,Dieppe,New Brunswick,46.0784,-64.6874,1.71,0,0.0,0.0,0.2834645669291338,True,True
2026-09-28,CAN,Dorval,Quebec,45.4473,-73.7534,1.03,0,0.0,0.0,0.0472440944881889,False,False
2026-09-28,CAN,Edmonton,Alberta,53.5501,-113.4687,9.94,0,0.0,0.0,0.0,False,False
2026-09-28,CAN,Fredericton,New Brunswick,45.9454,-66.6656,0.53,0,0.0,0.0,0.2637795275590551,True,True
2026-09-28,CAN,Guelph,Ontario,43.5459,-80.256,4.17,0,0.0,0.0,0.0118110236220472,False,False
2026-09-28,CAN,Halifax,Nova Scotia,44.6427,-63.5769,3.3200000000000003,0,0.0,0.0,0.7007874015748031,True,True
2026-09-28,CAN,Headingley,Manitoba,49.8753,-97.409,0.46,0,0.0,0.0,0.1417322834645669,False,False
2026-09-28,CAN,Kingston,Ontario,44.2298,-76.481,2.93,0,0.0,0.0,0.0472440944881889,False,False
2026-09-28,CAN,Markham,Ontario,43.8668,-79.2663,5.5,0,0.0,0.0,0.0984251968503936,False,False
2026-09-28,CAN,Moncton,New Brunswick,46.0945,-64.7965,0.8300000000000001,0,0.0,0.0,0.2716535433070866,True,True
2026-09-28,CAN,Montreal,Quebec,45.5088,-73.5878,13.58,0,0.0,0.0,0.2401574803149606,True,True
2026-09-28,CAN,North Vancouver,British Columbia,49.3164,-123.0693,10.64,0,0.0,0.0,0.0196850393700787,False,False
2026-09-28,CAN,Ottawa,Ontario,45.4112,-75.6981,22.3,0,0.0,0.0,0.0472440944881889,False,False
2026-09-28,CAN,Paradise,Newfoundland and Labrador,47.5333,-52.9667,0.53,0,0.0,0.0,0.0078740157480314,False,False
2026-09-28,CAN,Regina,Saskatchewan,50.4501,-104.6178,0.5,0,0.0,0.0,0.0,False,False
2026-09-28,CAN,Saskatoon,Saskatchewan,52.1324,-106.6689,2.36,0,0.0,0.0,0.0,False,False
2026-09-28,CAN,St. Albert,Alberta,53.6334,-113.6353,1.21,0,0.0,0.0,0.0,False,False
2026-09-28,CAN,St. John'S,Newfoundland and Labrador,47.5649,-52.7093,0.55,0,0.0,0.0,0.0,False,False
2026-09-28,CAN,Surrey,British Columbia,49.1064,-122.8251,16.38,0,0.0,0.0,0.0039370078740157,False,False
2026-09-28,CAN,Toronto,Ontario,43.7064,-79.3986,68.46,4,0.0,0.0,0.0039370078740157,False,False
2026-09-28,CAN,Vancouver,British Columbia,49.2497,-123.1193,52.34,0,0.0,0.0,0.0196850393700787,False,False
2026-09-28,CAN,Victoria,British Columbia,48.4359,-123.3516,12.379999999999999,0,0.0,0.0,0.0,False,False
2026-09-28,CAN,Wainwright,Alberta,52.8348,-110.8534,0.38,0,0.0,0.0,0.0,False,False
2026-09-28,CAN,West Baptiste,Alberta,54.7502,-113.5688,0.22000000000000003,0,0.0,0.0,0.0,False,False
2026-09-28,CAN,Winnipeg,Manitoba,49.8844,-97.147,2.56,0,0.0,0.0,0.0984251968503936,False,False
2026-09-28,CAN,Yellow Grass,Saskatchewan,49.8001,-104.1678,0.63,0,0.0,0.0,0.0,False,False
2026-09-28,UK,Aberdare,Wales,51.7144,-3.4492,2.06,0,0.0,0.0,0.0,False,False
2026-09-28,UK,Aberdeen,Scotland,57.1437,-2.0981,2.17,0,0.0,0.0,0.0,False,False
2026-09-28,UK,Aboyne,Scotland,57.0755,-2.7802,0.84,0,0.0,0.0,0.0,False,False
2026-09-28,UK,Balerno,Scotland,55.8844,-3.3398,1.02,0,0.0,0.0,0.0,False,False
2026-09-28,UK,Banchory,Scotland,57.0517,-2.4882,1.33,0,0.0,0.0,0.0,False,False
2026-09-28,UK,Barrhead,Scotland,55.7992,-4.3928,1.11,0,0.0,0.0,0.0157480314960629,False,False
2026-09-28,UK,Belfast,Northern Ireland,54.5968,-5.9254,1.07,0,0.0,0.0,0.0,False,False
2026-09-28,UK,Birmingham,England,52.4814,-1.8998,4.48,0,0.0,0.0,0.0,False,False
2026-09-28,UK,Brighton,England,50.8284,-0.1395,3.64,0,0.0,0.0,0.0,False,False
2026-09-28,UK,Bristol,England,51.4552,-2.5966,15.61,0,0.0,0.0,0.0,False,False
2026-09-28,UK,Cardiff,Wales,51.48,-3.18,2.93,0,0.0,0.0,0.0,False,False
2026-09-28,UK,Clarbeston Road,Wales,51.8514,-4.8806,0.98,0,0.0,0.0,0.0,False,False
2026-09-28,UK,Craigavon,Northern Ireland,54.4471,-6.387,0.98,0,0.0,0.0,0.0,False,False
2026-09-28,UK,Cwmbran,Wales,51.6545,-3.0228,0.97,0,0.0,0.0,0.0,False,False
2026-09-28,UK,Dromara,Northern Ireland,54.3667,-6.0167,0.91,0,0.0,0.0,0.0,False,False
2026-09-28,UK,Dunfermline,Scotland,56.0716,-3.4589,2.18,0,0.0,0.0,0.0,False,False
2026-09-28,UK,Edinburgh,Scotland,55.9521,-3.1965,4.34,0,0.0,0.0,0.0,False,False
2026-09-28,UK,Glasgow,Scotland,55.8652,-4.2576,5.5,0,0.0,0.0,0.0039370078740157,False,False
2026-09-28,UK,Hove,England,50.8309,-0.1672,4.49,0,0.0,0.0,0.0,False,False
2026-09-28,UK,Llanidloes,Wales,52.4498,-3.54,0.92,0,0.0,0.0,0.0,False,False
2026-09-28,UK,London,England,51.5085,-0.1257,115.79,1,0.0,0.0,0.0,False,False
2026-09-28,UK,Manchester,England,53.481,-2.2374,4.28,0,0.0,0.0,0.0,False,False
2026-09-28,UK,Merthyr Tydfil,Wales,51.7479,-3.3778,1.08,0,0.0,0.0,0.0,False,False
2026-09-28,UK,Newry,Northern Ireland,54.1784,-6.3374,2.03,0,0.0,0.0,0.0,False,False
2026-09-28,UK,Port Talbot,Wales,51.5924,-3.7802,1.13,0,0.0,0.0,0.0,False,False
2026-09-28,UK,Sheffield,England,53.383,-1.4659,6.71,0,0.0,0.0,0.0,False,False
2026-09-28,UK,Swansea,Wales,51.6214,-3.9436,0.93,0,0.0,0.0,0.0078740157480314,False,False
2026-09-28,UK,Swindon,England,51.558,-1.7812,8.18,0,0.0,0.0,0.0,False,False
2026-09-28,US,Aberdeen,South Dakota,45.4647,-98.4865,3.42,0,0.03,0.0,0.0629921259842519,False,False
2026-09-28,US,Albuquerque,New Mexico,35.0845,-106.6511,124.96000000000001,1,0.69,0.0,0.0787401574803149,False,False
2026-09-28,US,Alexandria,Virginia,38.8048,-77.0469,340.23,8,1.9000000000000001,0.0,0.0118110236220472,False,False
2026-09-28,US,Alpharetta,Georgia,34.0754,-84.2941,106.35,1,0.59,0.0,0.0,False,False
2026-09-28,US,Ames,Iowa,42.0347,-93.6199,19.22,0,0.11,0.0,0.0,False,False
2026-09-28,US,Anchorage,Alaska,61.2181,-149.9003,30.73,0,0.16999999999999998,0.0,0.0314960629921259,False,False
2026-09-28,US,Ann Arbor,Michigan,42.2776,-83.7409,110.60000000000001,1,0.61,0.0,0.0,False,False
2026-09-28,US,Annapolis,Maryland,38.9786,-76.4918,77.67,0,0.42,0.0,0.0196850393700787,False,False
2026-09-28,US,Appleton,Wisconsin,44.2619,-88.4154,24.39,0,0.14,0.0,0.0,False,False
2026-09-28,US,Arlington,Virginia,38.881,-77.1043,244.34,7,1.35,0.0,0.0039370078740157,False,False
2026-09-28,US,Astoria,New York,40.772,-73.9301,109.59,1,0.61,0.0,0.7007874015748031,True,True
2026-09-28,US,Atlanta,Georgia,33.749,-84.388,483.1,10,2.69,0.0,0.0,False,False
2026-09-28,US,Aurora,Colorado,39.7294,-104.8319,53.88,0,0.31,0.0,0.0511811023622047,False,False
2026-09-28,US,Austin,Texas,30.2672,-97.7431,621.79,13,3.45,0.0,0.0236220472440944,False,False
2026-09-28,US,Baltimore,Maryland,39.2904,-76.6122,149.23,1,0.82,0.0,0.0472440944881889,False,False
2026-09-28,US,Bangor,Maine,44.7988,-68.7726,11.93,0,0.06,0.0,1.1141732283464567,True,True
2026-09-28,US,Barrington,Rhode Island,41.7407,-71.3087,31.63,0,0.16999999999999998,0.0,0.9488188976377954,True,True
2026-09-28,US,Baton Rouge,Louisiana,30.4433,-91.1875,167.49,1,0.93,0.0,0.0,False,False
2026-09-28,US,Beaverton,Oregon,45.4871,-122.8037,48.48,0,0.28,0.0,0.0,False,False
2026-09-28,US,Bellevue,Nebraska,41.1367,-95.8908,9.84,0,0.06,0.0,0.0196850393700787,False,False
2026-09-28,US,Bellevue,Washington,47.6104,-122.2007,109.22,1,0.59,0.0,0.0,False,False
2026-09-28,US,Bentonville,Arkansas,36.3728,-94.2088,55.99,0,0.32,0.0,0.0,False,False
2026-09-28,US,Berkley,Massachusetts,41.8459,-71.0828,41.95,1,0.23,0.0,0.8385826771653544,True,True
2026-09-28,US,Bethesda,Maryland,38.9807,-77.1003,155.96,1,0.87,0.0,0.0118110236220472,False,False
2026-09-28,US,Billings,Montana,45.7833,-108.5007,25.54,0,0.14,0.0,0.0039370078740157,False,False
2026-09-28,US,Birmingham,Alabama,33.5207,-86.8025,149.19,1,0.84,0.0,0.0,False,False
2026-09-28,US,Bismarck,North Dakota,46.8083,-100.7837,11.11,0,0.06,0.0,0.6968503937007874,True,True
2026-09-28,US,Bloomfield Hills,Michigan,42.5836,-83.2455,72.71,0,0.4,0.0,0.0,False,False
2026-09-28,US,Bloomington,Indiana,39.1653,-86.5264,58.95,0,0.32999999999999996,0.0,0.0,False,False
2026-09-28,US,Boca Raton,Florida,26.3587,-80.0831,240.83,4,1.35,0.0,0.0275590551181102,False,False
2026-09-28,US,Boise,Idaho,43.6135,-116.2034,66.83,0,0.36,0.0,0.0,False,False
2026-09-28,US,Boston,Massachusetts,42.3584,-71.0598,398.90000000000003,10,2.21,0.0,0.6811023622047244,True,True
2026-09-28,US,Bowling Green,Kentucky,36.9903,-86.4436,27.42,0,0.14,0.0,0.0,False,False
2026-09-28,US,Bozeman,Montana,45.6796,-111.0386,19.8,0,0.11,0.0,0.0039370078740157,False,False
2026-09-28,US,Broken Arrow,Oklahoma,36.0526,-95.7908,35.6,0,0.19,0.0,0.0275590551181102,False,False
2026-09-28,US,Bronx,New York,40.8499,-73.8664,181.97,4,1.02,0.0,0.7559055118110236,True,True
2026-09-28,US,Brooklyn,New York,40.6501,-73.9496,1571.08,63,8.74,0.0,0.7519685039370079,True,True
2026-09-28,US,Burlington,Vermont,44.4759,-73.2121,14.63,0,0.08,0.0,0.4803149606299212,True,True
2026-09-28,US,Cambridge,Massachusetts,42.3751,-71.1056,143.32,1,0.79,0.0,0.6811023622047244,True,True
2026-09-28,US,Carmel,Indiana,39.9784,-86.118,108.9,1,0.61,0.0,0.0,False,False
2026-09-28,US,Carson City,Nevada,39.1638,-119.7674,8.89,0,0.05,0.0,0.0433070866141732,False,False
2026-09-28,US,Casper,Wyoming,42.8666,-106.3131,4.2,0,0.03,0.0,0.0118110236220472,False,False
2026-09-28,US,Cedar Rapids,Iowa,42.0083,-91.6441,39.94,0,0.22,0.0,0.0039370078740157,False,False
2026-09-28,US,Chapel Hill,North Carolina,35.9132,-79.0558,94.0,1,0.53,0.0,0.0,False,False
2026-09-28,US,Charleston,South Carolina,32.7763,-79.9328,129.18,1,0.7,0.0,0.0,False,False
2026-09-28,US,Charleston,West Virginia,38.3498,-81.6326,17.14,0,0.08,0.0,0.0,False,False
2026-09-28,US,Charlotte,North Carolina,35.2271,-80.8431,423.99,10,2.35,0.0,0.0,False,False
2026-09-28,US,Chattanooga,Tennessee,35.0456,-85.3097,73.78,0,0.42,0.0,0.0,False,False
2026-09-28,US,Chesterfield,Missouri,38.6631,-90.5771,61.9,0,0.33999999999999997,0.0,0.0039370078740157,False,False
2026-09-28,US,Cheyenne,Wyoming,41.14,-104.8202,20.25,0,0.11,0.0,0.0078740157480314,False,False
2026-09-28,US,Chicago,Illinois,41.85,-87.65,1180.45,47,6.58,0.0,0.0,False,False
2026-09-28,US,Cincinnati,Ohio,39.1271,-84.5144,298.18,6,1.66,0.0,0.0,False,False
2026-09-28,US,Cleveland,Ohio,41.4995,-81.6954,60.11,0,0.33999999999999997,0.0,0.0078740157480314,False,False
2026-09-28,US,Cody,Wyoming,44.5263,-109.0565,5.58,0,0.03,0.0,0.2125984251968504,True,True
2026-09-28,US,Coeur D'Alene,Idaho,47.6777,-116.7805,4.13,0,0.03,0.0,0.0,False,False
2026-09-28,US,Colorado Springs,Colorado,38.8339,-104.8214,116.57,1,0.65,0.0,0.2047244094488189,True,True
2026-09-28,US,Columbia,South Carolina,34.0007,-81.0348,92.5,0,0.51,0.0,0.0,False,False
2026-09-28,US,Columbus,Ohio,39.9612,-82.9988,248.83,4,1.38,0.0,0.0,False,False
2026-09-28,US,Cordova,Alaska,60.5432,-145.7587,11.89,0,0.06,0.0,0.0,False,False
2026-09-28,US,Cranston,Rhode Island,41.7798,-71.4373,16.7,0,0.09,0.0,1.1614173228346456,True,True
2026-09-28,US,Dallas,Texas,32.7831,-96.8067,603.1700000000001,12,3.34,0.0,0.1062992125984252,False,False
2026-09-28,US,Dayton,Ohio,39.759,-84.1916,95.02,0,0.53,0.0,0.0,False,False
2026-09-28,US,Decatur,Georgia,33.7748,-84.2963,80.13,0,0.45,0.0,0.0,False,False
2026-09-28,US,Denver,Colorado,39.7392,-104.9847,225.58,4,1.26,0.0,0.0590551181102362,False,False
2026-09-28,US,Des Moines,Iowa,41.6005,-93.6091,27.34,0,0.16,0.0,0.0078740157480314,False,False
2026-09-28,US,Dickinson,North Dakota,46.8792,-102.7896,10.51,0,0.06,0.0,1.4448818897637796,True,True
2026-09-28,US,Downers Grove,Illinois,41.8089,-88.0112,58.050000000000004,0,0.33999999999999997,0.0,0.0,False,False
2026-09-28,US,Doylestown,Pennsylvania,40.3101,-75.1299,65.07,0,0.36,0.0,0.3110236220472441,True,True
2026-09-28,US,Dublin,Ohio,40.0992,-83.1141,65.59,0,0.36,0.0,0.0,False,False
2026-09-28,US,Durham,North Carolina,35.994,-78.8986,89.58,1,0.5,0.0,0.0,False,False
2026-09-28,US,Eagle,Idaho,43.6954,-116.354,18.15,0,0.11,0.0,0.0,False,False
2026-09-28,US,Eagle Mountain,Utah,40.3144,-111.9849,5.319999999999999,0,0.03,0.0,0.5984251968503936,True,True
2026-09-28,US,East Greenwich,Rhode Island,41.6604,-71.4559,14.88,0,0.08,0.0,0.9803149606299212,True,True
2026-09-28,US,Eden Prairie,Minnesota,44.8547,-93.4708,32.9,0,0.19,0.0,0.0,False,False
2026-09-28,US,Edmond,Oklahoma,35.6528,-97.4781,152.69,4,0.84,0.0,0.0157480314960629,False,False
2026-09-28,US,Eliot,Maine,43.1531,-70.8001,9.36,0,0.05,0.0,0.7244094488188976,True,True
2026-09-28,US,Elkhorn,Nebraska,41.345,-96.256,23.5,0,0.14,0.0,0.0157480314960629,False,False
2026-09-28,US,Essex Junction,Vermont,44.4906,-73.111,9.65,0,0.06,0.0,0.468503937007874,True,True
2026-09-28,US,Eugene,Oregon,44.0521,-123.0868,51.58,0,0.28,0.0,0.0,False,False
2026-09-28,US,Evanston,Illinois,42.0411,-87.6901,71.38,0,0.39,0.0,0.0,False,False
2026-09-28,US,Ewa Beach,Hawaii,21.3156,-158.0072,66.43,0,0.36,0.0,0.0,False,False
2026-09-28,US,Exeter,New Hampshire,42.9815,-70.9478,15.02,0,0.08,0.0,0.6968503937007874,True,True
2026-09-28,US,Fairbanks,Alaska,64.8378,-147.7164,8.91,0,0.03,0.0,0.0236220472440944,False,False
2026-09-28,US,Fairfax,Virginia,38.8462,-77.3064,117.86,1,0.6599999999999999,0.0,0.0078740157480314,False,False
2026-09-28,US,Fairfield,Connecticut,41.1412,-73.2637,62.53,0,0.33999999999999997,0.0,0.6929133858267718,True,True
2026-09-28,US,Fairhope,Alabama,30.523,-87.9033,39.38,0,0.22,0.0,0.0,False,False
2026-09-28,US,Falmouth,Maine,43.7295,-70.242,16.7,0,0.09,0.0,1.0275590551181102,True,True
2026-09-28,US,Fargo,North Dakota,46.8772,-96.7898,26.4,0,0.14,0.0,0.1181102362204724,False,False
2026-09-28,US,Fayetteville,Arkansas,36.0626,-94.1574,37.839999999999996,0,0.22,0.0,0.0590551181102362,False,False
2026-09-28,US,Fort Collins,Colorado,40.5853,-105.0844,55.93,0,0.31,0.0,0.2480314960629921,True,True
2026-09-28,US,Fort Wayne,Indiana,41.1306,-85.1289,81.99000000000001,0,0.45,0.0,0.0,False,False
2026-09-28,US,Fort Worth,Texas,32.7254,-97.3208,251.07,4,1.3900000000000001,0.0,0.5196850393700787,True,True
2026-09-28,US,Franklin,Tennessee,35.9251,-86.8689,120.9,1,0.6699999999999999,0.0,0.0,False,False
2026-09-28,US,Gilbert,Arizona,33.3528,-111.789,53.86,0,0.31,0.0,0.7480314960629921,True,True
2026-09-28,US,Grand Forks,North Dakota,47.9253,-97.0328,3.58,0,0.03,0.0,0.8897637795275591,True,True
2026-09-28,US,Grand Rapids,Michigan,42.9634,-85.6681,121.36,0,0.6699999999999999,0.0,0.0,False,False
2026-09-28,US,Great Falls,Montana,47.5002,-111.3008,11.82,0,0.06,0.0,0.0,False,False
2026-09-28,US,Greenville,South Carolina,34.8526,-82.394,144.15,1,0.7999999999999999,0.0,0.0,False,False
2026-09-28,US,Greenwich,Connecticut,41.0265,-73.6285,169.42,0,0.93,0.0,0.6574803149606299,True,True
2026-09-28,US,Gulfport,Mississippi,30.3674,-89.0928,26.13,0,0.14,0.0,0.0,False,False
2026-09-28,US,Hampton,New Hampshire,42.9376,-70.8389,23.44,0,0.14,0.0,0.7559055118110236,True,True
2026-09-28,US,Hattiesburg,Mississippi,31.3271,-89.2903,14.39,0,0.08,0.0,0.0,False,False
2026-09-28,US,Henderson,Nevada,36.0397,-114.9819,88.98,7,0.48000000000000004,0.0,0.1259842519685039,False,False
2026-09-28,US,Hoboken,New Jersey,40.744,-74.0324,121.68,1,0.6699999999999999,0.0,0.7165354330708661,True,True
2026-09-28,US,Honolulu,Hawaii,21.3069,-157.8583,335.03,7,1.87,0.0,0.0,False,False
2026-09-28,US,Houston,Texas,29.7633,-95.3633,1112.28,31,6.1899999999999995,0.0,0.0354330708661417,False,False
2026-09-28,US,Huntington,West Virginia,38.4192,-82.4452,20.05,0,0.11,0.0,0.0,False,False
2026-09-28,US,Huntsville,Alabama,34.7304,-86.5859,119.25,1,0.6699999999999999,0.0,0.0,False,False
2026-09-28,US,Hurricane,West Virginia,38.4326,-82.0201,10.41,0,0.06,0.0,0.0,False,False
2026-09-28,US,Hyde Park,Vermont,44.5939,-72.6165,8.290000000000001,0,0.05,0.0,0.4015748031496062,True,True
2026-09-28,US,Indianapolis,Indiana,39.7684,-86.158,193.42,1,1.09,0.0,0.0,False,False
2026-09-28,US,Iowa City,Iowa,41.6611,-91.5302,29.2,0,0.16,0.0,0.0590551181102362,False,False
2026-09-28,US,Jackson,Mississippi,32.2988,-90.1848,16.06,0,0.09,0.0,0.0118110236220472,False,False
2026-09-28,US,Jersey City,New Jersey,40.7282,-74.0776,235.31,7,1.31,0.0,0.7165354330708661,True,True
2026-09-28,US,Jonesboro,Arkansas,35.8423,-90.7043,37.78,0,0.22,0.0,0.0,False,False
2026-09-28,US,Kailua,Hawaii,21.4024,-157.7405,46.56,0,0.25,0.0,0.0196850393700787,False,False
2026-09-28,US,Kalispell,Montana,48.1958,-114.3129,14.51,0,0.08,0.0,0.0,False,False
2026-09-28,US,Kaneohe,Hawaii,21.3999,-157.799,42.6,0,0.25,0.0,0.0196850393700787,False,False
2026-09-28,US,Kansas City,Missouri,39.0997,-94.5786,118.54,1,0.65,0.0,0.0039370078740157,False,False
2026-09-28,US,Knoxville,Tennessee,35.9606,-83.9207,165.76,1,0.92,0.0,0.0,False,False
2026-09-28,US,Kuna,Idaho,43.4918,-116.4201,30.58,0,0.16999999999999998,0.0,0.0,False,False
2026-09-28,US,Lafayette,Louisiana,30.2241,-92.0198,98.24,0,0.53,0.0,0.0039370078740157,False,False
2026-09-28,US,Lake Oswego,Oregon,45.4207,-122.6706,72.44,0,0.4,0.0,0.0,False,False
2026-09-28,US,Lancaster,Pennsylvania,40.0379,-76.3055,72.57000000000001,0,0.4,0.0,0.2165354330708661,True,True
2026-09-28,US,Las Cruces,New Mexico,32.3123,-106.7783,28.72,0,0.16999999999999998,0.0,0.1692913385826771,False,False
2026-09-28,US,Las Vegas,Nevada,36.175,-115.1372,241.79999999999998,4,1.3399999999999999,0.0,0.0314960629921259,False,False
2026-09-28,US,Lawrence,Kansas,38.9717,-95.2352,28.08,0,0.16,0.0,0.0118110236220472,False,False
2026-09-28,US,Leawood,Kansas,38.9667,-94.6169,25.919999999999998,0,0.14,0.0,0.0118110236220472,False,False
2026-09-28,US,Lennox,South Dakota,43.3541,-96.892,7.37,0,0.03,0.0,0.0078740157480314,False,False
2026-09-28,US,Lewes,Delaware,38.7746,-75.1393,36.95,0,0.2,0.0,0.1102362204724409,False,False
2026-09-28,US,Lexington,Kentucky,37.9887,-84.4777,145.26,1,0.8099999999999999,0.0,0.0,False,False
2026-09-28,US,Lincoln,Nebraska,40.8,-96.667,42.37,0,0.23,0.0,0.0157480314960629,False,False
2026-09-28,US,Little Rock,Arkansas,34.7465,-92.2896,102.7,0,0.59,0.0,0.0,False,False
2026-09-28,US,Littleton,Colorado,39.6133,-105.0166,65.46,0,0.36,0.0,0.0629921259842519,False,False
2026-09-28,US,Los Alamos,New Mexico,35.8881,-106.307,13.02,0,0.08,0.0,0.0551181102362204,False,False
2026-09-28,US,Los Angeles,California,34.0522,-118.2437,972.3000000000001,37,5.41,0.0,0.0,False,False
2026-09-28,US,Louisville,Kentucky,38.2542,-85.7594,210.72,1,1.18,0.0,0.0,False,False
2026-09-28,US,Macomb,Michigan,42.7009,-82.9591,37.49,0,0.2,0.0,0.0,False,False
2026-09-28,US,Madison,Alabama,34.6993,-86.7483,47.08,0,0.25,0.0,0.0,False,False
2026-09-28,US,Madison,Mississippi,32.4618,-90.1154,29.94,0,0.16999999999999998,0.0,0.1259842519685039,False,False
2026-09-28,US,Madison,South Dakota,44.0061,-97.114,5.0,0,0.03,0.0,0.0157480314960629,False,False
2026-09-28,US,Madison,Wisconsin,43.073,-89.4012,82.93,0,0.45,0.0,0.0,False,False
2026-09-28,US,Manchester,New Hampshire,42.9956,-71.4548,33.97,0,0.19,0.0,0.5866141732283464,True,True
2026-09-28,US,Marietta,Georgia,33.9526,-84.5499,225.9,3,1.26,0.0,0.0,False,False
2026-09-28,US,Memphis,Tennessee,35.1495,-90.049,128.62,1,0.72,0.0,0.0,False,False
2026-09-28,US,Meridian,Idaho,43.6121,-116.3915,39.54,0,0.22,0.0,0.0,False,False
2026-09-28,US,Mesa,Arizona,33.4223,-111.8226,55.44,0,0.31,0.0,0.7559055118110236,True,True
2026-09-28,US,Metairie,Louisiana,29.9841,-90.1528,59.96,0,0.33999999999999997,0.0,0.0,False,False
2026-09-28,US,Miami,Florida,25.7743,-80.1937,1086.89,21,6.050000000000001,0.0,0.0551181102362204,False,False
2026-09-28,US,Middlesboro,Kentucky,36.6084,-83.7166,9.12,0,0.05,0.0,0.0,False,False
2026-09-28,US,Middletown,Delaware,39.4496,-75.7163,19.3,0,0.11,0.0,0.1102362204724409,False,False
2026-09-28,US,Mililani,Hawaii,21.4504,-158.015,35.9,0,0.2,0.0,0.0,False,False
2026-09-28,US,Milwaukee,Wisconsin,43.0389,-87.9065,104.41,1,0.58,0.0,0.0,False,False
2026-09-28,US,Minneapolis,Minnesota,44.98,-93.2638,209.87,7,1.15,0.0,0.0,False,False
2026-09-28,US,Minnetonka,Minnesota,44.9133,-93.5033,27.02,0,0.14,0.0,0.0,False,False
2026-09-28,US,Missoula,Montana,46.8722,-113.994,11.43,0,0.06,0.0,0.0,False,False
2026-09-28,US,Mobile,Alabama,30.6944,-88.043,65.17999999999999,0,0.36,0.0,0.0,False,False
2026-09-28,US,Morgantown,West Virginia,39.6295,-79.9559,40.97,0,0.23,0.0,0.1062992125984252,False,False
2026-09-28,US,Morristown,New Jersey,40.7968,-74.4815,81.42,0,0.45,0.0,0.7755905511811023,True,True
2026-09-28,US,Mount Pleasant,South Carolina,32.7941,-79.8626,84.78,0,0.47000000000000003,0.0,0.0,False,False
2026-09-28,US,Myrtle Beach,South Carolina,33.6891,-78.8867,98.81,0,0.56,0.0,0.0,False,False
2026-09-28,US,Naperville,Illinois,41.7859,-88.1473,121.46000000000001,0,0.6699999999999999,0.0,0.0,False,False
2026-09-28,US,Naples,Florida,26.1423,-81.796,306.08,7,1.71,0.0,0.0,False,False
2026-09-28,US,Nashua,New Hampshire,42.7654,-71.4676,34.51,0,0.19,0.0,0.6023622047244095,True,True
2026-09-28,US,Nashville,Tennessee,36.1659,-86.7844,284.51,7,1.57,0.0,0.0,False,False
2026-09-28,US,New Canaan,Connecticut,41.1468,-73.4948,66.99,0,0.37,0.0,0.6889763779527559,True,True
2026-09-28,US,New Castle,Delaware,39.6595,-75.5636,39.67,0,0.22,0.0,0.1732283464566929,False,False
2026-09-28,US,New Orleans,Louisiana,29.9546,-90.0751,129.38,1,0.73,0.0,0.0,False,False
2026-09-28,US,New York,New York,40.7143,-74.006,3131.82,118,17.68,3.0,0.7165354330708661,True,True
2026-09-28,US,Newark,Delaware,39.6837,-75.7497,43.03,0,0.25,0.0,0.1496062992125984,False,False
2026-09-28,US,Norman,Oklahoma,35.2226,-97.4395,45.93,0,0.25,0.0,0.0236220472440944,False,False
2026-09-28,US,North Las Vegas,Nevada,36.1989,-115.1175,8.43,0,0.05,0.0,0.0314960629921259,False,False
2026-09-28,US,Norwalk,Connecticut,41.1176,-73.4079,54.73,0,0.31,0.0,0.7637795275590551,True,True
2026-09-28,US,Oakland,California,37.8044,-122.2708,268.4,8,1.49,0.0,0.0,False,False
2026-09-28,US,Oklahoma City,Oklahoma,35.4676,-97.5164,92.38,0,0.5,0.0,0.1299212598425196,False,False
2026-09-28,US,Olathe,Kansas,38.8814,-94.8191,46.43,0,0.25,0.0,0.0275590551181102,False,False
2026-09-28,US,Omaha,Nebraska,41.2563,-95.9404,93.27,1,0.53,0.0,0.0118110236220472,False,False
2026-09-28,US,Orlando,Florida,28.5383,-81.3792,391.8,8,2.18,0.0,0.0,False,False
2026-09-28,US,Overland Park,Kansas,38.9822,-94.6708,87.1,0,0.48000000000000004,0.0,0.0118110236220472,False,False
2026-09-28,US,Paducah,Kentucky,37.0834,-88.6,33.33,0,0.19,0.0,0.0,False,False
2026-09-28,US,Papillion,Nebraska,41.1544,-96.0422,14.97,0,0.08,0.0,0.0118110236220472,False,False
2026-09-28,US,Park City,Utah,40.6461,-111.498,29.17,0,0.16,0.0,0.9803149606299212,True,True
2026-09-28,US,Philadelphia,Pennsylvania,39.9524,-75.1636,438.23,12,2.44,0.0,0.3070866141732283,True,True
2026-09-28,US,Phoenix,Arizona,33.4484,-112.074,184.52,1,1.01,0.0,0.9566929133858268,True,True
2026-09-28,US,Pittsburgh,Pennsylvania,40.4406,-79.9959,272.8,7,1.51,0.0,0.0354330708661417,False,False
2026-09-28,US,Plymouth,Michigan,42.3714,-83.4702,43.45,0,0.25,0.0,0.0,False,False
2026-09-28,US,Plymouth,Minnesota,45.0105,-93.4555,48.660000000000004,0,0.28,0.0,0.0,False,False
2026-09-28,US,Portland,Maine,43.6574,-70.2589,36.480000000000004,0,0.2,0.0,1.1377952755905512,True,True
2026-09-28,US,Portland,Oregon,45.5234,-122.6762,410.49,10,2.3,0.0,0.0,False,False
2026-09-28,US,Portsmouth,New Hampshire,43.077,-70.7577,20.78,0,0.11,0.0,0.7244094488188976,True,True
2026-09-28,US,Princeton,New Jersey,40.3487,-74.659,60.76,0,0.33999999999999997,0.0,0.4291338582677165,True,True
2026-09-28,US,Providence,Rhode Island,41.824,-71.4128,59.32,0,0.32999999999999996,0.0,0.9566929133858268,True,True
2026-09-28,US,Raleigh,North Carolina,35.7721,-78.6386,270.15999999999997,7,1.49,0.0,0.0,False,False
2026-09-28,US,Rapid City,South Dakota,44.0805,-103.231,12.86,0,0.08,0.0,0.0590551181102362,False,False
2026-09-28,US,Reading,Massachusetts,42.5256,-71.0953,381.5,24,2.13,0.0,0.4763779527559055,True,True
2026-09-28,US,Reno,Nevada,39.5296,-119.8138,79.34,0,0.45,0.0,0.0393700787401574,False,False
2026-09-28,US,Richmond,Virginia,37.5538,-77.4603,188.88,1,1.07,0.0,0.0275590551181102,False,False
2026-09-28,US,Rock Springs,Wyoming,41.5875,-109.2029,13.129999999999999,0,0.08,0.0,0.0196850393700787,False,False
2026-09-28,US,Rockville,Maryland,39.084,-77.1528,82.54,0,0.48000000000000004,0.0,0.0039370078740157,False,False
2026-09-28,US,Rogers,Arkansas,36.332,-94.1185,41.15,0,0.23,0.0,0.0078740157480314,False,False
2026-09-28,US,Saint Charles,Missouri,38.7839,-90.4812,44.85,0,0.25,0.0,0.0,False,False
2026-09-28,US,Saint Louis,Missouri,38.6517,-90.2053,202.24,3,1.12,0.0,0.0236220472440944,False,False
2026-09-28,US,Saint Paul,Minnesota,44.9444,-93.0933,105.71,1,0.59,0.0,0.0,False,False
2026-09-28,US,Salem,Oregon,44.9429,-123.0351,42.31,0,0.24,0.0,0.0,False,False
2026-09-28,US,Salt Lake City,Utah,40.7608,-111.891,67.77,0,0.39,0.0,0.6968503937007874,True,True
2026-09-28,US,San Antonio,Texas,29.4241,-98.4936,307.76,7,1.71,0.0,0.0078740157480314,False,False
2026-09-28,US,San Diego,California,32.7157,-117.1647,496.51,13,2.75,0.0,0.0590551181102362,False,False
2026-09-28,US,San Francisco,California,37.7749,-122.4194,1001.43,33,5.57,0.0,0.0,False,False
2026-09-28,US,San Jose,California,37.3394,-121.895,393.48,11,2.2,0.0,0.0,False,False
2026-09-28,US,Sandy,Utah,40.5916,-111.8841,23.55,0,0.14,0.0,0.1811023622047244,False,False
2026-09-28,US,Santa Fe,New Mexico,35.687,-105.9378,40.86,0,0.22,0.0,0.0196850393700787,False,False
2026-09-28,US,Savannah,Georgia,32.0835,-81.0998,128.49,1,0.72,0.0,0.0,False,False
2026-09-28,US,Scarborough,Maine,43.5781,-70.3217,24.18,0,0.14,0.0,1.0039370078740155,True,True
2026-09-28,US,Scottsdale,Arizona,33.5092,-111.899,150.05,1,0.84,0.0,0.9133858267716536,True,True
2026-09-28,US,Seattle,Washington,47.6062,-122.3321,618.27,16,3.44,0.0,0.0,False,False
2026-09-28,US,Sheridan,Wyoming,44.7972,-106.9562,16.490000000000002,0,0.09,0.0,0.0039370078740157,False,False
2026-09-28,US,Shreveport,Louisiana,32.5251,-93.7502,116.63,0,0.64,0.0,0.0078740157480314,False,False
2026-09-28,US,Silver Spring,Maryland,38.9907,-77.0261,88.38,1,0.5,0.0,0.0118110236220472,False,False
2026-09-28,US,Sioux Falls,South Dakota,43.55,-96.7003,24.39,0,0.14,0.0,0.0196850393700787,False,False
2026-09-28,US,Sitka,Alaska,57.0532,-135.3309,6.430000000000001,0,0.03,0.0,0.3503937007874015,True,True
2026-09-28,US,Somerville,Massachusetts,42.3876,-71.0995,73.28,0,0.42,0.0,0.5511811023622047,True,True
2026-09-28,US,South Burlington,Vermont,44.467,-73.171,18.68,0,0.11,0.0,0.4803149606299212,True,True
2026-09-28,US,South Jordan,Utah,40.5622,-111.9297,36.58,0,0.2,0.0,0.1811023622047244,False,False
2026-09-28,US,Southaven,Mississippi,34.989,-90.0126,16.88,0,0.09,0.0,0.0,False,False
2026-09-28,US,Spokane,Washington,47.6569,-117.425,38.87,0,0.22,0.0,0.0,False,False
2026-09-28,US,Springfield,Missouri,37.2153,-93.2982,45.44,0,0.25,0.0,0.0984251968503936,False,False
2026-09-28,US,Stamford,Connecticut,41.0534,-73.5387,65.12,0,0.36,0.0,0.7480314960629921,True,True
2026-09-28,US,Staten Island,New York,40.5623,-74.1399,199.69,3,1.09,0.0,0.8346456692913385,True,True
2026-09-28,US,Stowe,Vermont,44.4653,-72.6846,13.05,0,0.08,0.0,0.4960629921259842,True,True
2026-09-28,US,Tacoma,Washington,47.2529,-122.4443,89.72,1,0.5,0.0,0.0,False,False
2026-09-28,US,Tampa,Florida,27.9475,-82.4584,279.25,5,1.57,0.0,0.0,False,False
2026-09-28,US,Tijeras,New Mexico,35.0809,-106.3881,11.61,0,0.06,0.0,0.0826771653543307,False,False
2026-09-28,US,Tucson,Arizona,32.2217,-110.9265,161.64,1,0.89,0.0,0.0590551181102362,False,False
2026-09-28,US,Tulsa,Oklahoma,36.154,-95.9928,180.84,1,1.0,0.0,0.0157480314960629,False,False
2026-09-28,US,Vancouver,Washington,45.6387,-122.6615,109.32,1,0.59,0.0,0.0,False,False
2026-09-28,US,Virginia Beach,Virginia,36.8529,-75.978,192.04,1,1.07,0.0,0.0,False,False
2026-09-28,US,Warwick,Rhode Island,41.7001,-71.4162,18.9,0,0.09,0.0,0.8740157480314961,True,True
2026-09-28,US,Washington,District of Columbia,38.8951,-77.0364,707.12,18,3.94,0.0,0.0039370078740157,False,False
2026-09-28,US,Wasilla,Alaska,61.5809,-149.4415,4.01,0,0.03,0.0,0.1181102362204724,False,False
2026-09-28,US,Waukesha,Wisconsin,43.0117,-88.2315,26.45,0,0.14,0.0,0.0,False,False
2026-09-28,US,West Chester,Pennsylvania,39.961,-75.608,70.42,0,0.39,0.0,0.2165354330708661,True,True
2026-09-28,US,West Des Moines,Iowa,41.5772,-93.7113,22.24,0,0.11,0.0,0.0078740157480314,False,False
2026-09-28,US,West Fargo,North Dakota,46.875,-96.9004,15.82,0,0.09,0.0,0.1181102362204724,False,False
2026-09-28,US,West Lafayette,Indiana,40.4259,-86.9081,36.77,0,0.2,0.0,0.0,False,False
2026-09-28,US,Westfield,New Jersey,40.659,-74.3474,74.67,0,0.42,0.0,0.5590551181102362,True,True
2026-09-28,US,Wheeling,West Virginia,40.064,-80.7209,22.94,0,0.14,0.0,0.0157480314960629,False,False
2026-09-28,US,Whitefish Bay,Wisconsin,43.1133,-87.9001,26.9,0,0.14,0.0,0.0,False,False
2026-09-28,US,Wichita,Kansas,37.6922,-97.3375,93.39,0,0.52,0.0,0.0236220472440944,False,False
2026-09-28,US,Wilmette,Illinois,42.0722,-87.7228,66.06,0,0.36,0.0,0.0,False,False
2026-09-28,US,Wilmington,Delaware,39.746,-75.5466,111.36,1,0.62,0.0,0.1653543307086614,False,False
2026-09-28,US,Wilmington,North Carolina,34.2356,-77.946,126.03,1,0.7,0.0,0.0,False,False
2026-09-29,CAN,Blainville,Quebec,45.6668,-73.8825,2.36,0,0.0,0.0,0.0039370078740157,False,False
2026-09-29,CAN,Brossard,Quebec,45.4501,-73.4658,1.6900000000000002,0,0.0,0.0,0.0157480314960629,False,False
2026-09-29,CAN,Burnaby,British Columbia,49.2664,-122.9526,22.07,0,0.0,0.0,1.8858267716535435,True,True
2026-09-29,CAN,Calgary,Alberta,51.0501,-114.0853,36.0,0,0.0,0.0,0.0,False,False
2026-09-29,CAN,Cote-Saint-Luc,Quebec,45.4654,-73.6659,1.4300000000000002,0,0.0,0.0,0.0157480314960629,False,False
2026-09-29,CAN,Dartmouth,Nova Scotia,44.6713,-63.5772,0.68,0,0.0,0.0,0.1850393700787401,False,False
2026-09-29,CAN,Dieppe,New Brunswick,46.0784,-64.6874,2.69,0,0.0,0.0,0.3661417322834646,True,True
2026-09-29,CAN,Dorval,Quebec,45.4473,-73.7534,1.59,0,0.0,0.0,0.0078740157480314,False,False
2026-09-29,CAN,Edmonton,Alberta,53.5501,-113.4687,15.440000000000001,0,0.0,0.0,0.0905511811023622,False,False
2026-09-29,CAN,Fredericton,New Brunswick,45.9454,-66.6656,0.81,0,0.0,0.0,0.3307086614173228,True,True
2026-09-29,CAN,Guelph,Ontario,43.5459,-80.256,6.49,0,0.0,0.0,0.0,False,False
2026-09-29,CAN,Halifax,Nova Scotia,44.6427,-63.5769,5.17,0,0.0,0.0,0.2440944881889764,True,True
2026-09-29,CAN,Headingley,Manitoba,49.8753,-97.409,0.72,0,0.0,0.0,0.0196850393700787,False,False
2026-09-29,CAN,Kingston,Ontario,44.2298,-76.481,4.55,0,0.0,0.0,0.0,False,False
2026-09-29,CAN,Markham,Ontario,43.8668,-79.2663,8.53,0,0.0,0.0,0.0078740157480314,False,False
2026-09-29,CAN,Moncton,New Brunswick,46.0945,-64.7965,1.28,0,0.0,0.0,0.3228346456692913,True,True
2026-09-29,CAN,Montreal,Quebec,45.5088,-73.5878,21.12,0,0.0,0.0,0.0118110236220472,False,False
2026-09-29,CAN,North Vancouver,British Columbia,49.3164,-123.0693,16.55,0,0.0,0.0,2.771653543307087,True,True
2026-09-29,CAN,Ottawa,Ontario,45.4112,-75.6981,34.68,0,0.0,0.0,0.0,False,False
2026-09-29,CAN,Paradise,Newfoundland and Labrador,47.5333,-52.9667,0.8,0,0.0,0.0,0.0,False,False
2026-09-29,CAN,Regina,Saskatchewan,50.4501,-104.6178,0.78,0,0.0,0.0,0.0,False,False
2026-09-29,CAN,Saskatoon,Saskatchewan,52.1324,-106.6689,3.65,0,0.0,0.0,0.0,False,False
2026-09-29,CAN,St. Albert,Alberta,53.6334,-113.6353,1.89,0,0.0,0.0,0.0590551181102362,False,False
2026-09-29,CAN,St. John'S,Newfoundland and Labrador,47.5649,-52.7093,0.8800000000000001,0,0.0,0.0,0.0,False,False
2026-09-29,CAN,Surrey,British Columbia,49.1064,-122.8251,25.47,0,0.0,0.0,1.251968503937008,True,True
2026-09-29,CAN,Toronto,Ontario,43.7064,-79.3986,106.24,9,0.0,0.0,0.0,False,False
2026-09-29,CAN,Vancouver,British Columbia,49.2497,-123.1193,81.36,1,0.0,0.0,1.6259842519685035,True,True
2026-09-29,CAN,Victoria,British Columbia,48.4359,-123.3516,19.22,0,0.0,0.0,0.9566929133858268,True,True
2026-09-29,CAN,Wainwright,Alberta,52.8348,-110.8534,0.59,0,0.0,0.0,0.0,False,False
2026-09-29,CAN,West Baptiste,Alberta,54.7502,-113.5688,0.33999999999999997,0,0.0,0.0,0.0472440944881889,False,False
2026-09-29,CAN,Winnipeg,Manitoba,49.8844,-97.147,3.98,0,0.0,0.0,0.0039370078740157,False,False
2026-09-29,CAN,Yellow Grass,Saskatchewan,49.8001,-104.1678,1.0,0,0.0,0.0,0.0,False,False
2026-09-29,US,Aberdeen,South Dakota,45.4647,-98.4865,2.04,0,0.0,0.0,0.6299212598425197,True,True
2026-09-29,US,Albuquerque,New Mexico,35.0845,-106.6511,72.35,3,0.0,0.0,1.094488188976378,True,True
2026-09-29,US,Alexandria,Virginia,38.8048,-77.0469,197.06,7,0.0,0.0,0.0,False,False
2026-09-29,US,Alpharetta,Georgia,34.0754,-84.2941,61.54,0,0.0,0.0,0.0,False,False
2026-09-29,US,Ames,Iowa,42.0347,-93.6199,11.1,0,0.0,0.0,0.2165354330708661,True,True
2026-09-29,US,Anchorage,Alaska,61.2181,-149.9003,17.71,0,0.0,0.0,0.3267716535433071,True,True
2026-09-29,US,Ann Arbor,Michigan,42.2776,-83.7409,64.05,3,0.0,0.0,0.0,False,False
2026-09-29,US,Annapolis,Maryland,38.9786,-76.4918,44.96,0,0.0,0.0,0.0629921259842519,False,False
2026-09-29,US,Appleton,Wisconsin,44.2619,-88.4154,14.13,0,0.0,0.0,0.0,False,False
2026-09-29,US,Arlington,Virginia,38.881,-77.1043,141.46,5,0.0,0.0,0.0118110236220472,False,False
2026-09-29,US,Astoria,New York,40.772,-73.9301,63.46,3,0.0,0.0,0.0,False,False
2026-09-29,US,Atlanta,Georgia,33.749,-84.388,279.77,11,0.0,0.0,0.0,False,False
2026-09-29,US,Aurora,Colorado,39.7294,-104.8319,31.19,0,0.0,0.0,0.0275590551181102,False,False
2026-09-29,US,Austin,Texas,30.2672,-97.7431,360.05,16,0.0,0.0,0.1141732283464566,False,False
2026-09-29,US,Baltimore,Maryland,39.2904,-76.6122,86.42,3,0.0,0.0,0.0275590551181102,False,False
2026-09-29,US,Bangor,Maine,44.7988,-68.7726,6.94,0,0.0,0.0,0.6299212598425197,True,True
2026-09-29,US,Barrington,Rhode Island,41.7407,-71.3087,18.33,0,0.0,0.0,0.0393700787401574,False,False
2026-09-29,US,Baton Rouge,Louisiana,30.4433,-91.1875,97.0,3,0.0,0.0,0.0,False,False
2026-09-29,US,Beaverton,Oregon,45.4871,-122.8037,28.06,0,0.0,0.0,0.0,False,False
2026-09-29,US,Bellevue,Nebraska,41.1367,-95.8908,5.75,0,0.0,0.0,0.2677165354330708,True,True
2026-09-29,US,Bellevue,Washington,47.6104,-122.2007,63.160000000000004,3,0.0,0.0,0.1299212598425196,False,False
2026-09-29,US,Bentonville,Arkansas,36.3728,-94.2088,32.410000000000004,0,0.0,0.0,0.0,False,False
2026-09-29,US,Berkley,Massachusetts,41.8459,-71.0828,24.22,0,0.0,0.0,0.0157480314960629,False,False
2026-09-29,US,Bethesda,Maryland,38.9807,-77.1003,90.24,3,0.0,0.0,0.0196850393700787,False,False
2026-09-29,US,Billings,Montana,45.7833,-108.5007,14.790000000000001,0,0.0,0.0,0.0,False,False
2026-09-29,US,Birmingham,Alabama,33.5207,-86.8025,86.41,3,0.0,0.0,0.0,False,False
2026-09-29,US,Bismarck,North Dakota,46.8083,-100.7837,6.44,0,0.0,0.0,0.5078740157480315,True,True
2026-09-29,US,Bloomfield Hills,Michigan,42.5836,-83.2455,42.08,0,0.0,0.0,0.0,False,False
2026-09-29,US,Bloomington,Indiana,39.1653,-86.5264,34.17,0,0.0,0.0,0.0,False,False
2026-09-29,US,Boca Raton,Florida,26.3587,-80.0831,139.44,5,0.0,0.0,0.7755905511811023,True,True
2026-09-29,US,Boise,Idaho,43.6135,-116.2034,38.63,0,0.0,0.0,0.0,False,False
2026-09-29,US,Boston,Massachusetts,42.3584,-71.0598,230.96,10,0.0,0.0,0.0314960629921259,False,False
2026-09-29,US,Bowling Green,Kentucky,36.9903,-86.4436,15.94,0,0.0,0.0,0.0,False,False
2026-09-29,US,Bozeman,Montana,45.6796,-111.0386,11.44,0,0.0,0.0,0.0,False,False
2026-09-29,US,Broken Arrow,Oklahoma,36.0526,-95.7908,20.59,0,0.0,0.0,0.0039370078740157,False,False
2026-09-29,US,Bronx,New York,40.8499,-73.8664,105.38,5,0.0,0.0,0.0039370078740157,False,False
2026-09-29,US,Brooklyn,New York,40.6501,-73.9496,909.72,69,0.0,0.0,0.0,False,False
2026-09-29,US,Burlington,Vermont,44.4759,-73.2121,8.46,0,0.0,0.0,0.0196850393700787,False,False
2026-09-29,US,Cambridge,Massachusetts,42.3751,-71.1056,82.96,3,0.0,0.0,0.0314960629921259,False,False
2026-09-29,US,Carmel,Indiana,39.9784,-86.118,63.11,0,0.0,0.0,0.0,False,False
2026-09-29,US,Carson City,Nevada,39.1638,-119.7674,5.18,0,0.0,0.0,0.0,False,False
2026-09-29,US,Casper,Wyoming,42.8666,-106.3131,2.45,0,0.0,0.0,0.0,False,False
2026-09-29,US,Cedar Rapids,Iowa,42.0083,-91.6441,23.12,0,0.0,0.0,0.0,False,False
2026-09-29,US,Chapel Hill,North Carolina,35.9132,-79.0558,54.43,0,0.0,0.0,0.0,False,False
2026-09-29,US,Charleston,South Carolina,32.7763,-79.9328,74.82,3,0.0,0.0,0.0,False,False
2026-09-29,US,Charleston,West Virginia,38.3498,-81.6326,9.879999999999999,0,0.0,0.0,0.0,False,False
2026-09-29,US,Charlotte,North Carolina,35.2271,-80.8431,245.51,10,0.0,0.0,0.0,False,False
2026-09-29,US,Chattanooga,Tennessee,35.0456,-85.3097,42.7,0,0.0,0.0,0.0,False,False
2026-09-29,US,Chesterfield,Missouri,38.6631,-90.5771,35.84,0,0.0,0.0,0.0,False,False
2026-09-29,US,Cheyenne,Wyoming,41.14,-104.8202,11.69,0,0.0,0.0,0.0,False,False
2026-09-29,US,Chicago,Illinois,41.85,-87.65,683.59,52,0.0,0.0,0.0,False,False
2026-09-29,US,Cincinnati,Ohio,39.1271,-84.5144,172.73000000000002,5,0.0,0.0,0.0,False,False
2026-09-29,US,Cleveland,Ohio,41.4995,-81.6954,34.78,0,0.0,0.0,0.0,False,False
2026-09-29,US,Cody,Wyoming,44.5263,-109.0565,3.25,0,0.0,0.0,0.0078740157480314,False,False
2026-09-29,US,Coeur D'Alene,Idaho,47.6777,-116.7805,2.4,0,0.0,0.0,0.0039370078740157,False,False
2026-09-29,US,Colorado Springs,Colorado,38.8339,-104.8214,67.52,3,0.0,0.0,0.2519685039370078,True,True
2026-09-29,US,Columbia,South Carolina,34.0007,-81.0348,53.54,0,0.0,0.0,0.0,False,False
2026-09-29,US,Columbus,Ohio,39.9612,-82.9988,144.14,5,0.0,0.0,0.0,False,False
2026-09-29,US,Cordova,Alaska,60.5432,-145.7587,6.86,0,0.0,0.0,0.0196850393700787,False,False
2026-09-29,US,Cranston,Rhode Island,41.7798,-71.4373,9.66,0,0.0,0.0,0.0393700787401574,False,False
2026-09-29,US,Dallas,Texas,32.7831,-96.8067,349.21,14,0.0,0.0,0.0,False,False
2026-09-29,US,Dayton,Ohio,39.759,-84.1916,55.04,0,0.0,0.0,0.0,False,False
2026-09-29,US,Decatur,Georgia,33.7748,-84.2963,46.42,0,0.0,0.0,0.0,False,False
2026-09-29,US,Denver,Colorado,39.7392,-104.9847,130.62,5,0.0,0.0,0.0078740157480314,False,False
2026-09-29,US,Des Moines,Iowa,41.6005,-93.6091,15.83,0,0.0,0.0,0.0433070866141732,False,False
2026-09-29,US,Dickinson,North Dakota,46.8792,-102.7896,6.0600000000000005,0,0.0,0.0,0.2165354330708661,True,True
2026-09-29,US,Downers Grove,Illinois,41.8089,-88.0112,33.61,0,0.0,0.0,0.0,False,False
2026-09-29,US,Doylestown,Pennsylvania,40.3101,-75.1299,37.68,0,0.0,0.0,0.0,False,False
2026-09-29,US,Dublin,Ohio,40.0992,-83.1141,37.89,0,0.0,0.0,0.0,False,False
2026-09-29,US,Durham,North Carolina,35.994,-78.8986,51.88,3,0.0,0.0,0.0,False,False
2026-09-29,US,Eagle,Idaho,43.6954,-116.354,10.53,0,0.0,0.0,0.0,False,False
2026-09-29,US,Eagle Mountain,Utah,40.3144,-111.9849,3.13,0,0.0,0.0,0.1023622047244094,False,False
2026-09-29,US,East Greenwich,Rhode Island,41.6604,-71.4559,8.65,0,0.0,0.0,0.0314960629921259,False,False
2026-09-29,US,Eden Prairie,Minnesota,44.8547,-93.4708,19.07,0,0.0,0.0,0.6968503937007874,True,True
2026-09-29,US,Edmond,Oklahoma,35.6528,-97.4781,88.42,5,0.0,0.0,0.1338582677165354,False,False
2026-09-29,US,Eliot,Maine,43.1531,-70.8001,5.43,0,0.0,0.0,0.2519685039370078,True,True
2026-09-29,US,Elkhorn,Nebraska,41.345,-96.256,13.61,0,0.0,0.0,0.3543307086614173,True,True
2026-09-29,US,Essex Junction,Vermont,44.4906,-73.111,5.61,0,0.0,0.0,0.0157480314960629,False,False
2026-09-29,US,Eugene,Oregon,44.0521,-123.0868,29.82,0,0.0,0.0,0.0,False,False
2026-09-29,US,Evanston,Illinois,42.0411,-87.6901,41.22,0,0.0,0.0,0.0,False,False
2026-09-29,US,Ewa Beach,Hawaii,21.3156,-158.0072,38.42,0,0.0,0.0,0.0,False,False
2026-09-29,US,Exeter,New Hampshire,42.9815,-70.9478,8.72,0,0.0,0.0,0.2283464566929133,True,True
2026-09-29,US,Fairbanks,Alaska,64.8378,-147.7164,5.14,0,0.0,0.0,0.1102362204724409,False,False
2026-09-29,US,Fairfax,Virginia,38.8462,-77.3064,68.22,3,0.0,0.0,0.0,False,False
2026-09-29,US,Fairfield,Connecticut,41.1412,-73.2637,36.19,0,0.0,0.0,0.0,False,False
2026-09-29,US,Fairhope,Alabama,30.523,-87.9033,22.81,0,0.0,0.0,0.0078740157480314,False,False
2026-09-29,US,Falmouth,Maine,43.7295,-70.242,9.66,0,0.0,0.0,0.3385826771653543,True,True
2026-09-29,US,Fargo,North Dakota,46.8772,-96.7898,15.31,0,0.0,0.0,1.594488188976378,True,True
2026-09-29,US,Fayetteville,Arkansas,36.0626,-94.1574,21.87,0,0.0,0.0,0.0,False,False
2026-09-29,US,Fort Collins,Colorado,40.5853,-105.0844,32.4,0,0.0,0.0,0.0787401574803149,False,False
2026-09-29,US,Fort Wayne,Indiana,41.1306,-85.1289,47.47,0,0.0,0.0,0.0,False,False
2026-09-29,US,Fort Worth,Texas,32.7254,-97.3208,145.38,5,0.0,0.0,0.0,False,False
2026-09-29,US,Franklin,Tennessee,35.9251,-86.8689,70.01,0,0.0,0.0,0.0,False,False
2026-09-29,US,Gilbert,Arizona,33.3528,-111.789,31.19,0,0.0,0.0,0.374015748031496,True,True
2026-09-29,US,Grand Forks,North Dakota,47.9253,-97.0328,2.11,0,0.0,0.0,1.153543307086614,True,True
2026-09-29,US,Grand Rapids,Michigan,42.9634,-85.6681,70.23,0,0.0,0.0,0.0,False,False
2026-09-29,US,Great Falls,Montana,47.5002,-111.3008,6.84,0,0.0,0.0,0.0,False,False
2026-09-29,US,Greenville,South Carolina,34.8526,-82.394,83.48,3,0.0,0.0,0.0,False,False
2026-09-29,US,Greenwich,Connecticut,41.0265,-73.6285,98.06,0,0.0,0.0,0.0,False,False
2026-09-29,US,Gulfport,Mississippi,30.3674,-89.0928,15.19,0,0.0,0.0,0.0,False,False
2026-09-29,US,Hampton,New Hampshire,42.9376,-70.8389,13.57,0,0.0,0.0,0.2204724409448818,True,True
2026-09-29,US,Hattiesburg,Mississippi,31.3271,-89.2903,8.370000000000001,0,0.0,0.0,0.0,False,False
2026-09-29,US,Henderson,Nevada,36.0397,-114.9819,51.48,5,0.0,0.0,0.2362204724409448,True,True
2026-09-29,US,Hoboken,New Jersey,40.744,-74.0324,70.41,3,0.0,0.0,0.0,False,False
2026-09-29,US,Honolulu,Hawaii,21.3069,-157.8583,194.03,5,0.0,0.0,0.0,False,False
2026-09-29,US,Houston,Texas,29.7633,-95.3633,644.15,34,0.0,0.0,0.1692913385826771,False,False
2026-09-29,US,Huntington,West Virginia,38.4192,-82.4452,11.56,0,0.0,0.0,0.0,False,False
2026-09-29,US,Huntsville,Alabama,34.7304,-86.5859,69.1,3,0.0,0.0,0.0,False,False
2026-09-29,US,Hurricane,West Virginia,38.4326,-82.0201,6.0200000000000005,0,0.0,0.0,0.0,False,False
2026-09-29,US,Hyde Park,Vermont,44.5939,-72.6165,4.82,0,0.0,0.0,0.0275590551181102,False,False
2026-09-29,US,Indianapolis,Indiana,39.7684,-86.158,111.97,5,0.0,0.0,0.0,False,False
2026-09-29,US,Iowa City,Iowa,41.6611,-91.5302,16.91,0,0.0,0.0,0.0039370078740157,False,False
2026-09-29,US,Jackson,Mississippi,32.2988,-90.1848,9.29,0,0.0,0.0,0.0,False,False
2026-09-29,US,Jersey City,New Jersey,40.7282,-74.0776,136.33,5,0.0,0.0,0.0,False,False
2026-09-29,US,Jonesboro,Arkansas,35.8423,-90.7043,21.84,0,0.0,0.0,0.0,False,False
2026-09-29,US,Kailua,Hawaii,21.4024,-157.7405,26.97,0,0.0,0.0,0.0118110236220472,False,False
2026-09-29,US,Kalispell,Montana,48.1958,-114.3129,8.42,0,0.0,0.0,0.0,False,False
2026-09-29,US,Kaneohe,Hawaii,21.3999,-157.799,24.73,0,0.0,0.0,0.0118110236220472,False,False
2026-09-29,US,Kansas City,Missouri,39.0997,-94.5786,68.58,3,0.0,0.0,0.1141732283464566,False,False
2026-09-29,US,Knoxville,Tennessee,35.9606,-83.9207,95.94,3,0.0,0.0,0.0,False,False
2026-09-29,US,Kuna,Idaho,43.4918,-116.4201,17.64,0,0.0,0.0,0.0,False,False
2026-09-29,US,Lafayette,Louisiana,30.2241,-92.0198,56.85,0,0.0,0.0,0.0078740157480314,False,False
2026-09-29,US,Lake Oswego,Oregon,45.4207,-122.6706,41.980000000000004,0,0.0,0.0,0.0,False,False
2026-09-29,US,Lancaster,Pennsylvania,40.0379,-76.3055,41.98,0,0.0,0.0,0.0078740157480314,False,False
2026-09-29,US,Las Cruces,New Mexico,32.3123,-106.7783,16.64,0,0.0,0.0,1.4606299212598426,True,True
2026-09-29,US,Las Vegas,Nevada,36.175,-115.1372,139.97,5,0.0,0.0,0.3503937007874015,True,True
2026-09-29,US,Lawrence,Kansas,38.9717,-95.2352,16.26,0,0.0,0.0,0.7007874015748031,True,True
2026-09-29,US,Leawood,Kansas,38.9667,-94.6169,15.02,0,0.0,0.0,0.1181102362204724,False,False
2026-09-29,US,Lennox,South Dakota,43.3541,-96.892,4.29,0,0.0,0.0,0.484251968503937,True,True
2026-09-29,US,Lewes,Delaware,38.7746,-75.1393,21.39,0,0.0,0.0,0.0275590551181102,False,False
2026-09-29,US,Lexington,Kentucky,37.9887,-84.4777,84.07,3,0.0,0.0,0.0,False,False
2026-09-29,US,Lincoln,Nebraska,40.8,-96.667,24.55,0,0.0,0.0,0.1535433070866141,False,False
2026-09-29,US,Little Rock,Arkansas,34.7465,-92.2896,59.46,0,0.0,0.0,0.0,False,False
2026-09-29,US,Littleton,Colorado,39.6133,-105.0166,37.9,0,0.0,0.0,0.0078740157480314,False,False
2026-09-29,US,Los Alamos,New Mexico,35.8881,-106.307,7.53,0,0.0,0.0,1.6181102362204725,True,True
2026-09-29,US,Los Angeles,California,34.0522,-118.2437,563.0,41,0.0,0.0,0.0,False,False
2026-09-29,US,Louisville,Kentucky,38.2542,-85.7594,122.06,5,0.0,0.0,0.0,False,False
2026-09-29,US,Macomb,Michigan,42.7009,-82.9591,21.68,0,0.0,0.0,0.0,False,False
2026-09-29,US,Madison,Alabama,34.6993,-86.7483,27.3,0,0.0,0.0,0.0,False,False
2026-09-29,US,Madison,Mississippi,32.4618,-90.1154,17.33,0,0.0,0.0,0.0,False,False
2026-09-29,US,Madison,South Dakota,44.0061,-97.114,2.89,0,0.0,0.0,0.1811023622047244,False,False
2026-09-29,US,Madison,Wisconsin,43.073,-89.4012,48.0,0,0.0,0.0,0.0,False,False
2026-09-29,US,Manchester,New Hampshire,42.9956,-71.4548,19.68,0,0.0,0.0,0.1535433070866141,False,False
2026-09-29,US,Marietta,Georgia,33.9526,-84.5499,130.85,5,0.0,0.0,0.0,False,False
2026-09-29,US,Memphis,Tennessee,35.1495,-90.049,74.49,3,0.0,0.0,0.0,False,False
2026-09-29,US,Meridian,Idaho,43.6121,-116.3915,22.9,0,0.0,0.0,0.0,False,False
2026-09-29,US,Mesa,Arizona,33.4223,-111.8226,32.1,0,0.0,0.0,0.4606299212598425,True,True
2026-09-29,US,Metairie,Louisiana,29.9841,-90.1528,34.7,0,0.0,0.0,0.0393700787401574,False,False
2026-09-29,US,Miami,Florida,25.7743,-80.1937,629.41,25,0.0,0.0,0.9291338582677166,True,True
2026-09-29,US,Middlesboro,Kentucky,36.6084,-83.7166,5.3,0,0.0,0.0,0.0,False,False
2026-09-29,US,Middletown,Delaware,39.4496,-75.7163,11.16,0,0.0,0.0,0.0,False,False
2026-09-29,US,Mililani,Hawaii,21.4504,-158.015,20.740000000000002,0,0.0,0.0,0.0039370078740157,False,False
2026-09-29,US,Milwaukee,Wisconsin,43.0389,-87.9065,60.48,3,0.0,0.0,0.0,False,False
2026-09-29,US,Minneapolis,Minnesota,44.98,-93.2638,121.5,5,0.0,0.0,0.6732283464566929,True,True
2026-09-29,US,Minnetonka,Minnesota,44.9133,-93.5033,15.6,0,0.0,0.0,0.6968503937007874,True,True
2026-09-29,US,Missoula,Montana,46.8722,-113.994,6.62,0,0.0,0.0,0.0,False,False
2026-09-29,US,Mobile,Alabama,30.6944,-88.043,37.660000000000004,0,0.0,0.0,0.0078740157480314,False,False
2026-09-29,US,Morgantown,West Virginia,39.6295,-79.9559,23.72,0,0.0,0.0,0.0078740157480314,False,False
2026-09-29,US,Morristown,New Jersey,40.7968,-74.4815,47.2,0,0.0,0.0,0.0,False,False
2026-09-29,US,Mount Pleasant,South Carolina,32.7941,-79.8626,49.08,0,0.0,0.0,0.0,False,False
2026-09-29,US,Myrtle Beach,South Carolina,33.6891,-78.8867,57.25,0,0.0,0.0,0.0,False,False
2026-09-29,US,Naperville,Illinois,41.7859,-88.1473,70.33,0,0.0,0.0,0.0,False,False
2026-09-29,US,Naples,Florida,26.1423,-81.796,177.21,5,0.0,0.0,0.7204724409448819,True,True
2026-09-29,US,Nashua,New Hampshire,42.7654,-71.4676,19.96,0,0.0,0.0,0.2086614173228346,True,True
2026-09-29,US,Nashville,Tennessee,36.1659,-86.7844,164.82,5,0.0,0.0,0.0,False,False
2026-09-29,US,New Canaan,Connecticut,41.1468,-73.4948,38.75,0,0.0,0.0,0.0,False,False
2026-09-29,US,New Castle,Delaware,39.6595,-75.5636,23.0,0,0.0,0.0,0.0,False,False
2026-09-29,US,New Orleans,Louisiana,29.9546,-90.0751,74.92,3,0.0,0.0,0.0393700787401574,False,False
2026-09-29,US,New York,New York,40.7143,-74.006,1814.95,129,0.0,0.0,0.0,False,False
2026-09-29,US,Newark,Delaware,39.6837,-75.7497,24.94,0,0.0,0.0,0.0,False,False
2026-09-29,US,Norman,Oklahoma,35.2226,-97.4395,26.55,0,0.0,0.0,0.2795275590551181,True,True
2026-09-29,US,North Las Vegas,Nevada,36.1989,-115.1175,4.88,0,0.0,0.0,0.3503937007874015,True,True
2026-09-29,US,Norwalk,Connecticut,41.1176,-73.4079,31.68,0,0.0,0.0,0.0,False,False
2026-09-29,US,Oakland,California,37.8044,-122.2708,155.47,7,0.0,0.0,0.0,False,False
2026-09-29,US,Oklahoma City,Oklahoma,35.4676,-97.5164,53.44,0,0.0,0.0,0.2086614173228346,True,True
2026-09-29,US,Olathe,Kansas,38.8814,-94.8191,26.96,0,0.0,0.0,0.2047244094488189,True,True
2026-09-29,US,Omaha,Nebraska,41.2563,-95.9404,54.010000000000005,0,0.0,0.0,0.3937007874015747,True,True
2026-09-29,US,Orlando,Florida,28.5383,-81.3792,226.91,7,0.0,0.0,0.0039370078740157,False,False
2026-09-29,US,Overland Park,Kansas,38.9822,-94.6708,50.38,0,0.0,0.0,0.1456692913385827,False,False
2026-09-29,US,Paducah,Kentucky,37.0834,-88.6,19.35,0,0.0,0.0,0.0,False,False
2026-09-29,US,Papillion,Nebraska,41.1544,-96.0422,8.68,0,0.0,0.0,0.2755905511811024,True,True
2026-09-29,US,Park City,Utah,40.6461,-111.498,16.93,0,0.0,0.0,0.0708661417322834,False,False
2026-09-29,US,Philadelphia,Pennsylvania,39.9524,-75.1636,253.82,13,0.0,0.0,0.0,False,False
2026-09-29,US,Phoenix,Arizona,33.4484,-112.074,106.75999999999999,3,0.0,0.0,0.7204724409448819,True,True
2026-09-29,US,Pittsburgh,Pennsylvania,40.4406,-79.9959,157.92000000000002,6,0.0,0.0,0.0039370078740157,False,False
2026-09-29,US,Plymouth,Michigan,42.3714,-83.4702,25.15,0,0.0,0.0,0.0,False,False
2026-09-29,US,Plymouth,Minnesota,45.0105,-93.4555,28.18,0,0.0,0.0,0.3897637795275591,True,True
2026-09-29,US,Portland,Maine,43.6574,-70.2589,21.150000000000002,0,0.0,0.0,0.3385826771653543,True,True
2026-09-29,US,Portland,Oregon,45.5234,-122.6762,237.63,10,0.0,0.0,0.0,False,False
2026-09-29,US,Portsmouth,New Hampshire,43.077,-70.7577,12.040000000000001,0,0.0,0.0,0.2519685039370078,True,True
2026-09-29,US,Princeton,New Jersey,40.3487,-74.659,35.17,0,0.0,0.0,0.0,False,False
2026-09-29,US,Providence,Rhode Island,41.824,-71.4128,34.32,0,0.0,0.0,0.0314960629921259,False,False
2026-09-29,US,Raleigh,North Carolina,35.7721,-78.6386,156.39,5,0.0,0.0,0.0,False,False
2026-09-29,US,Rapid City,South Dakota,44.0805,-103.231,7.45,0,0.0,0.0,0.0157480314960629,False,False
2026-09-29,US,Reading,Massachusetts,42.5256,-71.0953,220.91,29,0.0,0.0,0.0472440944881889,False,False
2026-09-29,US,Reno,Nevada,39.5296,-119.8138,45.93,0,0.0,0.0,0.0,False,False
2026-09-29,US,Richmond,Virginia,37.5538,-77.4603,109.43,4,0.0,0.0,0.1023622047244094,False,False
2026-09-29,US,Rock Springs,Wyoming,41.5875,-109.2029,7.58,0,0.0,0.0,0.0039370078740157,False,False
2026-09-29,US,Rockville,Maryland,39.084,-77.1528,47.85,0,0.0,0.0,0.0039370078740157,False,False
2026-09-29,US,Rogers,Arkansas,36.332,-94.1185,23.84,0,0.0,0.0,0.0,False,False
2026-09-29,US,Saint Charles,Missouri,38.7839,-90.4812,26.04,0,0.0,0.0,0.0,False,False
2026-09-29,US,Saint Louis,Missouri,38.6517,-90.2053,117.05,5,0.0,0.0,0.0,False,False
2026-09-29,US,Saint Paul,Minnesota,44.9444,-93.0933,61.230000000000004,0,0.0,0.0,0.6259842519685039,True,True
2026-09-29,US,Salem,Oregon,44.9429,-123.0351,24.48,0,0.0,0.0,0.0,False,False
2026-09-29,US,Salt Lake City,Utah,40.7608,-111.891,39.3,0,0.0,0.0,0.0236220472440944,False,False
2026-09-29,US,San Antonio,Texas,29.4241,-98.4936,178.24,7,0.0,0.0,0.0196850393700787,False,False
2026-09-29,US,San Diego,California,32.7157,-117.1647,287.49,15,0.0,0.0,0.0,False,False
2026-09-29,US,San Francisco,California,37.7749,-122.4194,579.87,37,0.0,0.0,0.0,False,False
2026-09-29,US,San Jose,California,37.3394,-121.895,227.82,11,0.0,0.0,0.0,False,False
2026-09-29,US,Sandy,Utah,40.5916,-111.8841,13.620000000000001,0,0.0,0.0,0.0157480314960629,False,False
2026-09-29,US,Santa Fe,New Mexico,35.687,-105.9378,23.62,0,0.0,0.0,1.1811023622047243,True,True
2026-09-29,US,Savannah,Georgia,32.0835,-81.0998,74.4,3,0.0,0.0,0.0629921259842519,False,False
2026-09-29,US,Scarborough,Maine,43.5781,-70.3217,13.98,0,0.0,0.0,0.3110236220472441,True,True
2026-09-29,US,Scottsdale,Arizona,33.5092,-111.899,86.9,3,0.0,0.0,0.7480314960629921,True,True
2026-09-29,US,Seattle,Washington,47.6062,-122.3321,358.02,17,0.0,0.0,0.1141732283464566,False,False
2026-09-29,US,Sheridan,Wyoming,44.7972,-106.9562,9.52,0,0.0,0.0,0.0,False,False
2026-09-29,US,Shreveport,Louisiana,32.5251,-93.7502,67.5,0,0.0,0.0,0.0039370078740157,False,False
2026-09-29,US,Silver Spring,Maryland,38.9907,-77.0261,51.19,0,0.0,0.0,0.0196850393700787,False,False
2026-09-29,US,Sioux Falls,South Dakota,43.55,-96.7003,14.120000000000001,0,0.0,0.0,0.3307086614173228,True,True
2026-09-29,US,Sitka,Alaska,57.0532,-135.3309,3.68,0,0.0,0.0,0.5590551181102362,True,True
2026-09-29,US,Somerville,Massachusetts,42.3876,-71.0995,42.42,0,0.0,0.0,0.0354330708661417,False,False
2026-09-29,US,South Burlington,Vermont,44.467,-73.171,10.83,0,0.0,0.0,0.0196850393700787,False,False
2026-09-29,US,South Jordan,Utah,40.5622,-111.9297,21.19,0,0.0,0.0,0.0157480314960629,False,False
2026-09-29,US,Southaven,Mississippi,34.989,-90.0126,9.8,0,0.0,0.0,0.0,False,False
2026-09-29,US,Spokane,Washington,47.6569,-117.425,22.53,0,0.0,0.0,0.0,False,False
2026-09-29,US,Springfield,Missouri,37.2153,-93.2982,26.3,0,0.0,0.0,0.0,False,False
2026-09-29,US,Stamford,Connecticut,41.0534,-73.5387,37.69,0,0.0,0.0,0.0039370078740157,False,False
2026-09-29,US,Staten Island,New York,40.5623,-74.1399,115.58,5,0.0,0.0,0.0,False,False
2026-09-29,US,Stowe,Vermont,44.4653,-72.6846,7.54,0,0.0,0.0,0.0196850393700787,False,False
2026-09-29,US,Tacoma,Washington,47.2529,-122.4443,52.0,0,0.0,0.0,0.3070866141732283,True,True
2026-09-29,US,Tampa,Florida,27.9475,-82.4584,161.75,5,0.0,0.0,0.0,False,False
2026-09-29,US,Tijeras,New Mexico,35.0809,-106.3881,6.71,0,0.0,0.0,1.6377952755905512,True,True
2026-09-29,US,Tucson,Arizona,32.2217,-110.9265,93.55,3,0.0,0.0,1.8346456692913389,True,True
2026-09-29,US,Tulsa,Oklahoma,36.154,-95.9928,104.7,3,0.0,0.0,0.0039370078740157,False,False
2026-09-29,US,Vancouver,Washington,45.6387,-122.6615,63.24,3,0.0,0.0,0.0,False,False
2026-09-29,US,Virginia Beach,Virginia,36.8529,-75.978,111.23,5,0.0,0.0,0.0078740157480314,False,False
2026-09-29,US,Warwick,Rhode Island,41.7001,-71.4162,10.92,0,0.0,0.0,0.0393700787401574,False,False
2026-09-29,US,Washington,District of Columbia,38.8951,-77.0364,409.46,25,0.0,0.0,0.0118110236220472,False,False
2026-09-29,US,Wasilla,Alaska,61.5809,-149.4415,2.38,0,0.0,0.0,0.2637795275590551,True,True
2026-09-29,US,Waukesha,Wisconsin,43.0117,-88.2315,15.36,0,0.0,0.0,0.0,False,False
2026-09-29,US,West Chester,Pennsylvania,39.961,-75.608,40.75,0,0.0,0.0,0.0039370078740157,False,False
2026-09-29,US,West Des Moines,Iowa,41.5772,-93.7113,12.83,0,0.0,0.0,0.0393700787401574,False,False
2026-09-29,US,West Fargo,North Dakota,46.875,-96.9004,9.17,0,0.0,0.0,1.594488188976378,True,True
2026-09-29,US,West Lafayette,Indiana,40.4259,-86.9081,21.28,0,0.0,0.0,0.0,False,False
2026-09-29,US,Westfield,New Jersey,40.659,-74.3474,43.2,0,0.0,0.0,0.0,False,False
2026-09-29,US,Wheeling,West Virginia,40.064,-80.7209,13.31,0,0.0,0.0,0.0039370078740157,False,False
2026-09-29,US,Whitefish Bay,Wisconsin,43.1133,-87.9001,15.59,0,0.0,0.0,0.0,False,False
2026-09-29,US,Wichita,Kansas,37.6922,-97.3375,54.1,0,0.0,0.0,0.2598425196850393,True,True
2026-09-29,US,Wilmette,Illinois,42.0722,-87.7228,38.17,0,0.0,0.0,0.0,False,False
2026-09-29,US,Wilmington,Delaware,39.746,-75.5466,64.44,3,0.0,0.0,0.0039370078740157,False,False
2026-09-29,US,Wilmington,North Carolina,34.2356,-77.946,73.0,3,0.0,0.0,0.0,False,False
2026-09-30,CAN,Blainville,Quebec,45.6668,-73.8825,0.94,0,0.0,0.0,0.0,False,False
2026-09-30,CAN,Brossard,Quebec,45.4501,-73.4658,0.68,0,0.0,0.0,0.0,False,False
2026-09-30,CAN,Burnaby,British Columbia,49.2664,-122.9526,8.94,0,0.0,0.0,0.0,False,False
2026-09-30,CAN,Calgary,Alberta,51.0501,-114.0853,14.6,0,0.0,0.0,0.0196850393700787,False,False
2026-09-30,CAN,Cote-Saint-Luc,Quebec,45.4654,-73.6659,0.58,0,0.0,0.0,0.0,False,False
2026-09-30,CAN,Dartmouth,Nova Scotia,44.6713,-63.5772,0.28,0,0.0,0.0,0.0275590551181102,False,False
2026-09-30,CAN,Dieppe,New Brunswick,46.0784,-64.6874,1.08,0,0.0,0.0,0.0275590551181102,False,False
2026-09-30,CAN,Dorval,Quebec,45.4473,-73.7534,0.66,0,0.0,0.0,0.0,False,False
2026-09-30,CAN,Edmonton,Alberta,53.5501,-113.4687,6.26,0,0.0,0.0,0.0,False,False
2026-09-30,CAN,Fredericton,New Brunswick,45.9454,-66.6656,0.34,0,0.0,0.0,0.0039370078740157,False,False
2026-09-30,CAN,Guelph,Ontario,43.5459,-80.256,2.62,0,0.0,0.0,0.0275590551181102,False,False
2026-09-30,CAN,Halifax,Nova Scotia,44.6427,-63.5769,2.1,0,0.0,0.0,0.0472440944881889,False,False
2026-09-30,CAN,Headingley,Manitoba,49.8753,-97.409,0.3,0,0.0,0.0,0.0,False,False
2026-09-30,CAN,Kingston,Ontario,44.2298,-76.481,1.84,0,0.0,0.0,0.0,False,False
2026-09-30,CAN,Markham,Ontario,43.8668,-79.2663,3.48,0,0.0,0.0,0.0,False,False
2026-09-30,CAN,Moncton,New Brunswick,46.0945,-64.7965,0.52,0,0.0,0.0,0.0236220472440944,False,False
2026-09-30,CAN,Montreal,Quebec,45.5088,-73.5878,8.56,0,0.0,0.0,0.0,False,False
2026-09-30,CAN,North Vancouver,British Columbia,49.3164,-123.0693,6.72,0,0.0,0.0,0.0,False,False
2026-09-30,CAN,Ottawa,Ontario,45.4112,-75.6981,14.06,0,0.0,0.0,0.0,False,False
2026-09-30,CAN,Paradise,Newfoundland and Labrador,47.5333,-52.9667,0.32,0,0.0,0.0,0.0039370078740157,False,False
2026-09-30,CAN,Regina,Saskatchewan,50.4501,-104.6178,0.32,0,0.0,0.0,0.0078740157480314,False,False
2026-09-30,CAN,Saskatoon,Saskatchewan,52.1324,-106.6689,1.48,0,0.0,0.0,0.0,False,False
2026-09-30,CAN,St. Albert,Alberta,53.6334,-113.6353,0.76,0,0.0,0.0,0.0,False,False
2026-09-30,CAN,St. John'S,Newfoundland and Labrador,47.5649,-52.7093,0.34,0,0.0,0.0,0.0,False,False
2026-09-30,CAN,Surrey,British Columbia,49.1064,-122.8251,10.34,0,0.0,0.0,0.0,False,False
2026-09-30,CAN,Toronto,Ontario,43.7064,-79.3986,43.16,2,0.0,0.0,0.0,False,False
2026-09-30,CAN,Vancouver,British Columbia,49.2497,-123.1193,33.0,0,0.0,0.0,0.0,False,False
2026-09-30,CAN,Victoria,British Columbia,48.4359,-123.3516,7.8,0,0.0,0.0,0.0,False,False
2026-09-30,CAN,Wainwright,Alberta,52.8348,-110.8534,0.24,0,0.0,0.0,0.0078740157480314,False,False
2026-09-30,CAN,West Baptiste,Alberta,54.7502,-113.5688,0.14,0,0.0,0.0,0.0039370078740157,False,False
2026-09-30,CAN,Winnipeg,Manitoba,49.8844,-97.147,1.62,0,0.0,0.0,0.0,False,False
2026-09-30,CAN,Yellow Grass,Saskatchewan,49.8001,-104.1678,0.4,0,0.0,0.0,0.0118110236220472,False,False
2026-09-30,US,Aberdeen,South Dakota,45.4647,-98.4865,2.1,0,0.0,0.0,0.0,False,False
2026-09-30,US,Albuquerque,New Mexico,35.0845,-106.6511,74.41,0,0.0,0.0,0.6023622047244095,True,True
2026-09-30,US,Alexandria,Virginia,38.8048,-77.0469,202.70000000000002,6,0.0,0.0,0.0,False,False
2026-09-30,US,Alpharetta,Georgia,34.0754,-84.2941,63.32,0,0.0,0.0,0.0,False,False
2026-09-30,US,Ames,Iowa,42.0347,-93.6199,11.44,0,0.0,0.0,0.3464566929133859,True,True
2026-09-30,US,Anchorage,Alaska,61.2181,-149.9003,18.24,0,0.0,0.0,0.7086614173228346,True,True
2026-09-30,US,Ann Arbor,Michigan,42.2776,-83.7409,65.86,0,0.0,0.0,0.0472440944881889,False,False
2026-09-30,US,Annapolis,Maryland,38.9786,-76.4918,46.27,0,0.0,0.0,0.0,False,False
2026-09-30,US,Appleton,Wisconsin,44.2619,-88.4154,14.51,0,0.0,0.0,0.4094488188976378,True,True
2026-09-30,US,Arlington,Virginia,38.881,-77.1043,145.49,5,0.0,0.0,0.0,False,False
2026-09-30,US,Astoria,New York,40.772,-73.9301,65.3,0,0.0,0.0,0.0,False,False
2026-09-30,US,Atlanta,Georgia,33.749,-84.388,287.69,7,0.0,0.0,0.0,False,False
2026-09-30,US,Aurora,Colorado,39.7294,-104.8319,32.050000000000004,0,0.0,0.0,0.0826771653543307,False,False
2026-09-30,US,Austin,Texas,30.2672,-97.7431,370.28000000000003,10,0.0,0.0,0.0984251968503936,False,False
2026-09-30,US,Baltimore,Maryland,39.2904,-76.6122,88.86,1,0.0,0.0,0.0,False,False
2026-09-30,US,Bangor,Maine,44.7988,-68.7726,7.13,0,0.0,0.0,0.0078740157480314,False,False
2026-09-30,US,Barrington,Rhode Island,41.7407,-71.3087,18.89,0,0.0,0.0,0.0,False,False
2026-09-30,US,Baton Rouge,Louisiana,30.4433,-91.1875,99.78,0,0.0,0.0,0.0196850393700787,False,False
2026-09-30,US,Beaverton,Oregon,45.4871,-122.8037,28.88,0,0.0,0.0,0.0157480314960629,False,False
2026-09-30,US,Bellevue,Nebraska,41.1367,-95.8908,5.93,0,0.0,0.0,0.4724409448818897,True,True
2026-09-30,US,Bellevue,Washington,47.6104,-122.2007,65.0,0,0.0,0.0,0.0787401574803149,False,False
2026-09-30,US,Bentonville,Arkansas,36.3728,-94.2088,33.32,0,0.0,0.0,0.0,False,False
2026-09-30,US,Berkley,Massachusetts,41.8459,-71.0828,25.0,0,0.0,0.0,0.0157480314960629,False,False
2026-09-30,US,Bethesda,Maryland,38.9807,-77.1003,92.81,0,0.0,0.0,0.0,False,False
2026-09-30,US,Billings,Montana,45.7833,-108.5007,15.22,0,0.0,0.0,0.0,False,False
2026-09-30,US,Birmingham,Alabama,33.5207,-86.8025,88.85,0,0.0,0.0,0.0,False,False
2026-09-30,US,Bismarck,North Dakota,46.8083,-100.7837,6.57,0,0.0,0.0,0.0,False,False
2026-09-30,US,Bloomfield Hills,Michigan,42.5836,-83.2455,43.3,0,0.0,0.0,0.0590551181102362,False,False
2026-09-30,US,Bloomington,Indiana,39.1653,-86.5264,35.13,0,0.0,0.0,0.0,False,False
2026-09-30,US,Boca Raton,Florida,26.3587,-80.0831,143.37,3,0.0,0.0,0.5787401574803149,True,True
2026-09-30,US,Boise,Idaho,43.6135,-116.2034,39.74,0,0.0,0.0,0.0,False,False
2026-09-30,US,Boston,Massachusetts,42.3584,-71.0598,237.56,6,0.0,0.0,0.0196850393700787,False,False
2026-09-30,US,Bowling Green,Kentucky,36.9903,-86.4436,16.34,0,0.0,0.0,0.0,False,False
2026-09-30,US,Bozeman,Montana,45.6796,-111.0386,11.81,0,0.0,0.0,0.0,False,False
2026-09-30,US,Broken Arrow,Oklahoma,36.0526,-95.7908,21.2,0,0.0,0.0,0.0629921259842519,False,False
2026-09-30,US,Bronx,New York,40.8499,-73.8664,108.39,1,0.0,0.0,0.0,False,False
2026-09-30,US,Brooklyn,New York,40.6501,-73.9496,935.6899999999999,56,0.0,0.0,0.0,False,False
2026-09-30,US,Burlington,Vermont,44.4759,-73.2121,8.68,0,0.0,0.0,0.0,False,False
2026-09-30,US,Cambridge,Massachusetts,42.3751,-71.1056,85.32,1,0.0,0.0,0.0196850393700787,False,False
2026-09-30,US,Carmel,Indiana,39.9784,-86.118,64.86,0,0.0,0.0,0.0,False,False
2026-09-30,US,Carson City,Nevada,39.1638,-119.7674,5.33,0,0.0,0.0,0.0,False,False
2026-09-30,US,Casper,Wyoming,42.8666,-106.3131,2.51,0,0.0,0.0,0.0,False,False
2026-09-30,US,Cedar Rapids,Iowa,42.0083,-91.6441,23.77,0,0.0,0.0,0.8543307086614172,True,True
2026-09-30,US,Chapel Hill,North Carolina,35.9132,-79.0558,56.0,0,0.0,0.0,0.0,False,False
2026-09-30,US,Charleston,South Carolina,32.7763,-79.9328,76.89,0,0.0,0.0,0.0,False,False
2026-09-30,US,Charleston,West Virginia,38.3498,-81.6326,10.14,0,0.0,0.0,0.0,False,False
2026-09-30,US,Charlotte,North Carolina,35.2271,-80.8431,252.49,6,0.0,0.0,0.0,False,False
2026-09-30,US,Chattanooga,Tennessee,35.0456,-85.3097,43.87,0,0.0,0.0,0.0,False,False
2026-09-30,US,Chesterfield,Missouri,38.6631,-90.5771,36.839999999999996,0,0.0,0.0,0.0,False,False
2026-09-30,US,Cheyenne,Wyoming,41.14,-104.8202,12.06,0,0.0,0.0,0.0,False,False
2026-09-30,US,Chicago,Illinois,41.85,-87.65,703.01,36,0.0,0.0,1.0196850393700787,True,True
2026-09-30,US,Cincinnati,Ohio,39.1271,-84.5144,177.62,3,0.0,0.0,0.0,False,False
2026-09-30,US,Cleveland,Ohio,41.4995,-81.6954,35.76,0,0.0,0.0,0.0196850393700787,False,False
2026-09-30,US,Cody,Wyoming,44.5263,-109.0565,3.34,0,0.0,0.0,0.0,False,False
2026-09-30,US,Coeur D'Alene,Idaho,47.6777,-116.7805,2.45,0,0.0,0.0,0.0118110236220472,False,False
2026-09-30,US,Colorado Springs,Colorado,38.8339,-104.8214,69.45,0,0.0,0.0,0.6338582677165355,True,True
2026-09-30,US,Columbia,South Carolina,34.0007,-81.0348,55.09,0,0.0,0.0,0.0,False,False
2026-09-30,US,Columbus,Ohio,39.9612,-82.9988,148.23,3,0.0,0.0,0.0,False,False
2026-09-30,US,Cordova,Alaska,60.5432,-145.7587,7.09,0,0.0,0.0,0.68503937007874,True,True
2026-09-30,US,Cranston,Rhode Island,41.7798,-71.4373,9.95,0,0.0,0.0,0.0078740157480314,False,False
2026-09-30,US,Dallas,Texas,32.7831,-96.8067,359.15,8,0.0,0.0,0.5826771653543308,True,True
2026-09-30,US,Dayton,Ohio,39.759,-84.1916,56.56,0,0.0,0.0,0.0,False,False
2026-09-30,US,Decatur,Georgia,33.7748,-84.2963,47.74,0,0.0,0.0,0.0,False,False
2026-09-30,US,Denver,Colorado,39.7392,-104.9847,134.4,3,0.0,0.0,0.0669291338582677,False,False
2026-09-30,US,Des Moines,Iowa,41.6005,-93.6091,16.29,0,0.0,0.0,1.1496062992125984,True,True
2026-09-30,US,Dickinson,North Dakota,46.8792,-102.7896,6.26,0,0.0,0.0,0.0,False,False
2026-09-30,US,Downers Grove,Illinois,41.8089,-88.0112,34.52,0,0.0,0.0,1.0433070866141732,True,True
2026-09-30,US,Doylestown,Pennsylvania,40.3101,-75.1299,38.76,0,0.0,0.0,0.0039370078740157,False,False
2026-09-30,US,Dublin,Ohio,40.0992,-83.1141,39.04,0,0.0,0.0,0.0,False,False
2026-09-30,US,Durham,North Carolina,35.994,-78.8986,53.37,0,0.0,0.0,0.0,False,False
2026-09-30,US,Eagle,Idaho,43.6954,-116.354,10.78,0,0.0,0.0,0.0,False,False
2026-09-30,US,Eagle Mountain,Utah,40.3144,-111.9849,3.22,0,0.0,0.0,0.0,False,False
2026-09-30,US,East Greenwich,Rhode Island,41.6604,-71.4559,8.85,0,0.0,0.0,0.0078740157480314,False,False
2026-09-30,US,Eden Prairie,Minnesota,44.8547,-93.4708,19.54,0,0.0,0.0,0.0275590551181102,False,False
2026-09-30,US,Edmond,Oklahoma,35.6528,-97.4781,90.96,3,0.0,0.0,0.0748031496062992,False,False
2026-09-30,US,Eliot,Maine,43.1531,-70.8001,5.61,0,0.0,0.0,0.0236220472440944,False,False
2026-09-30,US,Elkhorn,Nebraska,41.345,-96.256,13.97,0,0.0,0.0,0.4409448818897637,True,True
2026-09-30,US,Essex Junction,Vermont,44.4906,-73.111,5.7700000000000005,0,0.0,0.0,0.0,False,False
2026-09-30,US,Eugene,Oregon,44.0521,-123.0868,30.7,0,0.0,0.0,0.0,False,False
2026-09-30,US,Evanston,Illinois,42.0411,-87.6901,42.44,0,0.0,0.0,0.7125984251968505,True,True
2026-09-30,US,Ewa Beach,Hawaii,21.3156,-158.0072,39.54,0,0.0,0.0,0.2007874015748031,True,True
2026-09-30,US,Exeter,New Hampshire,42.9815,-70.9478,8.93,0,0.0,0.0,0.0157480314960629,False,False
2026-09-30,US,Fairbanks,Alaska,64.8378,-147.7164,5.32,0,0.0,0.0,0.0,False,False
2026-09-30,US,Fairfax,Virginia,38.8462,-77.3064,70.19,0,0.0,0.0,0.0,False,False
2026-09-30,US,Fairfield,Connecticut,41.1412,-73.2637,37.22,0,0.0,0.0,0.0,False,False
2026-09-30,US,Fairhope,Alabama,30.523,-87.9033,23.43,0,0.0,0.0,0.0354330708661417,False,False
2026-09-30,US,Falmouth,Maine,43.7295,-70.242,9.95,0,0.0,0.0,0.0039370078740157,False,False
2026-09-30,US,Fargo,North Dakota,46.8772,-96.7898,15.75,0,0.0,0.0,0.0,False,False
2026-09-30,US,Fayetteville,Arkansas,36.0626,-94.1574,22.53,0,0.0,0.0,0.0,False,False
2026-09-30,US,Fort Collins,Colorado,40.5853,-105.0844,33.32,0,0.0,0.0,0.0,False,False
2026-09-30,US,Fort Wayne,Indiana,41.1306,-85.1289,48.81,0,0.0,0.0,0.0590551181102362,False,False
2026-09-30,US,Fort Worth,Texas,32.7254,-97.3208,149.54999999999998,3,0.0,0.0,0.1692913385826771,False,False
2026-09-30,US,Franklin,Tennessee,35.9251,-86.8689,72.03,0,0.0,0.0,0.0,False,False
2026-09-30,US,Gilbert,Arizona,33.3528,-111.789,32.050000000000004,0,0.0,0.0,0.0511811023622047,False,False
2026-09-30,US,Grand Forks,North Dakota,47.9253,-97.0328,2.19,0,0.0,0.0,0.0,False,False
2026-09-30,US,Grand Rapids,Michigan,42.9634,-85.6681,72.24,0,0.0,0.0,0.3149606299212598,True,True
2026-09-30,US,Great Falls,Montana,47.5002,-111.3008,7.05,0,0.0,0.0,0.1141732283464566,False,False
2026-09-30,US,Greenville,South Carolina,34.8526,-82.394,85.85,0,0.0,0.0,0.0,False,False
2026-09-30,US,Greenwich,Connecticut,41.0265,-73.6285,100.84,0,0.0,0.0,0.0,False,False
2026-09-30,US,Gulfport,Mississippi,30.3674,-89.0928,15.55,0,0.0,0.0,0.0118110236220472,False,False
2026-09-30,US,Hampton,New Hampshire,42.9376,-70.8389,13.92,0,0.0,0.0,0.0118110236220472,False,False
2026-09-30,US,Hattiesburg,Mississippi,31.3271,-89.2903,8.55,0,0.0,0.0,0.0078740157480314,False,False
2026-09-30,US,Henderson,Nevada,36.0397,-114.9819,53.02,5,0.0,0.0,0.0118110236220472,False,False
2026-09-30,US,Hoboken,New Jersey,40.744,-74.0324,72.45,0,0.0,0.0,0.0,False,False
2026-09-30,US,Honolulu,Hawaii,21.3069,-157.8583,199.57,5,0.0,0.0,0.2716535433070866,True,True
2026-09-30,US,Houston,Texas,29.7633,-95.3633,662.49,20,0.0,0.0,0.0708661417322834,False,False
2026-09-30,US,Huntington,West Virginia,38.4192,-82.4452,11.94,0,0.0,0.0,0.0,False,False
2026-09-30,US,Huntsville,Alabama,34.7304,-86.5859,71.07,0,0.0,0.0,0.0,False,False
2026-09-30,US,Hurricane,West Virginia,38.4326,-82.0201,6.180000000000001,0,0.0,0.0,0.0,False,False
2026-09-30,US,Hyde Park,Vermont,44.5939,-72.6165,4.95,0,0.0,0.0,0.0,False,False
2026-09-30,US,Indianapolis,Indiana,39.7684,-86.158,115.24,1,0.0,0.0,0.0,False,False
2026-09-30,US,Iowa City,Iowa,41.6611,-91.5302,17.4,0,0.0,0.0,0.9763779527559056,True,True
2026-09-30,US,Jackson,Mississippi,32.2988,-90.1848,9.58,0,0.0,0.0,0.0,False,False
2026-09-30,US,Jersey City,New Jersey,40.7282,-74.0776,140.18,3,0.0,0.0,0.0,False,False
2026-09-30,US,Jonesboro,Arkansas,35.8423,-90.7043,22.49,0,0.0,0.0,0.0039370078740157,False,False
2026-09-30,US,Kailua,Hawaii,21.4024,-157.7405,27.66,0,0.0,0.0,0.1023622047244094,False,False
2026-09-30,US,Kalispell,Montana,48.1958,-114.3129,8.65,0,0.0,0.0,0.0354330708661417,False,False
2026-09-30,US,Kaneohe,Hawaii,21.3999,-157.799,25.43,0,0.0,0.0,0.1023622047244094,False,False
2026-09-30,US,Kansas City,Missouri,39.0997,-94.5786,70.5,0,0.0,0.0,0.2480314960629921,True,True
2026-09-30,US,Knoxville,Tennessee,35.9606,-83.9207,98.68,1,0.0,0.0,0.0,False,False
2026-09-30,US,Kuna,Idaho,43.4918,-116.4201,18.13,0,0.0,0.0,0.0,False,False
2026-09-30,US,Lafayette,Louisiana,30.2241,-92.0198,58.41,0,0.0,0.0,0.0118110236220472,False,False
2026-09-30,US,Lake Oswego,Oregon,45.4207,-122.6706,43.13,0,0.0,0.0,0.0157480314960629,False,False
2026-09-30,US,Lancaster,Pennsylvania,40.0379,-76.3055,43.21,0,0.0,0.0,0.0,False,False
2026-09-30,US,Las Cruces,New Mexico,32.3123,-106.7783,17.11,0,0.0,0.0,0.3188976377952756,True,True
2026-09-30,US,Las Vegas,Nevada,36.175,-115.1372,143.93,3,0.0,0.0,0.0039370078740157,False,False
2026-09-30,US,Lawrence,Kansas,38.9717,-95.2352,16.79,0,0.0,0.0,0.4881889763779528,True,True
2026-09-30,US,Leawood,Kansas,38.9667,-94.6169,15.44,0,0.0,0.0,0.1417322834645669,False,False
2026-09-30,US,Lennox,South Dakota,43.3541,-96.892,4.45,0,0.0,0.0,0.0433070866141732,False,False
2026-09-30,US,Lewes,Delaware,38.7746,-75.1393,22.02,0,0.0,0.0,0.0,False,False
2026-09-30,US,Lexington,Kentucky,37.9887,-84.4777,86.48,1,0.0,0.0,0.0,False,False
2026-09-30,US,Lincoln,Nebraska,40.8,-96.667,25.26,0,0.0,0.0,0.4724409448818897,True,True
2026-09-30,US,Little Rock,Arkansas,34.7465,-92.2896,61.12,0,0.0,0.0,0.0,False,False
2026-09-30,US,Littleton,Colorado,39.6133,-105.0166,38.980000000000004,0,0.0,0.0,0.1023622047244094,False,False
2026-09-30,US,Los Alamos,New Mexico,35.8881,-106.307,7.75,0,0.0,0.0,0.4448818897637795,True,True
2026-09-30,US,Los Angeles,California,34.0522,-118.2437,579.08,25,0.0,0.0,0.0,False,False
2026-09-30,US,Louisville,Kentucky,38.2542,-85.7594,125.48,1,0.0,0.0,0.0,False,False
2026-09-30,US,Macomb,Michigan,42.7009,-82.9591,22.32,0,0.0,0.0,0.0433070866141732,False,False
2026-09-30,US,Madison,Alabama,34.6993,-86.7483,28.06,0,0.0,0.0,0.0,False,False
2026-09-30,US,Madison,Mississippi,32.4618,-90.1154,17.84,0,0.0,0.0,0.0,False,False
2026-09-30,US,Madison,South Dakota,44.0061,-97.114,2.98,0,0.0,0.0,0.0,False,False
2026-09-30,US,Madison,Wisconsin,43.073,-89.4012,49.36,0,0.0,0.0,0.2165354330708661,True,True
2026-09-30,US,Manchester,New Hampshire,42.9956,-71.4548,20.22,0,0.0,0.0,0.0,False,False
2026-09-30,US,Marietta,Georgia,33.9526,-84.5499,134.57,1,0.0,0.0,0.0,False,False
2026-09-30,US,Memphis,Tennessee,35.1495,-90.049,76.64,0,0.0,0.0,0.0354330708661417,False,False
2026-09-30,US,Meridian,Idaho,43.6121,-116.3915,23.5,0,0.0,0.0,0.0,False,False
2026-09-30,US,Mesa,Arizona,33.4223,-111.8226,33.04,0,0.0,0.0,0.0236220472440944,False,False
2026-09-30,US,Metairie,Louisiana,29.9841,-90.1528,35.69,0,0.0,0.0,0.0354330708661417,False,False
2026-09-30,US,Miami,Florida,25.7743,-80.1937,647.28,14,0.0,0.0,0.8110236220472441,True,True
2026-09-30,US,Middlesboro,Kentucky,36.6084,-83.7166,5.46,0,0.0,0.0,0.0,False,False
2026-09-30,US,Middletown,Delaware,39.4496,-75.7163,11.46,0,0.0,0.0,0.0039370078740157,False,False
2026-09-30,US,Mililani,Hawaii,21.4504,-158.015,21.39,0,0.0,0.0,0.1968503937007873,False,False
2026-09-30,US,Milwaukee,Wisconsin,43.0389,-87.9065,62.17,0,0.0,0.0,0.5236220472440946,True,True
2026-09-30,US,Minneapolis,Minnesota,44.98,-93.2638,124.95,3,0.0,0.0,0.0433070866141732,False,False
2026-09-30,US,Minnetonka,Minnesota,44.9133,-93.5033,16.11,0,0.0,0.0,0.0275590551181102,False,False
2026-09-30,US,Missoula,Montana,46.8722,-113.994,6.73,0,0.0,0.0,0.0275590551181102,False,False
2026-09-30,US,Mobile,Alabama,30.6944,-88.043,38.76,0,0.0,0.0,0.0669291338582677,False,False
2026-09-30,US,Morgantown,West Virginia,39.6295,-79.9559,24.41,0,0.0,0.0,0.0,False,False
2026-09-30,US,Morristown,New Jersey,40.7968,-74.4815,48.480000000000004,0,0.0,0.0,0.0,False,False
2026-09-30,US,Mount Pleasant,South Carolina,32.7941,-79.8626,50.44,0,0.0,0.0,0.0,False,False
2026-09-30,US,Myrtle Beach,South Carolina,33.6891,-78.8867,58.87,0,0.0,0.0,0.0,False,False
2026-09-30,US,Naperville,Illinois,41.7859,-88.1473,72.35,0,0.0,0.0,1.0551181102362206,True,True
2026-09-30,US,Naples,Florida,26.1423,-81.796,182.32,3,0.0,0.0,0.1614173228346456,False,False
2026-09-30,US,Nashua,New Hampshire,42.7654,-71.4676,20.54,0,0.0,0.0,0.0,False,False
2026-09-30,US,Nashville,Tennessee,36.1659,-86.7844,169.53,5,0.0,0.0,0.0,False,False
2026-09-30,US,New Canaan,Connecticut,41.1468,-73.4948,39.910000000000004,0,0.0,0.0,0.0,False,False
2026-09-30,US,New Castle,Delaware,39.6595,-75.5636,23.580000000000002,0,0.0,0.0,0.0078740157480314,False,False
2026-09-30,US,New Orleans,Louisiana,29.9546,-90.0751,77.05,0,0.0,0.0,0.0354330708661417,False,False
2026-09-30,US,New York,New York,40.7143,-74.006,1866.26,101,0.0,0.0,0.0,False,False
2026-09-30,US,Newark,Delaware,39.6837,-75.7497,25.6,0,0.0,0.0,0.0275590551181102,False,False
2026-09-30,US,Norman,Oklahoma,35.2226,-97.4395,27.32,0,0.0,0.0,0.0314960629921259,False,False
2026-09-30,US,North Las Vegas,Nevada,36.1989,-115.1175,5.03,0,0.0,0.0,0.0039370078740157,False,False
2026-09-30,US,Norwalk,Connecticut,41.1176,-73.4079,32.56,0,0.0,0.0,0.0,False,False
2026-09-30,US,Oakland,California,37.8044,-122.2708,159.9,6,0.0,0.0,0.0,False,False
2026-09-30,US,Oklahoma City,Oklahoma,35.4676,-97.5164,54.98,0,0.0,0.0,0.0590551181102362,False,False
2026-09-30,US,Olathe,Kansas,38.8814,-94.8191,27.69,0,0.0,0.0,0.2440944881889764,True,True
2026-09-30,US,Omaha,Nebraska,41.2563,-95.9404,55.57,0,0.0,0.0,0.4606299212598425,True,True
2026-09-30,US,Orlando,Florida,28.5383,-81.3792,233.35,6,0.0,0.0,0.2362204724409448,True,True
2026-09-30,US,Overland Park,Kansas,38.9822,-94.6708,51.87,0,0.0,0.0,0.2086614173228346,True,True
2026-09-30,US,Paducah,Kentucky,37.0834,-88.6,19.88,0,0.0,0.0,0.0,False,False
2026-09-30,US,Papillion,Nebraska,41.1544,-96.0422,8.91,0,0.0,0.0,0.437007874015748,True,True
2026-09-30,US,Park City,Utah,40.6461,-111.498,17.41,0,0.0,0.0,0.0,False,False
2026-09-30,US,Philadelphia,Pennsylvania,39.9524,-75.1636,261.09,7,0.0,0.0,0.0,False,False
2026-09-30,US,Phoenix,Arizona,33.4484,-112.074,109.85,1,0.0,0.0,0.0590551181102362,False,False
2026-09-30,US,Pittsburgh,Pennsylvania,40.4406,-79.9959,162.41,6,0.0,0.0,0.0,False,False
2026-09-30,US,Plymouth,Michigan,42.3714,-83.4702,25.89,0,0.0,0.0,0.0354330708661417,False,False
2026-09-30,US,Plymouth,Minnesota,45.0105,-93.4555,29.0,0,0.0,0.0,0.0314960629921259,False,False
2026-09-30,US,Portland,Maine,43.6574,-70.2589,21.73,0,0.0,0.0,0.0118110236220472,False,False
2026-09-30,US,Portland,Oregon,45.5234,-122.6762,244.45,6,0.0,0.0,0.0196850393700787,False,False
2026-09-30,US,Portsmouth,New Hampshire,43.077,-70.7577,12.370000000000001,0,0.0,0.0,0.0236220472440944,False,False
2026-09-30,US,Princeton,New Jersey,40.3487,-74.659,36.21,0,0.0,0.0,0.0,False,False
2026-09-30,US,Providence,Rhode Island,41.824,-71.4128,35.34,0,0.0,0.0,0.0,False,False
2026-09-30,US,Raleigh,North Carolina,35.7721,-78.6386,160.85,5,0.0,0.0,0.0,False,False
2026-09-30,US,Rapid City,South Dakota,44.0805,-103.231,7.640000000000001,0,0.0,0.0,0.0,False,False
2026-09-30,US,Reading,Massachusetts,42.5256,-71.0953,227.22,16,0.0,0.0,0.0157480314960629,False,False
2026-09-30,US,Reno,Nevada,39.5296,-119.8138,47.25,0,0.0,0.0,0.0,False,False
2026-09-30,US,Richmond,Virginia,37.5538,-77.4603,112.54,1,0.0,0.0,0.0,False,False
2026-09-30,US,Rock Springs,Wyoming,41.5875,-109.2029,7.79,0,0.0,0.0,0.0,False,False
2026-09-30,US,Rockville,Maryland,39.084,-77.1528,49.22,0,0.0,0.0,0.0,False,False
2026-09-30,US,Rogers,Arkansas,36.332,-94.1185,24.5,0,0.0,0.0,0.0,False,False
2026-09-30,US,Saint Charles,Missouri,38.7839,-90.4812,26.75,0,0.0,0.0,0.0,False,False
2026-09-30,US,Saint Louis,Missouri,38.6517,-90.2053,120.38,1,0.0,0.0,0.0,False,False
2026-09-30,US,Saint Paul,Minnesota,44.9444,-93.0933,62.97,0,0.0,0.0,0.0551181102362204,False,False
2026-09-30,US,Salem,Oregon,44.9429,-123.0351,25.19,0,0.0,0.0,0.0,False,False
2026-09-30,US,Salt Lake City,Utah,40.7608,-111.891,40.4,0,0.0,0.0,0.0,False,False
2026-09-30,US,San Antonio,Texas,29.4241,-98.4936,183.28,6,0.0,0.0,0.0708661417322834,False,False
2026-09-30,US,San Diego,California,32.7157,-117.1647,295.69,10,0.0,0.0,0.0,False,False
2026-09-30,US,San Francisco,California,37.7749,-122.4194,596.39,22,0.0,0.0,0.0,False,False
2026-09-30,US,San Jose,California,37.3394,-121.895,234.32,7,0.0,0.0,0.0,False,False
2026-09-30,US,Sandy,Utah,40.5916,-111.8841,13.98,0,0.0,0.0,0.0,False,False
2026-09-30,US,Santa Fe,New Mexico,35.687,-105.9378,24.28,0,0.0,0.0,0.5354330708661417,True,True
2026-09-30,US,Savannah,Georgia,32.0835,-81.0998,76.51,0,0.0,0.0,0.0433070866141732,False,False
2026-09-30,US,Scarborough,Maine,43.5781,-70.3217,14.42,0,0.0,0.0,0.0118110236220472,False,False
2026-09-30,US,Scottsdale,Arizona,33.5092,-111.899,89.36,1,0.0,0.0,0.1181102362204724,False,False
2026-09-30,US,Seattle,Washington,47.6062,-122.3321,368.23,12,0.0,0.0,0.0472440944881889,False,False
2026-09-30,US,Sheridan,Wyoming,44.7972,-106.9562,9.85,0,0.0,0.0,0.0,False,False
2026-09-30,US,Shreveport,Louisiana,32.5251,-93.7502,69.49,0,0.0,0.0,0.0,False,False
2026-09-30,US,Silver Spring,Maryland,38.9907,-77.0261,52.67,0,0.0,0.0,0.0,False,False
2026-09-30,US,Sioux Falls,South Dakota,43.55,-96.7003,14.51,0,0.0,0.0,0.0157480314960629,False,False
2026-09-30,US,Sitka,Alaska,57.0532,-135.3309,3.79,0,0.0,0.0,0.3307086614173228,True,True
2026-09-30,US,Somerville,Massachusetts,42.3876,-71.0995,43.64,0,0.0,0.0,0.0157480314960629,False,False
2026-09-30,US,South Burlington,Vermont,44.467,-73.171,11.15,0,0.0,0.0,0.0,False,False
2026-09-30,US,South Jordan,Utah,40.5622,-111.9297,21.81,0,0.0,0.0,0.0,False,False
2026-09-30,US,Southaven,Mississippi,34.989,-90.0126,10.05,0,0.0,0.0,0.0118110236220472,False,False
2026-09-30,US,Spokane,Washington,47.6569,-117.425,23.17,0,0.0,0.0,0.0,False,False
2026-09-30,US,Springfield,Missouri,37.2153,-93.2982,27.0,0,0.0,0.0,0.0,False,False
2026-09-30,US,Stamford,Connecticut,41.0534,-73.5387,38.79,0,0.0,0.0,0.0,False,False
2026-09-30,US,Staten Island,New York,40.5623,-74.1399,118.89,1,0.0,0.0,0.0,False,False
2026-09-30,US,Stowe,Vermont,44.4653,-72.6846,7.75,0,0.0,0.0,0.0,False,False
2026-09-30,US,Tacoma,Washington,47.2529,-122.4443,53.48,0,0.0,0.0,0.0196850393700787,False,False
2026-09-30,US,Tampa,Florida,27.9475,-82.4584,166.4,3,0.0,0.0,0.3818897637795275,True,True
2026-09-30,US,Tijeras,New Mexico,35.0809,-106.3881,6.89,0,0.0,0.0,0.358267716535433,True,True
2026-09-30,US,Tucson,Arizona,32.2217,-110.9265,96.21000000000001,1,0.0,0.0,0.515748031496063,True,True
2026-09-30,US,Tulsa,Oklahoma,36.154,-95.9928,107.68,1,0.0,0.0,0.0669291338582677,False,False
2026-09-30,US,Vancouver,Washington,45.6387,-122.6615,65.12,0,0.0,0.0,0.0196850393700787,False,False
2026-09-30,US,Virginia Beach,Virginia,36.8529,-75.978,114.43,1,0.0,0.0,0.0118110236220472,False,False
2026-09-30,US,Warwick,Rhode Island,41.7001,-71.4162,11.26,0,0.0,0.0,0.0,False,False
2026-09-30,US,Washington,District of Columbia,38.8951,-77.0364,421.09999999999997,14,0.0,0.0,0.0,False,False
2026-09-30,US,Wasilla,Alaska,61.5809,-149.4415,2.42,0,0.0,0.0,0.7913385826771654,True,True
2026-09-30,US,Waukesha,Wisconsin,43.0117,-88.2315,15.78,0,0.0,0.0,0.4606299212598425,True,True
2026-09-30,US,West Chester,Pennsylvania,39.961,-75.608,41.97,0,0.0,0.0,0.0196850393700787,False,False
2026-09-30,US,West Des Moines,Iowa,41.5772,-93.7113,13.21,0,0.0,0.0,1.0,True,True
2026-09-30,US,West Fargo,North Dakota,46.875,-96.9004,9.44,0,0.0,0.0,0.0,False,False
2026-09-30,US,West Lafayette,Indiana,40.4259,-86.9081,21.93,0,0.0,0.0,0.0078740157480314,False,False
2026-09-30,US,Westfield,New Jersey,40.659,-74.3474,44.39,0,0.0,0.0,0.0,False,False
2026-09-30,US,Wheeling,West Virginia,40.064,-80.7209,13.68,0,0.0,0.0,0.0,False,False
2026-09-30,US,Whitefish Bay,Wisconsin,43.1133,-87.9001,16.09,0,0.0,0.0,0.3976377952755905,True,True
2026-09-30,US,Wichita,Kansas,37.6922,-97.3375,55.63,0,0.0,0.0,0.3858267716535433,True,True
2026-09-30,US,Wilmette,Illinois,42.0722,-87.7228,39.300000000000004,0,0.0,0.0,0.7125984251968505,True,True
2026-09-30,US,Wilmington,Delaware,39.746,-75.5466,66.34,0,0.0,0.0,0.0314960629921259,False,False
2026-09-30,US,Wilmington,North Carolina,34.2356,-77.946,75.07,0,0.0,0.0,0.0,False,False
2026-10-01,CAN,Blainville,Quebec,45.6668,-73.8825,2.09,0,0.0,0.0,0.0472440944881889,False,False
2026-10-01,CAN,Brossard,Quebec,45.4501,-73.4658,1.5,0,0.0,0.0,0.1259842519685039,False,False
2026-10-01,CAN,Burnaby,British Columbia,49.2664,-122.9526,19.65,0,0.0,0.0,0.0118110236220472,False,False
2026-10-01,CAN,Calgary,Alberta,51.0501,-114.0853,32.07,0,0.0,0.0,0.0,False,False
2026-10-01,CAN,Cote-Saint-Luc,Quebec,45.4654,-73.6659,1.27,0,0.0,0.0,0.0669291338582677,False,False
2026-10-01,CAN,Dartmouth,Nova Scotia,44.6713,-63.5772,0.62,0,0.0,0.0,0.0,False,False
2026-10-01,CAN,Dieppe,New Brunswick,46.0784,-64.6874,2.38,0,0.0,0.0,0.0,False,False
2026-10-01,CAN,Dorval,Quebec,45.4473,-73.7534,1.42,0,0.0,0.0,0.0393700787401574,False,False
2026-10-01,CAN,Edmonton,Alberta,53.5501,-113.4687,13.74,0,0.0,0.0,0.0,False,False
2026-10-01,CAN,Fredericton,New Brunswick,45.9454,-66.6656,0.72,0,0.0,0.0,0.0,False,False
2026-10-01,CAN,Guelph,Ontario,43.5459,-80.256,5.76,0,0.0,0.0,0.0551181102362204,False,False
2026-10-01,CAN,Halifax,Nova Scotia,44.6427,-63.5769,4.6,0,0.0,0.0,0.0,False,False
2026-10-01,CAN,Headingley,Manitoba,49.8753,-97.409,0.63,0,0.0,0.0,0.0,False,False
2026-10-01,CAN,Kingston,Ontario,44.2298,-76.481,4.0600000000000005,0,0.0,0.0,0.0314960629921259,False,False
2026-10-01,CAN,Markham,Ontario,43.8668,-79.2663,7.62,0,0.0,0.0,0.1259842519685039,False,False
2026-10-01,CAN,Moncton,New Brunswick,46.0945,-64.7965,1.1400000000000001,0,0.0,0.0,0.0,False,False
2026-10-01,CAN,Montreal,Quebec,45.5088,-73.5878,18.810000000000002,0,0.0,0.0,0.0590551181102362,False,False
2026-10-01,CAN,North Vancouver,British Columbia,49.3164,-123.0693,14.74,0,0.0,0.0,0.0275590551181102,False,False
2026-10-01,CAN,Ottawa,Ontario,45.4112,-75.6981,30.89,0,0.0,0.0,0.0590551181102362,False,False
2026-10-01,CAN,Paradise,Newfoundland and Labrador,47.5333,-52.9667,0.72,0,0.0,0.0,0.0,False,False
2026-10-01,CAN,Regina,Saskatchewan,50.4501,-104.6178,0.69,0,0.0,0.0,0.0,False,False
2026-10-01,CAN,Saskatoon,Saskatchewan,52.1324,-106.6689,3.26,0,0.0,0.0,0.0,False,False
2026-10-01,CAN,St. Albert,Alberta,53.6334,-113.6353,1.66,0,0.0,0.0,0.0,False,False
2026-10-01,CAN,St. John'S,Newfoundland and Labrador,47.5649,-52.7093,0.76,0,0.0,0.0,0.0,False,False
2026-10-01,CAN,Surrey,British Columbia,49.1064,-122.8251,22.68,0,0.0,0.0,0.0236220472440944,False,False
2026-10-01,CAN,Toronto,Ontario,43.7064,-79.3986,94.83,6,0.0,0.0,0.0551181102362204,False,False
2026-10-01,CAN,Vancouver,British Columbia,49.2497,-123.1193,72.52,0,0.0,0.0,0.0275590551181102,False,False
2026-10-01,CAN,Victoria,British Columbia,48.4359,-123.3516,17.11,0,0.0,0.0,0.0,False,False
2026-10-01,CAN,Wainwright,Alberta,52.8348,-110.8534,0.53,0,0.0,0.0,0.0,False,False
2026-10-01,CAN,West Baptiste,Alberta,54.7502,-113.5688,0.31,0,0.0,0.0,0.0,False,False
2026-10-01,CAN,Winnipeg,Manitoba,49.8844,-97.147,3.56,0,0.0,0.0,0.0,False,False
2026-10-01,CAN,Yellow Grass,Saskatchewan,49.8001,-104.1678,0.85,0,0.0,0.0,0.0,False,False
2026-10-01,US,Aberdeen,South Dakota,45.4647,-98.4865,2.83,0,0.0,0.0,0.0,False,False
2026-10-01,US,Albuquerque,New Mexico,35.0845,-106.6511,102.56,13,0.0,0.0,0.0472440944881889,False,False
2026-10-01,US,Alexandria,Virginia,38.8048,-77.0469,279.34,31,0.0,0.0,0.0,False,False
2026-10-01,US,Alpharetta,Georgia,34.0754,-84.2941,87.24,3,0.0,0.0,0.0196850393700787,False,False
2026-10-01,US,Ames,Iowa,42.0347,-93.6199,15.76,0,0.0,0.0,1.7637795275590549,True,True
2026-10-01,US,Anchorage,Alaska,61.2181,-149.9003,25.19,0,0.0,0.0,0.1968503937007873,False,False
2026-10-01,US,Ann Arbor,Michigan,42.2776,-83.7409,90.8,13,0.0,0.0,0.1220472440944882,False,False
2026-10-01,US,Annapolis,Maryland,38.9786,-76.4918,63.699999999999996,2,0.0,0.0,0.0,False,False
2026-10-01,US,Appleton,Wisconsin,44.2619,-88.4154,20.06,0,0.0,0.0,0.3267716535433071,True,True
2026-10-01,US,Arlington,Virginia,38.881,-77.1043,200.5,27,0.0,0.0,0.0,False,False
2026-10-01,US,Astoria,New York,40.772,-73.9301,89.95,13,0.0,0.0,0.0,False,False
2026-10-01,US,Atlanta,Georgia,33.749,-84.388,396.56,44,0.0,0.0,0.0236220472440944,False,False
2026-10-01,US,Aurora,Colorado,39.7294,-104.8319,44.2,2,0.0,0.0,0.0,False,False
2026-10-01,US,Austin,Texas,30.2672,-97.7431,510.3,53,0.0,0.0,0.9921259842519684,True,True
2026-10-01,US,Baltimore,Maryland,39.2904,-76.6122,122.47,15,0.0,0.0,0.0,False,False
2026-10-01,US,Bangor,Maine,44.7988,-68.7726,9.79,0,0.0,0.0,0.0,False,False
2026-10-01,US,Barrington,Rhode Island,41.7407,-71.3087,25.94,0,0.0,0.0,0.0039370078740157,False,False
2026-10-01,US,Baton Rouge,Louisiana,30.4433,-91.1875,137.51,14,0.0,0.0,0.0787401574803149,False,False
2026-10-01,US,Beaverton,Oregon,45.4871,-122.8037,39.77,2,0.0,0.0,0.0,False,False
2026-10-01,US,Bellevue,Nebraska,41.1367,-95.8908,8.13,0,0.0,0.0,1.937007874015748,True,True
2026-10-01,US,Bellevue,Washington,47.6104,-122.2007,89.56,13,0.0,0.0,0.0,False,False
2026-10-01,US,Bentonville,Arkansas,36.3728,-94.2088,45.980000000000004,2,0.0,0.0,0.1377952755905512,False,False
2026-10-01,US,Berkley,Massachusetts,41.8459,-71.0828,34.42,3,0.0,0.0,0.0039370078740157,False,False
2026-10-01,US,Bethesda,Maryland,38.9807,-77.1003,127.98,14,0.0,0.0,0.0,False,False
2026-10-01,US,Billings,Montana,45.7833,-108.5007,20.97,0,0.0,0.0,0.0,False,False
2026-10-01,US,Birmingham,Alabama,33.5207,-86.8025,122.47,14,0.0,0.0,0.0078740157480314,False,False
2026-10-01,US,Bismarck,North Dakota,46.8083,-100.7837,9.07,0,0.0,0.0,0.0,False,False
2026-10-01,US,Bloomfield Hills,Michigan,42.5836,-83.2455,59.64,2,0.0,0.0,0.2244094488188976,True,True
2026-10-01,US,Bloomington,Indiana,39.1653,-86.5264,48.42,2,0.0,0.0,0.0,False,False
2026-10-01,US,Boca Raton,Florida,26.3587,-80.0831,197.69,22,0.0,0.0,0.8188976377952756,True,True
2026-10-01,US,Boise,Idaho,43.6135,-116.2034,54.86,2,0.0,0.0,0.0,False,False
2026-10-01,US,Boston,Massachusetts,42.3584,-71.0598,327.38,42,0.0,0.0,0.0,False,False
2026-10-01,US,Bowling Green,Kentucky,36.9903,-86.4436,22.52,0,0.0,0.0,0.0,False,False
2026-10-01,US,Bozeman,Montana,45.6796,-111.0386,16.23,0,0.0,0.0,0.0,False,False
2026-10-01,US,Broken Arrow,Oklahoma,36.0526,-95.7908,29.23,0,0.0,0.0,1.3385826771653544,True,True
2026-10-01,US,Bronx,New York,40.8499,-73.8664,149.34,22,0.0,0.0,0.0039370078740157,False,False
2026-10-01,US,Brooklyn,New York,40.6501,-73.9496,1289.47,162,0.0,0.0,0.0236220472440944,False,False
2026-10-01,US,Burlington,Vermont,44.4759,-73.2121,11.99,0,0.0,0.0,0.0078740157480314,False,False
2026-10-01,US,Cambridge,Massachusetts,42.3751,-71.1056,117.6,15,0.0,0.0,0.0,False,False
2026-10-01,US,Carmel,Indiana,39.9784,-86.118,89.36,3,0.0,0.0,0.0,False,False
2026-10-01,US,Carson City,Nevada,39.1638,-119.7674,7.3,0,0.0,0.0,0.0,False,False
2026-10-01,US,Casper,Wyoming,42.8666,-106.3131,3.48,0,0.0,0.0,0.0,False,False
2026-10-01,US,Cedar Rapids,Iowa,42.0083,-91.6441,32.8,0,0.0,0.0,0.8307086614173229,True,True
2026-10-01,US,Chapel Hill,North Carolina,35.9132,-79.0558,77.17,3,0.0,0.0,0.0,False,False
2026-10-01,US,Charleston,South Carolina,32.7763,-79.9328,105.97,13,0.0,0.0,0.0393700787401574,False,False
2026-10-01,US,Charleston,West Virginia,38.3498,-81.6326,14.03,0,0.0,0.0,0.0,False,False
2026-10-01,US,Charlotte,North Carolina,35.2271,-80.8431,348.0,42,0.0,0.0,0.0,False,False
2026-10-01,US,Chattanooga,Tennessee,35.0456,-85.3097,60.589999999999996,2,0.0,0.0,0.0,False,False
2026-10-01,US,Chesterfield,Missouri,38.6631,-90.5771,50.79,2,0.0,0.0,0.0433070866141732,False,False
2026-10-01,US,Cheyenne,Wyoming,41.14,-104.8202,16.65,0,0.0,0.0,0.0,False,False
2026-10-01,US,Chicago,Illinois,41.85,-87.65,968.88,120,0.0,0.0,1.0275590551181102,True,True
2026-10-01,US,Cincinnati,Ohio,39.1271,-84.5144,244.76,25,0.0,0.0,0.0,False,False
2026-10-01,US,Cleveland,Ohio,41.4995,-81.6954,49.34,2,0.0,0.0,0.0472440944881889,False,False
2026-10-01,US,Cody,Wyoming,44.5263,-109.0565,4.6,0,0.0,0.0,0.0,False,False
2026-10-01,US,Coeur D'Alene,Idaho,47.6777,-116.7805,3.41,0,0.0,0.0,0.0,False,False
2026-10-01,US,Colorado Springs,Colorado,38.8339,-104.8214,95.65,13,0.0,0.0,0.1259842519685039,False,False
2026-10-01,US,Columbia,South Carolina,34.0007,-81.0348,75.95,2,0.0,0.0,0.0,False,False
2026-10-01,US,Columbus,Ohio,39.9612,-82.9988,204.34,25,0.0,0.0,0.0,False,False
2026-10-01,US,Cordova,Alaska,60.5432,-145.7587,9.77,0,0.0,0.0,1.1141732283464567,True,True
2026-10-01,US,Cranston,Rhode Island,41.7798,-71.4373,13.72,0,0.0,0.0,0.0,False,False
2026-10-01,US,Dallas,Texas,32.7831,-96.8067,494.97,51,0.0,0.0,2.0511811023622046,True,True
2026-10-01,US,Dayton,Ohio,39.759,-84.1916,78.0,2,0.0,0.0,0.0,False,False
2026-10-01,US,Decatur,Georgia,33.7748,-84.2963,65.79,2,0.0,0.0,0.0275590551181102,False,False
2026-10-01,US,Denver,Colorado,39.7392,-104.9847,185.17000000000002,23,0.0,0.0,0.0,False,False
2026-10-01,US,Des Moines,Iowa,41.6005,-93.6091,22.45,0,0.0,0.0,1.0393700787401574,True,True
2026-10-01,US,Dickinson,North Dakota,46.8792,-102.7896,8.62,0,0.0,0.0,0.0,False,False
2026-10-01,US,Downers Grove,Illinois,41.8089,-88.0112,47.64,2,0.0,0.0,1.1141732283464567,True,True
2026-10-01,US,Doylestown,Pennsylvania,40.3101,-75.1299,53.37,2,0.0,0.0,0.0,False,False
2026-10-01,US,Dublin,Ohio,40.0992,-83.1141,53.79,2,0.0,0.0,0.0,False,False
2026-10-01,US,Durham,North Carolina,35.994,-78.8986,73.53,13,0.0,0.0,0.0,False,False
2026-10-01,US,Eagle,Idaho,43.6954,-116.354,14.879999999999999,0,0.0,0.0,0.0,False,False
2026-10-01,US,Eagle Mountain,Utah,40.3144,-111.9849,4.4,0,0.0,0.0,0.0,False,False
2026-10-01,US,East Greenwich,Rhode Island,41.6604,-71.4559,12.22,0,0.0,0.0,0.0039370078740157,False,False
2026-10-01,US,Eden Prairie,Minnesota,44.8547,-93.4708,27.02,0,0.0,0.0,0.0511811023622047,False,False
2026-10-01,US,Edmond,Oklahoma,35.6528,-97.4781,125.33,22,0.0,0.0,0.3110236220472441,True,True
2026-10-01,US,Eliot,Maine,43.1531,-70.8001,7.72,0,0.0,0.0,0.0,False,False
2026-10-01,US,Elkhorn,Nebraska,41.345,-96.256,19.27,0,0.0,0.0,3.665354330708661,True,True
2026-10-01,US,Essex Junction,Vermont,44.4906,-73.111,7.95,0,0.0,0.0,0.0118110236220472,False,False
2026-10-01,US,Eugene,Oregon,44.0521,-123.0868,42.36,2,0.0,0.0,0.0,False,False
2026-10-01,US,Evanston,Illinois,42.0411,-87.6901,58.54,2,0.0,0.0,1.0078740157480317,True,True
2026-10-01,US,Ewa Beach,Hawaii,21.3156,-158.0072,54.43,1,0.0,0.0,0.5196850393700787,True,True
2026-10-01,US,Exeter,New Hampshire,42.9815,-70.9478,12.32,0,0.0,0.0,0.0,False,False
2026-10-01,US,Fairbanks,Alaska,64.8378,-147.7164,7.28,0,0.0,0.0,0.1653543307086614,False,False
2026-10-01,US,Fairfax,Virginia,38.8462,-77.3064,96.76,13,0.0,0.0,0.0,False,False
2026-10-01,US,Fairfield,Connecticut,41.1412,-73.2637,51.27,2,0.0,0.0,0.0,False,False
2026-10-01,US,Fairhope,Alabama,30.523,-87.9033,32.34,0,0.0,0.0,0.1338582677165354,False,False
2026-10-01,US,Falmouth,Maine,43.7295,-70.242,13.69,0,0.0,0.0,0.0,False,False
2026-10-01,US,Fargo,North Dakota,46.8772,-96.7898,21.7,0,0.0,0.0,0.0,False,False
2026-10-01,US,Fayetteville,Arkansas,36.0626,-94.1574,31.05,2,0.0,0.0,0.0944881889763779,False,False
2026-10-01,US,Fort Collins,Colorado,40.5853,-105.0844,45.92,2,0.0,0.0,0.0,False,False
2026-10-01,US,Fort Wayne,Indiana,41.1306,-85.1289,67.31,2,0.0,0.0,0.0118110236220472,False,False
2026-10-01,US,Fort Worth,Texas,32.7254,-97.3208,206.12,22,0.0,0.0,2.5118110236220472,True,True
2026-10-01,US,Franklin,Tennessee,35.9251,-86.8689,99.3,3,0.0,0.0,0.0039370078740157,False,False
2026-10-01,US,Gilbert,Arizona,33.3528,-111.789,44.2,2,0.0,0.0,0.0,False,False
2026-10-01,US,Grand Forks,North Dakota,47.9253,-97.0328,3.0,0,0.0,0.0,0.0,False,False
2026-10-01,US,Grand Rapids,Michigan,42.9634,-85.6681,99.53,2,0.0,0.0,0.8267716535433071,True,True
2026-10-01,US,Great Falls,Montana,47.5002,-111.3008,9.72,0,0.0,0.0,0.0,False,False
2026-10-01,US,Greenville,South Carolina,34.8526,-82.394,118.25,13,0.0,0.0,0.0,False,False
2026-10-01,US,Greenwich,Connecticut,41.0265,-73.6285,139.07,3,0.0,0.0,0.0196850393700787,False,False
2026-10-01,US,Gulfport,Mississippi,30.3674,-89.0928,21.47,0,0.0,0.0,0.0748031496062992,False,False
2026-10-01,US,Hampton,New Hampshire,42.9376,-70.8389,19.23,0,0.0,0.0,0.0,False,False
2026-10-01,US,Hattiesburg,Mississippi,31.3271,-89.2903,11.82,0,0.0,0.0,0.0275590551181102,False,False
2026-10-01,US,Henderson,Nevada,36.0397,-114.9819,72.98,27,0.0,0.0,0.0,False,False
2026-10-01,US,Hoboken,New Jersey,40.744,-74.0324,99.8,14,0.0,0.0,0.0196850393700787,False,False
2026-10-01,US,Honolulu,Hawaii,21.3069,-157.8583,275.03,27,0.0,0.0,0.7047244094488189,True,True
2026-10-01,US,Houston,Texas,29.7633,-95.3633,912.97,101,0.0,0.0,0.5314960629921259,True,True
2026-10-01,US,Huntington,West Virginia,38.4192,-82.4452,16.46,0,0.0,0.0,0.0,False,False
2026-10-01,US,Huntsville,Alabama,34.7304,-86.5859,97.94,13,0.0,0.0,0.0078740157480314,False,False
2026-10-01,US,Hurricane,West Virginia,38.4326,-82.0201,8.54,0,0.0,0.0,0.0,False,False
2026-10-01,US,Hyde Park,Vermont,44.5939,-72.6165,6.75,0,0.0,0.0,0.0078740157480314,False,False
2026-10-01,US,Indianapolis,Indiana,39.7684,-86.158,158.74,22,0.0,0.0,0.0,False,False
2026-10-01,US,Iowa City,Iowa,41.6611,-91.5302,23.99,0,0.0,0.0,1.437007874015748,True,True
2026-10-01,US,Jackson,Mississippi,32.2988,-90.1848,13.18,0,0.0,0.0,0.0157480314960629,False,False
2026-10-01,US,Jersey City,New Jersey,40.7282,-74.0776,193.22,26,0.0,0.0,0.0196850393700787,False,False
2026-10-01,US,Jonesboro,Arkansas,35.8423,-90.7043,30.99,2,0.0,0.0,0.0118110236220472,False,False
2026-10-01,US,Kailua,Hawaii,21.4024,-157.7405,38.11,1,0.0,0.0,0.6338582677165355,True,True
2026-10-01,US,Kalispell,Montana,48.1958,-114.3129,11.92,0,0.0,0.0,0.0,False,False
2026-10-01,US,Kaneohe,Hawaii,21.3999,-157.799,35.02,0,0.0,0.0,0.6338582677165355,True,True
2026-10-01,US,Kansas City,Missouri,39.0997,-94.5786,97.26,13,0.0,0.0,0.9251968503937008,True,True
2026-10-01,US,Knoxville,Tennessee,35.9606,-83.9207,136.02,15,0.0,0.0,0.0,False,False
2026-10-01,US,Kuna,Idaho,43.4918,-116.4201,25.09,0,0.0,0.0,0.0,False,False
2026-10-01,US,Lafayette,Louisiana,30.2241,-92.0198,80.56,2,0.0,0.0,0.0866141732283464,False,False
2026-10-01,US,Lake Oswego,Oregon,45.4207,-122.6706,59.47,2,0.0,0.0,0.0,False,False
2026-10-01,US,Lancaster,Pennsylvania,40.0379,-76.3055,59.519999999999996,2,0.0,0.0,0.0,False,False
2026-10-01,US,Las Cruces,New Mexico,32.3123,-106.7783,23.6,0,0.0,0.0,0.0,False,False
2026-10-01,US,Las Vegas,Nevada,36.175,-115.1372,198.44,24,0.0,0.0,0.0,False,False
2026-10-01,US,Lawrence,Kansas,38.9717,-95.2352,23.1,0,0.0,0.0,0.8464566929133858,True,True
2026-10-01,US,Leawood,Kansas,38.9667,-94.6169,21.27,0,0.0,0.0,0.937007874015748,True,True
2026-10-01,US,Lennox,South Dakota,43.3541,-96.892,6.06,0,0.0,0.0,0.0,False,False
2026-10-01,US,Lewes,Delaware,38.7746,-75.1393,30.29,0,0.0,0.0,0.0,False,False
2026-10-01,US,Lexington,Kentucky,37.9887,-84.4777,119.27,15,0.0,0.0,0.0,False,False
2026-10-01,US,Lincoln,Nebraska,40.8,-96.667,34.71,0,0.0,0.0,1.4803149606299213,True,True
2026-10-01,US,Little Rock,Arkansas,34.7465,-92.2896,84.28999999999999,3,0.0,0.0,0.0433070866141732,False,False
2026-10-01,US,Littleton,Colorado,39.6133,-105.0166,53.79,2,0.0,0.0,0.0,False,False
2026-10-01,US,Los Alamos,New Mexico,35.8881,-106.307,10.69,0,0.0,0.0,0.1889763779527559,False,False
2026-10-01,US,Los Angeles,California,34.0522,-118.2437,798.0,108,0.0,0.0,0.0,False,False
2026-10-01,US,Louisville,Kentucky,38.2542,-85.7594,172.96,22,0.0,0.0,0.0,False,False
2026-10-01,US,Macomb,Michigan,42.7009,-82.9591,30.77,1,0.0,0.0,0.3976377952755905,True,True
2026-10-01,US,Madison,Alabama,34.6993,-86.7483,38.62,2,0.0,0.0,0.0078740157480314,False,False
2026-10-01,US,Madison,Mississippi,32.4618,-90.1154,24.61,0,0.0,0.0,0.0236220472440944,False,False
2026-10-01,US,Madison,South Dakota,44.0061,-97.114,4.07,0,0.0,0.0,0.0,False,False
2026-10-01,US,Madison,Wisconsin,43.073,-89.4012,68.02,3,0.0,0.0,1.1141732283464567,True,True
2026-10-01,US,Manchester,New Hampshire,42.9956,-71.4548,27.86,0,0.0,0.0,0.0,False,False
2026-10-01,US,Marietta,Georgia,33.9526,-84.5499,185.5,22,0.0,0.0,0.0314960629921259,False,False
2026-10-01,US,Memphis,Tennessee,35.1495,-90.049,105.59,13,0.0,0.0,0.0157480314960629,False,False
2026-10-01,US,Meridian,Idaho,43.6121,-116.3915,32.49,0,0.0,0.0,0.0,False,False
2026-10-01,US,Mesa,Arizona,33.4223,-111.8226,45.53,2,0.0,0.0,0.0,False,False
2026-10-01,US,Metairie,Louisiana,29.9841,-90.1528,49.22,2,0.0,0.0,0.0354330708661417,False,False
2026-10-01,US,Miami,Florida,25.7743,-80.1937,892.0600000000001,85,0.0,0.0,2.1771653543307083,True,True
2026-10-01,US,Middlesboro,Kentucky,36.6084,-83.7166,7.49,0,0.0,0.0,0.0,False,False
2026-10-01,US,Middletown,Delaware,39.4496,-75.7163,15.8,0,0.0,0.0,0.0,False,False
2026-10-01,US,Mililani,Hawaii,21.4504,-158.015,29.44,2,0.0,0.0,0.4763779527559055,True,True
2026-10-01,US,Milwaukee,Wisconsin,43.0389,-87.9065,85.73,13,0.0,0.0,1.5393700787401574,True,True
2026-10-01,US,Minneapolis,Minnesota,44.98,-93.2638,172.23,26,0.0,0.0,0.0669291338582677,False,False
2026-10-01,US,Minnetonka,Minnesota,44.9133,-93.5033,22.2,0,0.0,0.0,0.0511811023622047,False,False
2026-10-01,US,Missoula,Montana,46.8722,-113.994,9.31,0,0.0,0.0,0.0039370078740157,False,False
2026-10-01,US,Mobile,Alabama,30.6944,-88.043,53.47,2,0.0,0.0,0.0866141732283464,False,False
2026-10-01,US,Morgantown,West Virginia,39.6295,-79.9559,33.57,0,0.0,0.0,0.0,False,False
2026-10-01,US,Morristown,New Jersey,40.7968,-74.4815,66.86,2,0.0,0.0,0.0,False,False
2026-10-01,US,Mount Pleasant,South Carolina,32.7941,-79.8626,69.55,3,0.0,0.0,0.0393700787401574,False,False
2026-10-01,US,Myrtle Beach,South Carolina,33.6891,-78.8867,81.16,2,0.0,0.0,0.0984251968503936,False,False
2026-10-01,US,Naperville,Illinois,41.7859,-88.1473,99.73,3,0.0,0.0,1.1377952755905512,True,True
2026-10-01,US,Naples,Florida,26.1423,-81.796,251.23,25,0.0,0.0,0.2755905511811024,True,True
2026-10-01,US,Nashua,New Hampshire,42.7654,-71.4676,28.31,0,0.0,0.0,0.0,False,False
2026-10-01,US,Nashville,Tennessee,36.1659,-86.7844,233.54,27,0.0,0.0,0.0118110236220472,False,False
2026-10-01,US,New Canaan,Connecticut,41.1468,-73.4948,54.98,2,0.0,0.0,0.0236220472440944,False,False
2026-10-01,US,New Castle,Delaware,39.6595,-75.5636,32.56,2,0.0,0.0,0.0,False,False
2026-10-01,US,New Orleans,Louisiana,29.9546,-90.0751,106.2,13,0.0,0.0,0.0354330708661417,False,False
2026-10-01,US,New York,New York,40.7143,-74.006,2571.86,323,0.0,0.0,0.0196850393700787,False,False
2026-10-01,US,Newark,Delaware,39.6837,-75.7497,35.34,0,0.0,0.0,0.0,False,False
2026-10-01,US,Norman,Oklahoma,35.2226,-97.4395,37.59,2,0.0,0.0,0.6614173228346457,True,True
2026-10-01,US,North Las Vegas,Nevada,36.1989,-115.1175,6.91,0,0.0,0.0,0.0,False,False
2026-10-01,US,Norwalk,Connecticut,41.1176,-73.4079,44.93,3,0.0,0.0,0.0039370078740157,False,False
2026-10-01,US,Oakland,California,37.8044,-122.2708,220.34,27,0.0,0.0,0.0,False,False
2026-10-01,US,Oklahoma City,Oklahoma,35.4676,-97.5164,75.77,3,0.0,0.0,0.5984251968503936,True,True
2026-10-01,US,Olathe,Kansas,38.8814,-94.8191,38.12,2,0.0,0.0,1.0118110236220472,True,True
2026-10-01,US,Omaha,Nebraska,41.2563,-95.9404,76.59,3,0.0,0.0,2.255905511811024,True,True
2026-10-01,US,Orlando,Florida,28.5383,-81.3792,321.55,30,0.0,0.0,0.5433070866141733,True,True
2026-10-01,US,Overland Park,Kansas,38.9822,-94.6708,71.5,2,0.0,0.0,1.1181102362204725,True,True
2026-10-01,US,Paducah,Kentucky,37.0834,-88.6,27.37,0,0.0,0.0,0.0,False,False
2026-10-01,US,Papillion,Nebraska,41.1544,-96.0422,12.25,0,0.0,0.0,2.173228346456693,True,True
2026-10-01,US,Park City,Utah,40.6461,-111.498,23.99,0,0.0,0.0,0.0,False,False
2026-10-01,US,Philadelphia,Pennsylvania,39.9524,-75.1636,359.8,45,0.0,0.0,0.0,False,False
2026-10-01,US,Phoenix,Arizona,33.4484,-112.074,151.38,15,0.0,0.0,0.0,False,False
2026-10-01,US,Pittsburgh,Pennsylvania,40.4406,-79.9959,223.88,27,0.0,0.0,0.0,False,False
2026-10-01,US,Plymouth,Michigan,42.3714,-83.4702,35.68,2,0.0,0.0,0.1062992125984252,False,False
2026-10-01,US,Plymouth,Minnesota,45.0105,-93.4555,39.94,2,0.0,0.0,0.0078740157480314,False,False
2026-10-01,US,Portland,Maine,43.6574,-70.2589,29.92,0,0.0,0.0,0.0,False,False
2026-10-01,US,Portland,Oregon,45.5234,-122.6762,336.93,43,0.0,0.0,0.0,False,False
2026-10-01,US,Portsmouth,New Hampshire,43.077,-70.7577,17.04,0,0.0,0.0,0.0,False,False
2026-10-01,US,Princeton,New Jersey,40.3487,-74.659,49.86,2,0.0,0.0,0.0,False,False
2026-10-01,US,Providence,Rhode Island,41.824,-71.4128,48.66,2,0.0,0.0,0.0,False,False
2026-10-01,US,Raleigh,North Carolina,35.7721,-78.6386,221.68,27,0.0,0.0,0.0,False,False
2026-10-01,US,Rapid City,South Dakota,44.0805,-103.231,10.52,0,0.0,0.0,0.0,False,False
2026-10-01,US,Reading,Massachusetts,42.5256,-71.0953,313.16,86,0.0,0.0,0.0,False,False
2026-10-01,US,Reno,Nevada,39.5296,-119.8138,65.13,3,0.0,0.0,0.0,False,False
2026-10-01,US,Richmond,Virginia,37.5538,-77.4603,155.01,17,0.0,0.0,0.0,False,False
2026-10-01,US,Rock Springs,Wyoming,41.5875,-109.2029,10.78,0,0.0,0.0,0.0,False,False
2026-10-01,US,Rockville,Maryland,39.084,-77.1528,67.78,3,0.0,0.0,0.0,False,False
2026-10-01,US,Rogers,Arkansas,36.332,-94.1185,33.74,1,0.0,0.0,0.1456692913385827,False,False
2026-10-01,US,Saint Charles,Missouri,38.7839,-90.4812,36.81,1,0.0,0.0,0.0866141732283464,False,False
2026-10-01,US,Saint Louis,Missouri,38.6517,-90.2053,165.96,22,0.0,0.0,0.0078740157480314,False,False
2026-10-01,US,Saint Paul,Minnesota,44.9444,-93.0933,86.78,3,0.0,0.0,0.0472440944881889,False,False
2026-10-01,US,Salem,Oregon,44.9429,-123.0351,34.75,2,0.0,0.0,0.0,False,False
2026-10-01,US,Salt Lake City,Utah,40.7608,-111.891,55.63,2,0.0,0.0,0.0,False,False
2026-10-01,US,San Antonio,Texas,29.4241,-98.4936,252.58,27,0.0,0.0,2.677165354330709,True,True
2026-10-01,US,San Diego,California,32.7157,-117.1647,407.57,52,0.0,0.0,0.0,False,False
2026-10-01,US,San Francisco,California,37.7749,-122.4194,821.9,103,0.0,0.0,0.0,False,False
2026-10-01,US,San Jose,California,37.3394,-121.895,322.93,45,0.0,0.0,0.0,False,False
2026-10-01,US,Sandy,Utah,40.5916,-111.8841,19.29,0,0.0,0.0,0.0,False,False
2026-10-01,US,Santa Fe,New Mexico,35.687,-105.9378,33.5,0,0.0,0.0,0.1771653543307086,False,False
2026-10-01,US,Savannah,Georgia,32.0835,-81.0998,105.41,13,0.0,0.0,0.0,False,False
2026-10-01,US,Scarborough,Maine,43.5781,-70.3217,19.87,0,0.0,0.0,0.0,False,False
2026-10-01,US,Scottsdale,Arizona,33.5092,-111.899,123.14,15,0.0,0.0,0.0,False,False
2026-10-01,US,Seattle,Washington,47.6062,-122.3321,507.48,55,0.0,0.0,0.0,False,False
2026-10-01,US,Sheridan,Wyoming,44.7972,-106.9562,13.55,0,0.0,0.0,0.0,False,False
2026-10-01,US,Shreveport,Louisiana,32.5251,-93.7502,95.67,2,0.0,0.0,0.0039370078740157,False,False
2026-10-01,US,Silver Spring,Maryland,38.9907,-77.0261,72.57000000000001,3,0.0,0.0,0.0,False,False
2026-10-01,US,Sioux Falls,South Dakota,43.55,-96.7003,20.06,0,0.0,0.0,0.0,False,False
2026-10-01,US,Sitka,Alaska,57.0532,-135.3309,5.24,0,0.0,0.0,0.7047244094488189,True,True
2026-10-01,US,Somerville,Massachusetts,42.3876,-71.0995,60.17,2,0.0,0.0,0.0,False,False
2026-10-01,US,South Burlington,Vermont,44.467,-73.171,15.38,0,0.0,0.0,0.0078740157480314,False,False
2026-10-01,US,South Jordan,Utah,40.5622,-111.9297,30.02,0,0.0,0.0,0.0,False,False
2026-10-01,US,Southaven,Mississippi,34.989,-90.0126,13.84,0,0.0,0.0,0.0157480314960629,False,False
2026-10-01,US,Spokane,Washington,47.6569,-117.425,31.91,1,0.0,0.0,0.0,False,False
2026-10-01,US,Springfield,Missouri,37.2153,-93.2982,37.31,1,0.0,0.0,0.1023622047244094,False,False
2026-10-01,US,Stamford,Connecticut,41.0534,-73.5387,53.44,2,0.0,0.0,0.0,False,False
2026-10-01,US,Staten Island,New York,40.5623,-74.1399,163.96,22,0.0,0.0,0.0078740157480314,False,False
2026-10-01,US,Stowe,Vermont,44.4653,-72.6846,10.72,0,0.0,0.0,0.0078740157480314,False,False
2026-10-01,US,Tacoma,Washington,47.2529,-122.4443,73.69,3,0.0,0.0,0.0,False,False
2026-10-01,US,Tampa,Florida,27.9475,-82.4584,229.23,25,0.0,0.0,0.2480314960629921,True,True
2026-10-01,US,Tijeras,New Mexico,35.0809,-106.3881,9.52,0,0.0,0.0,0.0275590551181102,False,False
2026-10-01,US,Tucson,Arizona,32.2217,-110.9265,132.66,15,0.0,0.0,0.0,False,False
2026-10-01,US,Tulsa,Oklahoma,36.154,-95.9928,148.38,15,0.0,0.0,1.1968503937007873,True,True
2026-10-01,US,Vancouver,Washington,45.6387,-122.6615,89.68,13,0.0,0.0,0.0,False,False
2026-10-01,US,Virginia Beach,Virginia,36.8529,-75.978,157.62,22,0.0,0.0,0.0,False,False
2026-10-01,US,Warwick,Rhode Island,41.7001,-71.4162,15.48,0,0.0,0.0,0.0039370078740157,False,False
2026-10-01,US,Washington,District of Columbia,38.8951,-77.0364,580.4,77,0.0,0.0,0.0,False,False
2026-10-01,US,Wasilla,Alaska,61.5809,-149.4415,3.3000000000000003,0,0.0,0.0,0.4763779527559055,True,True
2026-10-01,US,Waukesha,Wisconsin,43.0117,-88.2315,21.75,0,0.0,0.0,1.2992125984251968,True,True
2026-10-01,US,West Chester,Pennsylvania,39.961,-75.608,57.83,2,0.0,0.0,0.0,False,False
2026-10-01,US,West Des Moines,Iowa,41.5772,-93.7113,18.21,0,0.0,0.0,0.9251968503937008,True,True
2026-10-01,US,West Fargo,North Dakota,46.875,-96.9004,13.02,0,0.0,0.0,0.0,False,False
2026-10-01,US,West Lafayette,Indiana,40.4259,-86.9081,30.17,2,0.0,0.0,0.0039370078740157,False,False
2026-10-01,US,Westfield,New Jersey,40.659,-74.3474,61.23,2,0.0,0.0,0.0039370078740157,False,False
2026-10-01,US,Wheeling,West Virginia,40.064,-80.7209,18.900000000000002,0,0.0,0.0,0.0,False,False
2026-10-01,US,Whitefish Bay,Wisconsin,43.1133,-87.9001,22.09,0,0.0,0.0,1.4527559055118109,True,True
2026-10-01,US,Wichita,Kansas,37.6922,-97.3375,76.68,3,0.0,0.0,0.6574803149606299,True,True
2026-10-01,US,Wilmette,Illinois,42.0722,-87.7228,54.15,2,0.0,0.0,1.0078740157480317,True,True
2026-10-01,US,Wilmington,Delaware,39.746,-75.5466,91.36,13,0.0,0.0,0.0,False,False
2026-10-01,US,Wilmington,North Carolina,34.2356,-77.946,103.46000000000001,13,0.0,0.0,0.1102362204724409,False,False
2026-10-02,CAN,Blainville,Quebec,45.6668,-73.8825,0.81,0,0.0,0.0,0.5078740157480315,True,True
2026-10-02,CAN,Brossard,Quebec,45.4501,-73.4658,0.5800000000000001,0,0.0,0.0,0.6062992125984252,True,True
2026-10-02,CAN,Burnaby,British Columbia,49.2664,-122.9526,7.6,0,0.0,0.0,0.0866141732283464,False,False
2026-10-02,CAN,Calgary,Alberta,51.0501,-114.0853,12.39,0,0.0,0.0,0.0,False,False
2026-10-02,CAN,Cote-Saint-Luc,Quebec,45.4654,-73.6659,0.49,0,0.0,0.0,0.610236220472441,True,True
2026-10-02,CAN,Dartmouth,Nova Scotia,44.6713,-63.5772,0.24,0,0.0,0.0,0.0,False,False
2026-10-02,CAN,Dieppe,New Brunswick,46.0784,-64.6874,0.9099999999999999,0,0.0,0.0,0.2283464566929133,True,True
2026-10-02,CAN,Dorval,Quebec,45.4473,-73.7534,0.55,0,0.0,0.0,0.5984251968503936,True,True
2026-10-02,CAN,Edmonton,Alberta,53.5501,-113.4687,5.32,0,0.0,0.0,0.0,False,False
2026-10-02,CAN,Fredericton,New Brunswick,45.9454,-66.6656,0.28,0,0.0,0.0,0.3700787401574803,True,True
2026-10-02,CAN,Guelph,Ontario,43.5459,-80.256,2.23,0,0.0,0.0,0.6535433070866142,True,True
2026-10-02,CAN,Halifax,Nova Scotia,44.6427,-63.5769,1.78,0,0.0,0.0,0.0,False,False
2026-10-02,CAN,Headingley,Manitoba,49.8753,-97.409,0.25,0,0.0,0.0,0.0,False,False
2026-10-02,CAN,Kingston,Ontario,44.2298,-76.481,1.5699999999999998,0,0.0,0.0,0.7165354330708661,True,True
2026-10-02,CAN,Markham,Ontario,43.8668,-79.2663,2.9400000000000004,0,0.0,0.0,0.7007874015748031,True,True
2026-10-02,CAN,Moncton,New Brunswick,46.0945,-64.7965,0.44,0,0.0,0.0,0.2125984251968504,True,True
2026-10-02,CAN,Montreal,Quebec,45.5088,-73.5878,7.27,0,0.0,0.0,0.5433070866141733,True,True
2026-10-02,CAN,North Vancouver,British Columbia,49.3164,-123.0693,5.699999999999999,0,0.0,0.0,0.1496062992125984,False,False
2026-10-02,CAN,Ottawa,Ontario,45.4112,-75.6981,11.94,0,0.0,0.0,0.421259842519685,True,True
2026-10-02,CAN,Paradise,Newfoundland and Labrador,47.5333,-52.9667,0.28,0,0.0,0.0,0.0511811023622047,False,False
2026-10-02,CAN,Regina,Saskatchewan,50.4501,-104.6178,0.27,0,0.0,0.0,0.0,False,False
2026-10-02,CAN,Saskatoon,Saskatchewan,52.1324,-106.6689,1.2599999999999998,0,0.0,0.0,0.0,False,False
2026-10-02,CAN,St. Albert,Alberta,53.6334,-113.6353,0.6399999999999999,0,0.0,0.0,0.0,False,False
2026-10-02,CAN,St. John'S,Newfoundland and Labrador,47.5649,-52.7093,0.29000000000000004,0,0.0,0.0,0.0196850393700787,False,False
2026-10-02,CAN,Surrey,British Columbia,49.1064,-122.8251,8.77,0,0.0,0.0,0.3622047244094488,True,True
2026-10-02,CAN,Toronto,Ontario,43.7064,-79.3986,36.67,2,0.0,0.0,0.7244094488188976,True,True
2026-10-02,CAN,Vancouver,British Columbia,49.2497,-123.1193,28.020000000000003,0,0.0,0.0,0.0472440944881889,False,False
2026-10-02,CAN,Victoria,British Columbia,48.4359,-123.3516,6.62,0,0.0,0.0,0.1456692913385827,False,False
2026-10-02,CAN,Wainwright,Alberta,52.8348,-110.8534,0.2,0,0.0,0.0,0.0,False,False
2026-10-02,CAN,West Baptiste,Alberta,54.7502,-113.5688,0.11,0,0.0,0.0,0.0,False,False
2026-10-02,CAN,Winnipeg,Manitoba,49.8844,-97.147,1.37,0,0.0,0.0,0.0,False,False
2026-10-02,CAN,Yellow Grass,Saskatchewan,49.8001,-104.1678,0.32999999999999996,0,0.0,0.0,0.0,False,False
2026-10-02,US,Aberdeen,South Dakota,45.4647,-98.4865,0.7100000000000001,0,0.0,0.0,0.0,False,False
2026-10-02,US,Albuquerque,New Mexico,35.0845,-106.6511,25.11,0,0.0,0.0,0.0,False,False
2026-10-02,US,Alexandria,Virginia,38.8048,-77.0469,68.42,16,0.0,0.0,0.0078740157480314,False,False
2026-10-02,US,Alpharetta,Georgia,34.0754,-84.2941,21.36,0,0.0,0.0,0.0157480314960629,False,False
2026-10-02,US,Ames,Iowa,42.0347,-93.6199,3.87,0,0.0,0.0,0.0,False,False
2026-10-02,US,Anchorage,Alaska,61.2181,-149.9003,6.13,0,0.0,0.0,0.0157480314960629,False,False
2026-10-02,US,Ann Arbor,Michigan,42.2776,-83.7409,22.24,0,0.0,0.0,0.921259842519685,True,True
2026-10-02,US,Annapolis,Maryland,38.9786,-76.4918,15.59,0,0.0,0.0,0.0196850393700787,False,False
2026-10-02,US,Appleton,Wisconsin,44.2619,-88.4154,4.94,0,0.0,0.0,0.0,False,False
2026-10-02,US,Arlington,Virginia,38.881,-77.1043,49.12,0,0.0,0.0,0.0157480314960629,False,False
2026-10-02,US,Astoria,New York,40.772,-73.9301,22.04,0,0.0,0.0,0.0118110236220472,False,False
2026-10-02,US,Atlanta,Georgia,33.749,-84.388,97.11,16,0.0,0.0,0.0196850393700787,False,False
2026-10-02,US,Aurora,Colorado,39.7294,-104.8319,10.83,0,0.0,0.0,0.0,False,False
2026-10-02,US,Austin,Texas,30.2672,-97.7431,124.96,18,0.0,0.0,2.917322834645669,True,True
2026-10-02,US,Baltimore,Maryland,39.2904,-76.6122,30.0,0,0.0,0.0,0.2007874015748031,True,True
2026-10-02,US,Bangor,Maine,44.7988,-68.7726,2.4,0,0.0,0.0,0.2362204724409448,True,True
2026-10-02,US,Barrington,Rhode Island,41.7407,-71.3087,6.36,0,0.0,0.0,0.0,False,False
2026-10-02,US,Baton Rouge,Louisiana,30.4433,-91.1875,33.68,0,0.0,0.0,0.0748031496062992,False,False
2026-10-02,US,Beaverton,Oregon,45.4871,-122.8037,9.75,0,0.0,0.0,0.0,False,False
2026-10-02,US,Bellevue,Nebraska,41.1367,-95.8908,1.98,0,0.0,0.0,0.0,False,False
2026-10-02,US,Bellevue,Washington,47.6104,-122.2007,21.91,0,0.0,0.0,0.0,False,False
2026-10-02,US,Bentonville,Arkansas,36.3728,-94.2088,11.27,0,0.0,0.0,0.0905511811023622,False,False
2026-10-02,US,Berkley,Massachusetts,41.8459,-71.0828,8.4,0,0.0,0.0,0.0433070866141732,False,False
2026-10-02,US,Bethesda,Maryland,38.9807,-77.1003,31.3,0,0.0,0.0,0.0511811023622047,False,False
2026-10-02,US,Billings,Montana,45.7833,-108.5007,5.12,0,0.0,0.0,0.0,False,False
2026-10-02,US,Birmingham,Alabama,33.5207,-86.8025,30.0,0,0.0,0.0,0.0354330708661417,False,False
2026-10-02,US,Bismarck,North Dakota,46.8083,-100.7837,2.2,0,0.0,0.0,0.0,False,False
2026-10-02,US,Bloomfield Hills,Michigan,42.5836,-83.2455,14.62,0,0.0,0.0,1.0748031496062993,True,True
2026-10-02,US,Bloomington,Indiana,39.1653,-86.5264,11.85,0,0.0,0.0,0.3385826771653543,True,True
2026-10-02,US,Boca Raton,Florida,26.3587,-80.0831,48.42,0,0.0,0.0,0.2047244094488189,True,True
2026-10-02,US,Boise,Idaho,43.6135,-116.2034,13.41,0,0.0,0.0,0.0,False,False
2026-10-02,US,Boston,Massachusetts,42.3584,-71.0598,80.2,16,0.0,0.0,0.0472440944881889,False,False
2026-10-02,US,Bowling Green,Kentucky,36.9903,-86.4436,5.5,0,0.0,0.0,0.0826771653543307,False,False
2026-10-02,US,Bozeman,Montana,45.6796,-111.0386,3.98,0,0.0,0.0,0.0,False,False
2026-10-02,US,Broken Arrow,Oklahoma,36.0526,-95.7908,7.11,0,0.0,0.0,0.1259842519685039,False,False
2026-10-02,US,Bronx,New York,40.8499,-73.8664,36.65,0,0.0,0.0,0.0433070866141732,False,False
2026-10-02,US,Brooklyn,New York,40.6501,-73.9496,315.86,38,0.0,0.0,0.0118110236220472,False,False
2026-10-02,US,Burlington,Vermont,44.4759,-73.2121,2.97,0,0.0,0.0,0.4960629921259842,True,True
2026-10-02,US,Cambridge,Massachusetts,42.3751,-71.1056,28.77,0,0.0,0.0,0.0472440944881889,False,False
2026-10-02,US,Carmel,Indiana,39.9784,-86.118,21.92,0,0.0,0.0,0.2362204724409448,True,True
2026-10-02,US,Carson City,Nevada,39.1638,-119.7674,1.8,0,0.0,0.0,0.0,False,False
2026-10-02,US,Casper,Wyoming,42.8666,-106.3131,0.85,0,0.0,0.0,0.0,False,False
2026-10-02,US,Cedar Rapids,Iowa,42.0083,-91.6441,8.06,0,0.0,0.0,0.0236220472440944,False,False
2026-10-02,US,Chapel Hill,North Carolina,35.9132,-79.0558,18.900000000000002,0,0.0,0.0,0.0,False,False
2026-10-02,US,Charleston,South Carolina,32.7763,-79.9328,25.92,0,0.0,0.0,0.0787401574803149,False,False
2026-10-02,US,Charleston,West Virginia,38.3498,-81.6326,3.41,0,0.0,0.0,0.0354330708661417,False,False
2026-10-02,US,Charlotte,North Carolina,35.2271,-80.8431,85.24,16,0.0,0.0,0.0,False,False
2026-10-02,US,Chattanooga,Tennessee,35.0456,-85.3097,14.83,0,0.0,0.0,0.0354330708661417,False,False
2026-10-02,US,Chesterfield,Missouri,38.6631,-90.5771,12.43,0,0.0,0.0,0.4251968503937008,True,True
2026-10-02,US,Cheyenne,Wyoming,41.14,-104.8202,4.0600000000000005,0,0.0,0.0,0.0,False,False
2026-10-02,US,Chicago,Illinois,41.85,-87.65,237.39000000000001,29,0.0,0.0,0.8070866141732284,True,True
2026-10-02,US,Cincinnati,Ohio,39.1271,-84.5144,59.98,0,0.0,0.0,0.2637795275590551,True,True
2026-10-02,US,Cleveland,Ohio,41.4995,-81.6954,12.08,0,0.0,0.0,0.3622047244094488,True,True
2026-10-02,US,Cody,Wyoming,44.5263,-109.0565,1.15,0,0.0,0.0,0.0,False,False
2026-10-02,US,Coeur D'Alene,Idaho,47.6777,-116.7805,0.8200000000000001,0,0.0,0.0,0.0,False,False
2026-10-02,US,Colorado Springs,Colorado,38.8339,-104.8214,23.419999999999998,0,0.0,0.0,0.0039370078740157,False,False
2026-10-02,US,Columbia,South Carolina,34.0007,-81.0348,18.6,0,0.0,0.0,0.0118110236220472,False,False
2026-10-02,US,Columbus,Ohio,39.9612,-82.9988,50.08,0,0.0,0.0,0.2440944881889764,True,True
2026-10-02,US,Cordova,Alaska,60.5432,-145.7587,2.38,0,0.0,0.0,0.0551181102362204,False,False
2026-10-02,US,Cranston,Rhode Island,41.7798,-71.4373,3.35,0,0.0,0.0,0.0039370078740157,False,False
2026-10-02,US,Dallas,Texas,32.7831,-96.8067,121.21,16,0.0,0.0,0.6259842519685039,True,True
2026-10-02,US,Dayton,Ohio,39.759,-84.1916,19.1,0,0.0,0.0,0.2952755905511811,True,True
2026-10-02,US,Decatur,Georgia,33.7748,-84.2963,16.15,0,0.0,0.0,0.0196850393700787,False,False
2026-10-02,US,Denver,Colorado,39.7392,-104.9847,45.34,0,0.0,0.0,0.0,False,False
2026-10-02,US,Des Moines,Iowa,41.6005,-93.6091,5.5,0,0.0,0.0,0.0,False,False
2026-10-02,US,Dickinson,North Dakota,46.8792,-102.7896,2.09,0,0.0,0.0,0.0,False,False
2026-10-02,US,Downers Grove,Illinois,41.8089,-88.0112,11.68,0,0.0,0.0,0.8464566929133858,True,True
2026-10-02,US,Doylestown,Pennsylvania,40.3101,-75.1299,13.1,0,0.0,0.0,0.0196850393700787,False,False
2026-10-02,US,Dublin,Ohio,40.0992,-83.1141,13.17,0,0.0,0.0,0.2795275590551181,True,True
2026-10-02,US,Durham,North Carolina,35.994,-78.8986,18.01,0,0.0,0.0,0.0,False,False
2026-10-02,US,Eagle,Idaho,43.6954,-116.354,3.64,0,0.0,0.0,0.0,False,False
2026-10-02,US,Eagle Mountain,Utah,40.3144,-111.9849,1.11,0,0.0,0.0,0.0,False,False
2026-10-02,US,East Greenwich,Rhode Island,41.6604,-71.4559,3.02,0,0.0,0.0,0.0,False,False
2026-10-02,US,Eden Prairie,Minnesota,44.8547,-93.4708,6.63,0,0.0,0.0,0.0,False,False
2026-10-02,US,Edmond,Oklahoma,35.6528,-97.4781,30.689999999999998,0,0.0,0.0,0.1259842519685039,False,False
2026-10-02,US,Eliot,Maine,43.1531,-70.8001,1.9000000000000001,0,0.0,0.0,0.0354330708661417,False,False
2026-10-02,US,Elkhorn,Nebraska,41.345,-96.256,4.73,0,0.0,0.0,0.0,False,False
2026-10-02,US,Essex Junction,Vermont,44.4906,-73.111,1.94,0,0.0,0.0,0.4803149606299212,True,True
2026-10-02,US,Eugene,Oregon,44.0521,-123.0868,10.39,0,0.0,0.0,0.0,False,False
2026-10-02,US,Evanston,Illinois,42.0411,-87.6901,14.3,0,0.0,0.0,0.6732283464566929,True,True
2026-10-02,US,Ewa Beach,Hawaii,21.3156,-158.0072,13.33,0,0.0,0.0,0.3307086614173228,True,True
2026-10-02,US,Exeter,New Hampshire,42.9815,-70.9478,3.0300000000000002,0,0.0,0.0,0.0472440944881889,False,False
2026-10-02,US,Fairbanks,Alaska,64.8378,-147.7164,1.78,0,0.0,0.0,0.0,False,False
2026-10-02,US,Fairfax,Virginia,38.8462,-77.3064,23.71,0,0.0,0.0,0.0275590551181102,False,False
2026-10-02,US,Fairfield,Connecticut,41.1412,-73.2637,12.52,0,0.0,0.0,0.0944881889763779,False,False
2026-10-02,US,Fairhope,Alabama,30.523,-87.9033,7.96,0,0.0,0.0,0.2362204724409448,True,True
2026-10-02,US,Falmouth,Maine,43.7295,-70.242,3.35,0,0.0,0.0,0.0984251968503936,False,False
2026-10-02,US,Fargo,North Dakota,46.8772,-96.7898,5.29,0,0.0,0.0,0.0,False,False
2026-10-02,US,Fayetteville,Arkansas,36.0626,-94.1574,7.63,0,0.0,0.0,0.2795275590551181,True,True
2026-10-02,US,Fort Collins,Colorado,40.5853,-105.0844,11.22,0,0.0,0.0,0.0,False,False
2026-10-02,US,Fort Wayne,Indiana,41.1306,-85.1289,16.46,0,0.0,0.0,0.7440944881889763,True,True
2026-10-02,US,Fort Worth,Texas,32.7254,-97.3208,50.5,0,0.0,0.0,0.0866141732283464,False,False
2026-10-02,US,Franklin,Tennessee,35.9251,-86.8689,24.34,0,0.0,0.0,0.1456692913385827,False,False
2026-10-02,US,Gilbert,Arizona,33.3528,-111.789,10.83,0,0.0,0.0,0.0,False,False
2026-10-02,US,Grand Forks,North Dakota,47.9253,-97.0328,0.74,0,0.0,0.0,0.0,False,False
2026-10-02,US,Grand Rapids,Michigan,42.9634,-85.6681,24.38,0,0.0,0.0,0.3307086614173228,True,True
2026-10-02,US,Great Falls,Montana,47.5002,-111.3008,2.38,0,0.0,0.0,0.0,False,False
2026-10-02,US,Greenville,South Carolina,34.8526,-82.394,28.98,0,0.0,0.0,0.0,False,False
2026-10-02,US,Greenwich,Connecticut,41.0265,-73.6285,33.99,0,0.0,0.0,0.0590551181102362,False,False
2026-10-02,US,Gulfport,Mississippi,30.3674,-89.0928,5.24,0,0.0,0.0,0.1850393700787401,False,False
2026-10-02,US,Hampton,New Hampshire,42.9376,-70.8389,4.73,0,0.0,0.0,0.0236220472440944,False,False
2026-10-02,US,Hattiesburg,Mississippi,31.3271,-89.2903,2.9,0,0.0,0.0,0.0433070866141732,False,False
2026-10-02,US,Henderson,Nevada,36.0397,-114.9819,17.84,0,0.0,0.0,0.0,False,False
2026-10-02,US,Hoboken,New Jersey,40.744,-74.0324,24.419999999999998,0,0.0,0.0,0.0078740157480314,False,False
2026-10-02,US,Honolulu,Hawaii,21.3069,-157.8583,67.4,0,0.0,0.0,0.1929133858267716,False,False
2026-10-02,US,Houston,Texas,29.7633,-95.3633,223.65,20,0.0,0.0,0.3897637795275591,True,True
2026-10-02,US,Huntington,West Virginia,38.4192,-82.4452,4.0200000000000005,0,0.0,0.0,0.1338582677165354,False,False
2026-10-02,US,Huntsville,Alabama,34.7304,-86.5859,23.99,0,0.0,0.0,0.0393700787401574,False,False
2026-10-02,US,Hurricane,West Virginia,38.4326,-82.0201,2.08,0,0.0,0.0,0.0826771653543307,False,False
2026-10-02,US,Hyde Park,Vermont,44.5939,-72.6165,1.6700000000000002,0,0.0,0.0,0.484251968503937,True,True
2026-10-02,US,Indianapolis,Indiana,39.7684,-86.158,38.89,0,0.0,0.0,0.5039370078740157,True,True
2026-10-02,US,Iowa City,Iowa,41.6611,-91.5302,5.88,0,0.0,0.0,0.0511811023622047,False,False
2026-10-02,US,Jackson,Mississippi,32.2988,-90.1848,3.21,0,0.0,0.0,0.5433070866141733,True,True
2026-10-02,US,Jersey City,New Jersey,40.7282,-74.0776,47.32,0,0.0,0.0,0.0078740157480314,False,False
2026-10-02,US,Jonesboro,Arkansas,35.8423,-90.7043,7.61,0,0.0,0.0,0.4645669291338583,True,True
2026-10-02,US,Kailua,Hawaii,21.4024,-157.7405,9.32,0,0.0,0.0,0.1456692913385827,False,False
2026-10-02,US,Kalispell,Montana,48.1958,-114.3129,2.95,0,0.0,0.0,0.0,False,False
2026-10-02,US,Kaneohe,Hawaii,21.3999,-157.799,8.61,0,0.0,0.0,0.1456692913385827,False,False
2026-10-02,US,Kansas City,Missouri,39.0997,-94.5786,23.8,0,0.0,0.0,0.7283464566929134,True,True
2026-10-02,US,Knoxville,Tennessee,35.9606,-83.9207,33.3,0,0.0,0.0,0.0196850393700787,False,False
2026-10-02,US,Kuna,Idaho,43.4918,-116.4201,6.11,0,0.0,0.0,0.0,False,False
2026-10-02,US,Lafayette,Louisiana,30.2241,-92.0198,19.7,0,0.0,0.0,0.3897637795275591,True,True
2026-10-02,US,Lake Oswego,Oregon,45.4207,-122.6706,14.58,0,0.0,0.0,0.0,False,False
2026-10-02,US,Lancaster,Pennsylvania,40.0379,-76.3055,14.58,0,0.0,0.0,0.0866141732283464,False,False
2026-10-02,US,Las Cruces,New Mexico,32.3123,-106.7783,5.79,0,0.0,0.0,0.0787401574803149,False,False
2026-10-02,US,Las Vegas,Nevada,36.175,-115.1372,48.61,0,0.0,0.0,0.0,False,False
2026-10-02,US,Lawrence,Kansas,38.9717,-95.2352,5.69,0,0.0,0.0,0.6968503937007874,True,True
2026-10-02,US,Leawood,Kansas,38.9667,-94.6169,5.21,0,0.0,0.0,0.437007874015748,True,True
2026-10-02,US,Lennox,South Dakota,43.3541,-96.892,1.5,0,0.0,0.0,0.0,False,False
2026-10-02,US,Lewes,Delaware,38.7746,-75.1393,7.42,0,0.0,0.0,0.0,False,False
2026-10-02,US,Lexington,Kentucky,37.9887,-84.4777,29.2,0,0.0,0.0,0.3700787401574803,True,True
2026-10-02,US,Lincoln,Nebraska,40.8,-96.667,8.540000000000001,0,0.0,0.0,0.0,False,False
2026-10-02,US,Little Rock,Arkansas,34.7465,-92.2896,20.66,0,0.0,0.0,0.7874015748031495,True,True
2026-10-02,US,Littleton,Colorado,39.6133,-105.0166,13.18,0,0.0,0.0,0.0,False,False
2026-10-02,US,Los Alamos,New Mexico,35.8881,-106.307,2.64,0,0.0,0.0,0.0,False,False
2026-10-02,US,Los Angeles,California,34.0522,-118.2437,195.48999999999998,25,0.0,0.0,0.0,False,False
2026-10-02,US,Louisville,Kentucky,38.2542,-85.7594,42.4,0,0.0,0.0,0.3937007874015747,True,True
2026-10-02,US,Macomb,Michigan,42.7009,-82.9591,7.5,0,0.0,0.0,1.0354330708661417,True,True
2026-10-02,US,Madison,Alabama,34.6993,-86.7483,9.450000000000001,0,0.0,0.0,0.0433070866141732,False,False
2026-10-02,US,Madison,Mississippi,32.4618,-90.1154,6.0,0,0.0,0.0,0.1141732283464566,False,False
2026-10-02,US,Madison,South Dakota,44.0061,-97.114,0.99,0,0.0,0.0,0.0,False,False
2026-10-02,US,Madison,Wisconsin,43.073,-89.4012,16.64,0,0.0,0.0,0.0354330708661417,False,False
2026-10-02,US,Manchester,New Hampshire,42.9956,-71.4548,6.79,0,0.0,0.0,0.0236220472440944,False,False
2026-10-02,US,Marietta,Georgia,33.9526,-84.5499,45.41,0,0.0,0.0,0.0236220472440944,False,False
2026-10-02,US,Memphis,Tennessee,35.1495,-90.049,25.9,0,0.0,0.0,0.6062992125984252,True,True
2026-10-02,US,Meridian,Idaho,43.6121,-116.3915,8.0,0,0.0,0.0,0.0,False,False
2026-10-02,US,Mesa,Arizona,33.4223,-111.8226,11.15,0,0.0,0.0,0.0,False,False
2026-10-02,US,Metairie,Louisiana,29.9841,-90.1528,12.08,0,0.0,0.0,0.0826771653543307,False,False
2026-10-02,US,Miami,Florida,25.7743,-80.1937,218.52,19,0.0,0.0,0.1692913385826771,False,False
2026-10-02,US,Middlesboro,Kentucky,36.6084,-83.7166,1.85,0,0.0,0.0,0.1377952755905512,False,False
2026-10-02,US,Middletown,Delaware,39.4496,-75.7163,3.8400000000000003,0,0.0,0.0,0.0748031496062992,False,False
2026-10-02,US,Mililani,Hawaii,21.4504,-158.015,7.26,0,0.0,0.0,0.2007874015748031,True,True
2026-10-02,US,Milwaukee,Wisconsin,43.0389,-87.9065,21.03,0,0.0,0.0,0.2480314960629921,True,True
2026-10-02,US,Minneapolis,Minnesota,44.98,-93.2638,42.14,0,0.0,0.0,0.0,False,False
2026-10-02,US,Minnetonka,Minnesota,44.9133,-93.5033,5.39,0,0.0,0.0,0.0,False,False
2026-10-02,US,Missoula,Montana,46.8722,-113.994,2.28,0,0.0,0.0,0.0,False,False
2026-10-02,US,Mobile,Alabama,30.6944,-88.043,13.08,0,0.0,0.0,0.2559055118110236,True,True
2026-10-02,US,Morgantown,West Virginia,39.6295,-79.9559,8.22,0,0.0,0.0,0.1496062992125984,False,False
2026-10-02,US,Morristown,New Jersey,40.7968,-74.4815,16.35,0,0.0,0.0,0.0393700787401574,False,False
2026-10-02,US,Mount Pleasant,South Carolina,32.7941,-79.8626,17.0,0,0.0,0.0,0.0472440944881889,False,False
2026-10-02,US,Myrtle Beach,South Carolina,33.6891,-78.8867,19.86,0,0.0,0.0,0.0354330708661417,False,False
2026-10-02,US,Naperville,Illinois,41.7859,-88.1473,24.45,0,0.0,0.0,0.7992125984251969,True,True
2026-10-02,US,Naples,Florida,26.1423,-81.796,61.56,0,0.0,0.0,0.3779527559055118,True,True
2026-10-02,US,Nashua,New Hampshire,42.7654,-71.4676,6.91,0,0.0,0.0,0.0590551181102362,False,False
2026-10-02,US,Nashville,Tennessee,36.1659,-86.7844,57.25,0,0.0,0.0,0.3149606299212598,True,True
2026-10-02,US,New Canaan,Connecticut,41.1468,-73.4948,13.46,0,0.0,0.0,0.1102362204724409,False,False
2026-10-02,US,New Castle,Delaware,39.6595,-75.5636,8.02,0,0.0,0.0,0.0748031496062992,False,False
2026-10-02,US,New Orleans,Louisiana,29.9546,-90.0751,26.05,0,0.0,0.0,0.0826771653543307,False,False
2026-10-02,US,New York,New York,40.7143,-74.006,630.24,75,0.0,0.0,0.0078740157480314,False,False
2026-10-02,US,Newark,Delaware,39.6837,-75.7497,8.69,0,0.0,0.0,0.0905511811023622,False,False
2026-10-02,US,Norman,Oklahoma,35.2226,-97.4395,9.22,0,0.0,0.0,0.0787401574803149,False,False
2026-10-02,US,North Las Vegas,Nevada,36.1989,-115.1175,1.6700000000000002,0,0.0,0.0,0.0,False,False
2026-10-02,US,Norwalk,Connecticut,41.1176,-73.4079,10.99,0,0.0,0.0,0.1062992125984252,False,False
2026-10-02,US,Oakland,California,37.8044,-122.2708,53.98,16,0.0,0.0,0.0,False,False
2026-10-02,US,Oklahoma City,Oklahoma,35.4676,-97.5164,18.53,0,0.0,0.0,0.0905511811023622,False,False
2026-10-02,US,Olathe,Kansas,38.8814,-94.8191,9.35,0,0.0,0.0,0.6889763779527559,True,True
2026-10-02,US,Omaha,Nebraska,41.2563,-95.9404,18.78,0,0.0,0.0,0.0,False,False
2026-10-02,US,Orlando,Florida,28.5383,-81.3792,78.79,16,0.0,0.0,1.0196850393700787,True,True
2026-10-02,US,Overland Park,Kansas,38.9822,-94.6708,17.5,0,0.0,0.0,0.6259842519685039,True,True
2026-10-02,US,Paducah,Kentucky,37.0834,-88.6,6.69,0,0.0,0.0,1.6141732283464567,True,True
2026-10-02,US,Papillion,Nebraska,41.1544,-96.0422,3.02,0,0.0,0.0,0.0,False,False
2026-10-02,US,Park City,Utah,40.6461,-111.498,5.87,0,0.0,0.0,0.0,False,False
2026-10-02,US,Philadelphia,Pennsylvania,39.9524,-75.1636,88.18,16,0.0,0.0,0.0157480314960629,False,False
2026-10-02,US,Phoenix,Arizona,33.4484,-112.074,37.1,0,0.0,0.0,0.0,False,False
2026-10-02,US,Pittsburgh,Pennsylvania,40.4406,-79.9959,54.82,2,0.0,0.0,0.2322834645669291,True,True
2026-10-02,US,Plymouth,Michigan,42.3714,-83.4702,8.79,0,0.0,0.0,1.1456692913385826,True,True
2026-10-02,US,Plymouth,Minnesota,45.0105,-93.4555,9.8,0,0.0,0.0,0.0,False,False
2026-10-02,US,Portland,Maine,43.6574,-70.2589,7.34,0,0.0,0.0,0.0787401574803149,False,False
2026-10-02,US,Portland,Oregon,45.5234,-122.6762,82.52,16,0.0,0.0,0.0,False,False
2026-10-02,US,Portsmouth,New Hampshire,43.077,-70.7577,4.16,0,0.0,0.0,0.0354330708661417,False,False
2026-10-02,US,Princeton,New Jersey,40.3487,-74.659,12.2,0,0.0,0.0,0.0118110236220472,False,False
2026-10-02,US,Providence,Rhode Island,41.824,-71.4128,11.95,0,0.0,0.0,0.0393700787401574,False,False
2026-10-02,US,Raleigh,North Carolina,35.7721,-78.6386,54.27,0,0.0,0.0,0.0,False,False
2026-10-02,US,Rapid City,South Dakota,44.0805,-103.231,2.62,0,0.0,0.0,0.0,False,False
2026-10-02,US,Reading,Massachusetts,42.5256,-71.0953,76.68,20,0.0,0.0,0.0984251968503936,False,False
2026-10-02,US,Reno,Nevada,39.5296,-119.8138,15.94,0,0.0,0.0,0.0,False,False
2026-10-02,US,Richmond,Virginia,37.5538,-77.4603,38.01,0,0.0,0.0,0.0,False,False
2026-10-02,US,Rock Springs,Wyoming,41.5875,-109.2029,2.65,0,0.0,0.0,0.0,False,False
2026-10-02,US,Rockville,Maryland,39.084,-77.1528,16.6,0,0.0,0.0,0.2125984251968504,True,True
2026-10-02,US,Rogers,Arkansas,36.332,-94.1185,8.24,0,0.0,0.0,0.1732283464566929,False,False
2026-10-02,US,Saint Charles,Missouri,38.7839,-90.4812,9.02,0,0.0,0.0,0.2677165354330708,True,True
2026-10-02,US,Saint Louis,Missouri,38.6517,-90.2053,40.6,0,0.0,0.0,0.5039370078740157,True,True
2026-10-02,US,Saint Paul,Minnesota,44.9444,-93.0933,21.26,0,0.0,0.0,0.0,False,False
2026-10-02,US,Salem,Oregon,44.9429,-123.0351,8.56,0,0.0,0.0,0.0,False,False
2026-10-02,US,Salt Lake City,Utah,40.7608,-111.891,13.67,0,0.0,0.0,0.0,False,False
2026-10-02,US,San Antonio,Texas,29.4241,-98.4936,61.839999999999996,16,0.0,0.0,0.7559055118110236,True,True
2026-10-02,US,San Diego,California,32.7157,-117.1647,99.77,18,0.0,0.0,0.0,False,False
2026-10-02,US,San Francisco,California,37.7749,-122.4194,201.31,22,0.0,0.0,0.0,False,False
2026-10-02,US,San Jose,California,37.3394,-121.895,79.08,16,0.0,0.0,0.0,False,False
2026-10-02,US,Sandy,Utah,40.5916,-111.8841,4.74,0,0.0,0.0,0.0,False,False
2026-10-02,US,Santa Fe,New Mexico,35.687,-105.9378,8.22,0,0.0,0.0,0.0,False,False
2026-10-02,US,Savannah,Georgia,32.0835,-81.0998,25.86,0,0.0,0.0,0.1338582677165354,False,False
2026-10-02,US,Scarborough,Maine,43.5781,-70.3217,4.91,0,0.0,0.0,0.0629921259842519,False,False
2026-10-02,US,Scottsdale,Arizona,33.5092,-111.899,30.2,0,0.0,0.0,0.0,False,False
2026-10-02,US,Seattle,Washington,47.6062,-122.3321,124.35,19,0.0,0.0,0.0,False,False
2026-10-02,US,Sheridan,Wyoming,44.7972,-106.9562,3.33,0,0.0,0.0,0.0,False,False
2026-10-02,US,Shreveport,Louisiana,32.5251,-93.7502,23.44,0,0.0,0.0,0.2047244094488189,True,True
2026-10-02,US,Silver Spring,Maryland,38.9907,-77.0261,17.81,0,0.0,0.0,0.0511811023622047,False,False
2026-10-02,US,Sioux Falls,South Dakota,43.55,-96.7003,4.94,0,0.0,0.0,0.0,False,False
2026-10-02,US,Sitka,Alaska,57.0532,-135.3309,1.28,0,0.0,0.0,0.1220472440944882,False,False
2026-10-02,US,Somerville,Massachusetts,42.3876,-71.0995,14.75,0,0.0,0.0,0.0629921259842519,False,False
2026-10-02,US,South Burlington,Vermont,44.467,-73.171,3.77,0,0.0,0.0,0.4960629921259842,True,True
2026-10-02,US,South Jordan,Utah,40.5622,-111.9297,7.36,0,0.0,0.0,0.0,False,False
2026-10-02,US,Southaven,Mississippi,34.989,-90.0126,3.4,0,0.0,0.0,0.1062992125984252,False,False
2026-10-02,US,Spokane,Washington,47.6569,-117.425,7.85,0,0.0,0.0,0.0,False,False
2026-10-02,US,Springfield,Missouri,37.2153,-93.2982,9.14,0,0.0,0.0,0.0669291338582677,False,False
2026-10-02,US,Stamford,Connecticut,41.0534,-73.5387,13.13,0,0.0,0.0,0.1102362204724409,False,False
2026-10-02,US,Staten Island,New York,40.5623,-74.1399,40.15,0,0.0,0.0,0.0118110236220472,False,False
2026-10-02,US,Stowe,Vermont,44.4653,-72.6846,2.65,0,0.0,0.0,0.6692913385826772,True,True
2026-10-02,US,Tacoma,Washington,47.2529,-122.4443,18.080000000000002,0,0.0,0.0,0.0039370078740157,False,False
2026-10-02,US,Tampa,Florida,27.9475,-82.4584,56.19,0,0.0,0.0,0.5551181102362205,True,True
2026-10-02,US,Tijeras,New Mexico,35.0809,-106.3881,2.31,0,0.0,0.0,0.0,False,False
2026-10-02,US,Tucson,Arizona,32.2217,-110.9265,32.46,0,0.0,0.0,0.0,False,False
2026-10-02,US,Tulsa,Oklahoma,36.154,-95.9928,36.37,0,0.0,0.0,0.1181102362204724,False,False
2026-10-02,US,Vancouver,Washington,45.6387,-122.6615,21.93,0,0.0,0.0,0.0,False,False
2026-10-02,US,Virginia Beach,Virginia,36.8529,-75.978,38.62,0,0.0,0.0,0.0,False,False
2026-10-02,US,Warwick,Rhode Island,41.7001,-71.4162,3.76,0,0.0,0.0,0.0,False,False
2026-10-02,US,Washington,District of Columbia,38.8951,-77.0364,142.19,19,0.0,0.0,0.0157480314960629,False,False
2026-10-02,US,Wasilla,Alaska,61.5809,-149.4415,0.81,0,0.0,0.0,0.0944881889763779,False,False
2026-10-02,US,Waukesha,Wisconsin,43.0117,-88.2315,5.3,0,0.0,0.0,0.2283464566929133,True,True
2026-10-02,US,West Chester,Pennsylvania,39.961,-75.608,14.16,0,0.0,0.0,0.0393700787401574,False,False
2026-10-02,US,West Des Moines,Iowa,41.5772,-93.7113,4.43,0,0.0,0.0,0.0,False,False
2026-10-02,US,West Fargo,North Dakota,46.875,-96.9004,3.19,0,0.0,0.0,0.0,False,False
2026-10-02,US,West Lafayette,Indiana,40.4259,-86.9081,7.390000000000001,0,0.0,0.0,0.4330708661417323,True,True
2026-10-02,US,Westfield,New Jersey,40.659,-74.3474,14.98,0,0.0,0.0,0.0196850393700787,False,False
2026-10-02,US,Wheeling,West Virginia,40.064,-80.7209,4.66,0,0.0,0.0,0.2519685039370078,True,True
2026-10-02,US,Whitefish Bay,Wisconsin,43.1133,-87.9001,5.39,0,0.0,0.0,0.2204724409448818,True,True
2026-10-02,US,Wichita,Kansas,37.6922,-97.3375,18.8,0,0.0,0.0,1.5708661417322831,True,True
2026-10-02,US,Wilmette,Illinois,42.0722,-87.7228,13.290000000000001,0,0.0,0.0,0.6732283464566929,True,True
2026-10-02,US,Wilmington,Delaware,39.746,-75.5466,22.38,0,0.0,0.0,0.0669291338582677,False,False
2026-10-02,US,Wilmington,North Carolina,34.2356,-77.946,25.34,0,0.0,0.0,0.0,False,False
