Date,Region,City,State,Lat,Lon,Revenue,Units,Weather_Action
2026-09-24,UK,London,England,51.509,-0.126,46.48,1,
2026-09-24,UK,Bristol,England,51.455,-2.597,6.27,0,
2026-09-24,UK,Swindon,England,51.558,-1.781,3.29,0,
2026-09-24,UK,Sheffield,England,53.383,-1.466,2.7,0,
2026-09-24,UK,Glasgow,Scotland,55.865,-4.258,2.21,0,
2026-09-24,UK,Birmingham,England,52.481,-1.9,1.8,0,
2026-09-24,UK,Hove,England,50.831,-0.167,1.8,0,
2026-09-24,UK,Edinburgh,Scotland,55.952,-3.196,1.74,0,
2026-09-24,UK,Manchester,England,53.481,-2.237,1.72,0,
2026-09-24,UK,Brighton,England,50.828,-0.139,1.46,0,
2026-09-24,UK,Cardiff,Wales,51.48,-3.18,1.18,0,
2026-09-24,UK,Dunfermline,Scotland,56.072,-3.459,0.88,0,
2026-09-24,UK,Aberdeen,Scotland,57.144,-2.098,0.87,0,
2026-09-24,UK,Aberdare,Wales,51.714,-3.449,0.83,0,
2026-09-24,UK,Newry,Northern Ireland,54.178,-6.337,0.82,0,
2026-09-24,UK,Banchory,Scotland,57.052,-2.488,0.53,0,
2026-09-24,UK,Port Talbot,Wales,51.592,-3.78,0.45,0,
2026-09-24,UK,Barrhead,Scotland,55.799,-4.393,0.44,0,
2026-09-24,UK,Belfast,Northern Ireland,54.597,-5.925,0.43,0,
2026-09-24,UK,Merthyr Tydfil,Wales,51.748,-3.378,0.43,0,
2026-09-24,UK,Balerno,Scotland,55.884,-3.34,0.41,0,
2026-09-24,UK,Clarbeston Road,Wales,51.851,-4.881,0.4,0,
2026-09-24,UK,Craigavon,Northern Ireland,54.447,-6.387,0.39,0,
2026-09-24,UK,Cwmbran,Wales,51.654,-3.023,0.39,0,
2026-09-24,UK,Dromara,Northern Ireland,54.367,-6.017,0.37,0,
2026-09-24,UK,Llanidloes,Wales,52.45,-3.54,0.37,0,
2026-09-24,UK,Swansea,Wales,51.621,-3.944,0.37,0,
2026-09-24,UK,Aboyne,Scotland,57.075,-2.78,0.34,0,
2026-09-24,US,New York,New York,40.714,-74.006,1886.6100000000001,95,
2026-09-24,US,Brooklyn,New York,40.65,-73.95,944.86,39,
2026-09-24,US,Chicago,Illinois,41.85,-87.65,709.86,23,
2026-09-24,US,Houston,Texas,29.763,-95.363,669.02,15,
2026-09-24,US,Miami,Florida,25.774,-80.194,653.65,12,
2026-09-24,US,San Francisco,California,37.775,-122.419,602.35,17,
2026-09-24,US,Los Angeles,California,34.052,-118.244,584.6899999999999,19,
2026-09-24,US,Washington,District of Columbia,38.895,-77.036,425.21999999999997,8,
2026-09-24,US,Austin,Texas,30.267,-97.743,373.92,6,
2026-09-24,US,Seattle,Washington,47.606,-122.332,371.86,6,
2026-09-24,US,Dallas,Texas,32.783,-96.807,362.7,4,
2026-09-24,US,San Diego,California,32.716,-117.165,298.52,5,
2026-09-24,US,Atlanta,Georgia,33.749,-84.388,290.55,3,
2026-09-24,US,Philadelphia,Pennsylvania,39.952,-75.164,263.7,4,
2026-09-24,US,Charlotte,North Carolina,35.227,-80.843,255.0,1,
2026-09-24,US,Portland,Oregon,45.523,-122.676,246.82999999999998,2,
2026-09-24,US,Boston,Massachusetts,42.358,-71.06,239.86,1,
2026-09-24,US,San Jose,California,37.339,-121.895,236.62,4,
2026-09-24,US,Orlando,Florida,28.538,-81.379,235.65,1,
2026-09-24,US,Reading,Massachusetts,42.526,-71.095,229.46,13,
2026-09-24,US,Alexandria,Virginia,38.805,-77.047,204.73,1,
2026-09-24,US,Honolulu,Hawaii,21.307,-157.858,201.58,1,
2026-09-24,US,San Antonio,Texas,29.424,-98.494,184.97,1,
2026-09-24,US,Naples,Florida,26.142,-81.796,184.13,1,
2026-09-24,US,Cincinnati,Ohio,39.127,-84.514,179.31,1,
2026-09-24,US,Nashville,Tennessee,36.166,-86.784,171.12,1,
2026-09-24,US,Tampa,Florida,27.948,-82.458,167.95,1,
2026-09-24,US,Pittsburgh,Pennsylvania,40.441,-79.996,164.06,1,
2026-09-24,US,Raleigh,North Carolina,35.772,-78.639,162.42,1,
2026-09-24,US,Oakland,California,37.804,-122.271,161.48,1,
2026-09-24,US,Fort Worth,Texas,32.725,-97.321,151.01,1,
2026-09-24,US,Columbus,Ohio,39.961,-82.999,149.75,1,
2026-09-24,US,Arlington,Virginia,38.881,-77.104,146.93,1,
2026-09-24,US,Las Vegas,Nevada,36.175,-115.137,145.45,1,
2026-09-24,US,Boca Raton,Florida,26.359,-80.083,144.81,1,
2026-09-24,US,Jersey City,New Jersey,40.728,-74.078,141.56,1,
2026-09-24,US,Marietta,Georgia,33.953,-84.55,135.78,1,
2026-09-24,US,Denver,Colorado,39.739,-104.985,135.69,1,
2026-09-24,US,Louisville,Kentucky,38.254,-85.759,126.76,1,
2026-09-24,US,Minneapolis,Minnesota,44.98,-93.264,126.14,1,
2026-09-24,US,Saint Louis,Missouri,38.652,-90.205,121.52,1,
2026-09-24,US,Staten Island,New York,40.562,-74.14,119.98,1,
2026-09-24,US,Indianapolis,Indiana,39.768,-86.158,116.39,1,
2026-09-24,US,Virginia Beach,Virginia,36.853,-75.978,115.46,1,
2026-09-24,US,Richmond,Virginia,37.554,-77.46,113.52,1,
2026-09-24,US,Phoenix,Arizona,33.448,-112.074,110.9,1,
2026-09-24,US,Bronx,New York,40.85,-73.866,109.4,1,
2026-09-24,US,Tulsa,Oklahoma,36.154,-95.993,108.69,0,
2026-09-24,US,Greenwich,Connecticut,41.026,-73.628,101.81,0,
2026-09-24,US,Baton Rouge,Louisiana,30.443,-91.187,100.73,0,
2026-09-24,US,Knoxville,Tennessee,35.961,-83.921,99.72,0,
2026-09-24,US,Tucson,Arizona,32.222,-110.926,97.15,1,
2026-09-24,US,Bethesda,Maryland,38.981,-77.1,93.77,0,
2026-09-24,US,Edmond,Oklahoma,35.653,-97.478,91.87,1,
2026-09-24,US,Scottsdale,Arizona,33.509,-111.899,90.28999999999999,0,
2026-09-24,US,Birmingham,Alabama,33.521,-86.802,89.78999999999999,0,
2026-09-24,US,Baltimore,Maryland,39.29,-76.612,89.73,0,
2026-09-24,US,Lexington,Kentucky,37.989,-84.478,87.38,0,
2026-09-24,US,Greenville,South Carolina,34.853,-82.394,86.57000000000001,0,
2026-09-24,US,Cambridge,Massachusetts,42.375,-71.106,86.16,1,
2026-09-24,US,New Orleans,Louisiana,29.955,-90.075,77.85,0,
2026-09-24,US,Charleston,South Carolina,32.776,-79.933,77.59,0,
2026-09-24,US,Memphis,Tennessee,35.15,-90.049,77.3,0,
2026-09-24,US,Savannah,Georgia,32.084,-81.1,77.24,0,
2026-09-24,US,Wilmington,North Carolina,34.236,-77.946,75.76,0,
2026-09-24,US,Albuquerque,New Mexico,35.084,-106.651,75.14,0,
2026-09-24,US,Hoboken,New Jersey,40.744,-74.032,73.12,0,
2026-09-24,US,Naperville,Illinois,41.786,-88.147,73.05,0,
2026-09-24,US,Grand Rapids,Michigan,42.963,-85.668,72.92999999999999,0,
2026-09-24,US,Franklin,Tennessee,35.925,-86.869,72.69,0,
2026-09-24,US,Huntsville,Alabama,34.73,-86.586,71.76,0,
2026-09-24,US,Kansas City,Missouri,39.1,-94.579,71.2,0,
2026-09-24,US,Fairfax,Virginia,38.846,-77.306,70.88,0,
2026-09-24,US,Shreveport,Louisiana,32.525,-93.75,70.12,0,
2026-09-24,US,Colorado Springs,Colorado,38.834,-104.821,70.07000000000001,0,
2026-09-24,US,Wilmington,Delaware,39.746,-75.547,66.95,0,
2026-09-24,US,Ann Arbor,Michigan,42.278,-83.741,66.53,0,
2026-09-24,US,Astoria,New York,40.772,-73.93,65.95,0,
2026-09-24,US,Vancouver,Washington,45.639,-122.661,65.66,0,
2026-09-24,US,Bellevue,Washington,47.61,-122.201,65.58,0,
2026-09-24,US,Carmel,Indiana,39.978,-86.118,65.45,0,
2026-09-24,US,Alpharetta,Georgia,34.075,-84.294,63.91,0,
2026-09-24,US,Saint Paul,Minnesota,44.944,-93.093,63.58,0,
2026-09-24,US,Milwaukee,Wisconsin,43.039,-87.906,62.74,0,
2026-09-24,US,Little Rock,Arkansas,34.746,-92.29,61.74,0,
2026-09-24,US,Myrtle Beach,South Carolina,33.689,-78.887,59.43,0,
2026-09-24,US,Lafayette,Louisiana,30.224,-92.02,59.04,0,
2026-09-24,US,Dayton,Ohio,39.759,-84.192,57.11,0,
2026-09-24,US,Chapel Hill,North Carolina,35.913,-79.056,56.58,0,
2026-09-24,US,Omaha,Nebraska,41.256,-95.94,56.18,0,
2026-09-24,US,Wichita,Kansas,37.692,-97.338,56.089999999999996,0,
2026-09-24,US,Columbia,South Carolina,34.001,-81.035,55.69,0,
2026-09-24,US,Oklahoma City,Oklahoma,35.468,-97.516,55.440000000000005,0,
2026-09-24,US,Tacoma,Washington,47.253,-122.444,53.96,0,
2026-09-24,US,Durham,North Carolina,35.994,-78.899,53.91,0,
2026-09-24,US,Henderson,Nevada,36.04,-114.982,53.45,1,
2026-09-24,US,Silver Spring,Maryland,38.991,-77.026,53.18,0,
2026-09-24,US,Overland Park,Kansas,38.982,-94.671,52.41,0,
2026-09-24,US,Mount Pleasant,South Carolina,32.794,-79.863,50.89,0,
2026-09-24,US,Madison,Wisconsin,43.073,-89.401,49.85,0,
2026-09-24,US,Rockville,Maryland,39.084,-77.153,49.75,0,
2026-09-24,US,Fort Wayne,Indiana,41.131,-85.129,49.269999999999996,0,
2026-09-24,US,Morristown,New Jersey,40.797,-74.482,48.99,0,
2026-09-24,US,Decatur,Georgia,33.775,-84.296,48.2,0,
2026-09-24,US,Reno,Nevada,39.53,-119.814,47.79,0,
2026-09-24,US,Annapolis,Maryland,38.979,-76.492,46.76,0,
2026-09-24,US,Westfield,New Jersey,40.659,-74.347,44.84,0,
2026-09-24,US,Chattanooga,Tennessee,35.046,-85.31,44.36,0,
2026-09-24,US,Somerville,Massachusetts,42.388,-71.1,43.97,0,
2026-09-24,US,Bloomfield Hills,Michigan,42.584,-83.245,43.76,0,
2026-09-24,US,Lancaster,Pennsylvania,40.038,-76.306,43.65,0,
2026-09-24,US,Lake Oswego,Oregon,45.421,-122.671,43.57,0,
2026-09-24,US,Evanston,Illinois,42.041,-87.69,42.81,0,
2026-09-24,US,West Chester,Pennsylvania,39.961,-75.608,42.32,0,
2026-09-24,US,Salt Lake City,Utah,40.761,-111.891,40.71,0,
2026-09-24,US,New Canaan,Connecticut,41.147,-73.495,40.27,0,
2026-09-24,US,Boise,Idaho,43.614,-116.203,40.12,0,
2026-09-24,US,Ewa Beach,Hawaii,21.316,-158.007,39.85,0,
2026-09-24,US,Wilmette,Illinois,42.072,-87.723,39.68,0,
2026-09-24,US,Dublin,Ohio,40.099,-83.114,39.41,0,
2026-09-24,US,Littleton,Colorado,39.613,-105.017,39.36,0,
2026-09-24,US,Mobile,Alabama,30.694,-88.043,39.16,0,
2026-09-24,US,Stamford,Connecticut,41.053,-73.539,39.13,0,
2026-09-24,US,Doylestown,Pennsylvania,40.31,-75.13,39.11,0,
2026-09-24,US,Fairfield,Connecticut,41.141,-73.264,37.66,0,
2026-09-24,US,Chesterfield,Missouri,38.663,-90.577,37.18,0,
2026-09-24,US,Princeton,New Jersey,40.349,-74.659,36.63,0,
2026-09-24,US,Cleveland,Ohio,41.5,-81.695,36.160000000000004,0,
2026-09-24,US,Metairie,Louisiana,29.984,-90.153,36.03,0,
2026-09-24,US,Providence,Rhode Island,41.824,-71.413,35.65,0,
2026-09-24,US,Bloomington,Indiana,39.165,-86.526,35.46,0,
2026-09-24,US,Downers Grove,Illinois,41.809,-88.011,34.96,0,
2026-09-24,US,Fort Collins,Colorado,40.585,-105.084,33.69,0,
2026-09-24,US,Bentonville,Arkansas,36.373,-94.209,33.64,0,
2026-09-24,US,Mesa,Arizona,33.422,-111.823,33.36,0,
2026-09-24,US,Norwalk,Connecticut,41.118,-73.408,32.86,0,
2026-09-24,US,Aurora,Colorado,39.729,-104.832,32.41,0,
2026-09-24,US,Gilbert,Arizona,33.353,-111.789,32.41,0,
2026-09-24,US,Eugene,Oregon,44.052,-123.087,31.02,0,
2026-09-24,US,Plymouth,Minnesota,45.011,-93.456,29.31,0,
2026-09-24,US,Beaverton,Oregon,45.487,-122.804,29.13,0,
2026-09-24,US,Madison,Alabama,34.699,-86.748,28.26,0,
2026-09-24,US,Olathe,Kansas,38.881,-94.819,27.94,0,
2026-09-24,US,Kailua,Hawaii,21.402,-157.741,27.89,0,
2026-09-24,US,Norman,Oklahoma,35.223,-97.439,27.57,0,
2026-09-24,US,Springfield,Missouri,37.215,-93.298,27.31,0,
2026-09-24,US,Saint Charles,Missouri,38.784,-90.481,26.95,0,
2026-09-24,US,Plymouth,Michigan,42.371,-83.47,26.169999999999998,0,
2026-09-24,US,Newark,Delaware,39.684,-75.75,25.89,0,
2026-09-24,US,Kaneohe,Hawaii,21.4,-157.799,25.61,0,
2026-09-24,US,Lincoln,Nebraska,40.8,-96.667,25.52,0,
2026-09-24,US,Salem,Oregon,44.943,-123.035,25.35,0,
2026-09-24,US,Berkley,Massachusetts,41.846,-71.083,25.240000000000002,0,
2026-09-24,US,Rogers,Arkansas,36.332,-94.119,24.82,0,
2026-09-24,US,Morgantown,West Virginia,39.63,-79.956,24.66,0,
2026-09-24,US,Santa Fe,New Mexico,35.687,-105.938,24.46,0,
2026-09-24,US,Cedar Rapids,Iowa,42.008,-91.644,23.96,0,
2026-09-24,US,New Castle,Delaware,39.659,-75.564,23.78,0,
2026-09-24,US,Meridian,Idaho,43.612,-116.392,23.75,0,
2026-09-24,US,Fairhope,Alabama,30.523,-87.903,23.650000000000002,0,
2026-09-24,US,Spokane,Washington,47.657,-117.425,23.35,0,
2026-09-24,US,Fayetteville,Arkansas,36.063,-94.157,22.75,0,
2026-09-24,US,Jonesboro,Arkansas,35.842,-90.704,22.72,0,
2026-09-24,US,Macomb,Michigan,42.701,-82.959,22.54,0,
2026-09-24,US,Lewes,Delaware,38.775,-75.139,22.22,0,
2026-09-24,US,West Lafayette,Indiana,40.426,-86.908,22.14,0,
2026-09-24,US,South Jordan,Utah,40.562,-111.93,22.04,0,
2026-09-24,US,Portland,Maine,43.657,-70.259,21.99,0,
2026-09-24,US,Mililani,Hawaii,21.45,-158.015,21.580000000000002,0,
2026-09-24,US,Broken Arrow,Oklahoma,36.053,-95.791,21.39,0,
2026-09-24,US,Nashua,New Hampshire,42.765,-71.468,20.77,0,
2026-09-24,US,Manchester,New Hampshire,42.996,-71.455,20.44,0,
2026-09-24,US,Paducah,Kentucky,37.083,-88.6,20.11,0,
2026-09-24,US,Eden Prairie,Minnesota,44.855,-93.471,19.77,0,
2026-09-24,US,Barrington,Rhode Island,41.741,-71.309,18.97,0,
2026-09-24,US,Anchorage,Alaska,61.218,-149.9,18.43,0,
2026-09-24,US,Kuna,Idaho,43.492,-116.42,18.33,0,
2026-09-24,US,Madison,Mississippi,32.462,-90.115,17.99,0,
2026-09-24,US,Iowa City,Iowa,41.661,-91.53,17.52,0,
2026-09-24,US,Park City,Utah,40.646,-111.498,17.51,0,
2026-09-24,US,Las Cruces,New Mexico,32.312,-106.778,17.27,0,
2026-09-24,US,Lawrence,Kansas,38.972,-95.235,16.94,0,
2026-09-24,US,Bowling Green,Kentucky,36.99,-86.444,16.54,0,
2026-09-24,US,Des Moines,Iowa,41.601,-93.609,16.45,0,
2026-09-24,US,Minnetonka,Minnesota,44.913,-93.503,16.23,0,
2026-09-24,US,Whitefish Bay,Wisconsin,43.113,-87.9,16.23,0,
2026-09-24,US,Waukesha,Wisconsin,43.012,-88.231,15.92,0,
2026-09-24,US,Fargo,North Dakota,46.877,-96.79,15.89,0,
2026-09-24,US,Gulfport,Mississippi,30.367,-89.093,15.78,0,
2026-09-24,US,Leawood,Kansas,38.967,-94.617,15.51,0,
2026-09-24,US,Billings,Montana,45.783,-108.501,15.38,0,
2026-09-24,US,Appleton,Wisconsin,44.262,-88.415,14.7,0,
2026-09-24,US,Sioux Falls,South Dakota,43.55,-96.7,14.7,0,
2026-09-24,US,Scarborough,Maine,43.578,-70.322,14.53,0,
2026-09-24,US,Sandy,Utah,40.592,-111.884,14.19,0,
2026-09-24,US,Elkhorn,Nebraska,41.345,-96.256,14.15,0,
2026-09-24,US,Hampton,New Hampshire,42.938,-70.839,14.1,0,
2026-09-24,US,Wheeling,West Virginia,40.064,-80.721,13.82,0,
2026-09-24,US,West Des Moines,Iowa,41.577,-93.711,13.3,0,
2026-09-24,US,Portsmouth,New Hampshire,43.077,-70.758,12.48,0,
2026-09-24,US,Cheyenne,Wyoming,41.14,-104.82,12.17,0,
2026-09-24,US,Huntington,West Virginia,38.419,-82.445,12.07,0,
2026-09-24,US,Bozeman,Montana,45.68,-111.039,11.92,0,
2026-09-24,US,Ames,Iowa,42.035,-93.62,11.6,0,
2026-09-24,US,Middletown,Delaware,39.45,-75.716,11.53,0,
2026-09-24,US,South Burlington,Vermont,44.467,-73.171,11.31,0,
2026-09-24,US,Warwick,Rhode Island,41.7,-71.416,11.25,0,
2026-09-24,US,Eagle,Idaho,43.695,-116.354,10.9,0,
2026-09-24,US,Charleston,West Virginia,38.35,-81.633,10.27,0,
2026-09-24,US,Southaven,Mississippi,34.989,-90.013,10.15,0,
2026-09-24,US,Cranston,Rhode Island,41.78,-71.437,10.06,0,
2026-09-24,US,Falmouth,Maine,43.73,-70.242,10.06,0,
2026-09-24,US,Sheridan,Wyoming,44.797,-106.956,9.94,0,
2026-09-24,US,Jackson,Mississippi,32.299,-90.185,9.62,0,
2026-09-24,US,West Fargo,North Dakota,46.875,-96.9,9.57,0,
2026-09-24,US,Exeter,New Hampshire,42.981,-70.948,9.01,0,
2026-09-24,US,Papillion,Nebraska,41.154,-96.042,8.94,0,
2026-09-24,US,East Greenwich,Rhode Island,41.66,-71.456,8.91,0,
2026-09-24,US,Burlington,Vermont,44.476,-73.212,8.8,0,
2026-09-24,US,Kalispell,Montana,48.196,-114.313,8.73,0,
2026-09-24,US,Hattiesburg,Mississippi,31.327,-89.29,8.7,0,
2026-09-24,US,Rock Springs,Wyoming,41.587,-109.203,7.91,0,
2026-09-24,US,Stowe,Vermont,44.465,-72.685,7.8500000000000005,0,
2026-09-24,US,Los Alamos,New Mexico,35.888,-106.307,7.79,0,
2026-09-24,US,Rapid City,South Dakota,44.081,-103.231,7.67,0,
2026-09-24,US,Bangor,Maine,44.799,-68.773,7.21,0,
2026-09-24,US,Cordova,Alaska,60.543,-145.759,7.1899999999999995,0,
2026-09-24,US,Great Falls,Montana,47.5,-111.301,7.13,0,
2026-09-24,US,Tijeras,New Mexico,35.081,-106.388,6.98,0,
2026-09-24,US,Bismarck,North Dakota,46.808,-100.784,6.71,0,
2026-09-24,US,Missoula,Montana,46.872,-113.994,6.68,0,
2026-09-24,US,Dickinson,North Dakota,46.879,-102.79,6.3,0,
2026-09-24,US,Hurricane,West Virginia,38.433,-82.02,6.19,0,
2026-09-24,US,Bellevue,Nebraska,41.137,-95.891,5.88,0,
2026-09-24,US,Essex Junction,Vermont,44.491,-73.111,5.78,0,
2026-09-24,US,Eliot,Maine,43.153,-70.8,5.6,0,
2026-09-24,US,Middlesboro,Kentucky,36.608,-83.717,5.48,0,
2026-09-24,US,Carson City,Nevada,39.164,-119.767,5.36,0,
2026-09-24,US,Fairbanks,Alaska,64.838,-147.716,5.32,0,
2026-09-24,US,North Las Vegas,Nevada,36.199,-115.118,5.11,0,
2026-09-24,US,Hyde Park,Vermont,44.594,-72.617,4.98,0,
2026-09-24,US,Lennox,South Dakota,43.354,-96.892,4.46,0,
2026-09-24,US,Sitka,Alaska,57.053,-135.331,3.86,0,
2026-09-24,US,Cody,Wyoming,44.526,-109.057,3.4,0,
2026-09-24,US,Eagle Mountain,Utah,40.314,-111.985,3.21,0,
2026-09-24,US,Madison,South Dakota,44.006,-97.114,3.04,0,
2026-09-24,US,Casper,Wyoming,42.867,-106.313,2.58,0,
2026-09-24,US,Coeur D'Alene,Idaho,47.678,-116.78,2.5300000000000002,0,
2026-09-24,US,Wasilla,Alaska,61.581,-149.442,2.47,0,
2026-09-24,US,Grand Forks,North Dakota,47.925,-97.033,2.13,0,
2026-09-24,US,Aberdeen,South Dakota,45.465,-98.486,1.98,0,
2026-09-25,UK,London,England,51.509,-0.126,100.14,1,
2026-09-25,UK,Bristol,England,51.455,-2.597,13.5,0,
2026-09-25,UK,Swindon,England,51.558,-1.781,7.08,0,
2026-09-25,UK,Sheffield,England,53.383,-1.466,5.81,0,
2026-09-25,UK,Glasgow,Scotland,55.865,-4.258,4.76,0,
2026-09-25,UK,Birmingham,England,52.481,-1.9,3.88,0,
2026-09-25,UK,Hove,England,50.831,-0.167,3.88,0,
2026-09-25,UK,Edinburgh,Scotland,55.952,-3.196,3.75,0,
2026-09-25,UK,Manchester,England,53.481,-2.237,3.7,0,
2026-09-25,UK,Brighton,England,50.828,-0.139,3.15,0,
2026-09-25,UK,Cardiff,Wales,51.48,-3.18,2.54,0,
2026-09-25,UK,Dunfermline,Scotland,56.072,-3.459,1.89,0,
2026-09-25,UK,Aberdeen,Scotland,57.144,-2.098,1.88,0,
2026-09-25,UK,Aberdare,Wales,51.714,-3.449,1.78,0,
2026-09-25,UK,Newry,Northern Ireland,54.178,-6.337,1.76,0,
2026-09-25,UK,Banchory,Scotland,57.052,-2.488,1.15,0,
2026-09-25,UK,Port Talbot,Wales,51.592,-3.78,0.98,0,
2026-09-25,UK,Barrhead,Scotland,55.799,-4.393,0.96,0,
2026-09-25,UK,Merthyr Tydfil,Wales,51.748,-3.378,0.93,0,
2026-09-25,UK,Belfast,Northern Ireland,54.597,-5.925,0.92,0,
2026-09-25,UK,Balerno,Scotland,55.884,-3.34,0.88,0,
2026-09-25,UK,Clarbeston Road,Wales,51.851,-4.881,0.85,0,
2026-09-25,UK,Craigavon,Northern Ireland,54.447,-6.387,0.85,0,
2026-09-25,UK,Cwmbran,Wales,51.654,-3.023,0.84,0,
2026-09-25,UK,Llanidloes,Wales,52.45,-3.54,0.8,0,
2026-09-25,UK,Swansea,Wales,51.621,-3.944,0.8,0,
2026-09-25,UK,Dromara,Northern Ireland,54.367,-6.017,0.79,0,
2026-09-25,UK,Aboyne,Scotland,57.075,-2.78,0.73,0,
2026-09-25,US,New York,New York,40.714,-74.006,1728.27,85,
2026-09-25,US,Brooklyn,New York,40.65,-73.95,866.71,46,
2026-09-25,US,Chicago,Illinois,41.85,-87.65,651.29,29,
2026-09-25,US,Houston,Texas,29.763,-95.363,613.63,11,
2026-09-25,US,Miami,Florida,25.774,-80.194,599.57,9,
2026-09-25,US,San Francisco,California,37.775,-122.419,552.52,15,
2026-09-25,US,Los Angeles,California,34.052,-118.244,536.41,20,
2026-09-25,US,Washington,District of Columbia,38.895,-77.036,390.11,8,
2026-09-25,US,Austin,Texas,30.267,-97.743,343.07,7,
2026-09-25,US,Seattle,Washington,47.606,-122.332,341.1,8,
2026-09-25,US,Dallas,Texas,32.783,-96.807,332.77,7,
2026-09-25,US,San Diego,California,32.716,-117.165,273.92,7,
2026-09-25,US,Atlanta,Georgia,33.749,-84.388,266.55,3,
2026-09-25,US,Philadelphia,Pennsylvania,39.952,-75.164,241.8,5,
2026-09-25,US,Charlotte,North Carolina,35.227,-80.843,233.96,2,
2026-09-25,US,Portland,Oregon,45.523,-122.676,226.5,3,
2026-09-25,US,Boston,Massachusetts,42.358,-71.06,220.04,2,
2026-09-25,US,San Jose,California,37.339,-121.895,217.12,3,
2026-09-25,US,Orlando,Florida,28.538,-81.379,216.14000000000001,2,
2026-09-25,US,Reading,Massachusetts,42.526,-71.095,210.48999999999998,10,
2026-09-25,US,Alexandria,Virginia,38.805,-77.047,187.76,2,
2026-09-25,US,Honolulu,Hawaii,21.307,-157.858,184.9,1,
2026-09-25,US,San Antonio,Texas,29.424,-98.494,169.81,2,
2026-09-25,US,Naples,Florida,26.142,-81.796,168.88,1,
2026-09-25,US,Cincinnati,Ohio,39.127,-84.514,164.59,0,
2026-09-25,US,Nashville,Tennessee,36.166,-86.784,156.96,1,
2026-09-25,US,Tampa,Florida,27.948,-82.458,154.13,0,
2026-09-25,US,Pittsburgh,Pennsylvania,40.441,-79.996,150.5,1,
2026-09-25,US,Raleigh,North Carolina,35.772,-78.639,148.99,1,
2026-09-25,US,Oakland,California,37.804,-122.271,148.08,2,
2026-09-25,US,Fort Worth,Texas,32.725,-97.321,138.5,0,
2026-09-25,US,Columbus,Ohio,39.961,-82.999,137.29999999999998,0,
2026-09-25,US,Arlington,Virginia,38.881,-77.104,134.77,1,
2026-09-25,US,Las Vegas,Nevada,36.175,-115.137,133.35,0,
2026-09-25,US,Boca Raton,Florida,26.359,-80.083,132.89000000000001,0,
2026-09-25,US,Jersey City,New Jersey,40.728,-74.078,129.85,1,
2026-09-25,US,Marietta,Georgia,33.953,-84.55,124.67999999999999,0,
2026-09-25,US,Denver,Colorado,39.739,-104.985,124.49,0,
2026-09-25,US,Louisville,Kentucky,38.254,-85.759,116.26,0,
2026-09-25,US,Minneapolis,Minnesota,44.98,-93.264,115.8,1,
2026-09-25,US,Saint Louis,Missouri,38.652,-90.205,111.5,0,
2026-09-25,US,Staten Island,New York,40.562,-74.14,110.09,0,
2026-09-25,US,Indianapolis,Indiana,39.768,-86.158,106.71,0,
2026-09-25,US,Virginia Beach,Virginia,36.853,-75.978,106.0,0,
2026-09-25,US,Richmond,Virginia,37.554,-77.46,104.28999999999999,0,
2026-09-25,US,Phoenix,Arizona,33.448,-112.074,101.77,0,
2026-09-25,US,Bronx,New York,40.85,-73.866,100.38,0,
2026-09-25,US,Tulsa,Oklahoma,36.154,-95.993,99.72,0,
2026-09-25,US,Greenwich,Connecticut,41.026,-73.628,93.42,0,
2026-09-25,US,Baton Rouge,Louisiana,30.443,-91.187,92.38,0,
2026-09-25,US,Knoxville,Tennessee,35.961,-83.921,91.42,0,
2026-09-25,US,Tucson,Arizona,32.222,-110.926,89.15,0,
2026-09-25,US,Bethesda,Maryland,38.981,-77.1,86.03,0,
2026-09-25,US,Edmond,Oklahoma,35.653,-97.478,84.24,0,
2026-09-25,US,Scottsdale,Arizona,33.509,-111.899,82.83,0,
2026-09-25,US,Birmingham,Alabama,33.521,-86.802,82.36,0,
2026-09-25,US,Baltimore,Maryland,39.29,-76.612,82.25,0,
2026-09-25,US,Lexington,Kentucky,37.989,-84.478,80.14,0,
2026-09-25,US,Greenville,South Carolina,34.853,-82.394,79.49,0,
2026-09-25,US,Cambridge,Massachusetts,42.375,-71.106,79.07,0,
2026-09-25,US,New Orleans,Louisiana,29.955,-90.075,71.37,0,
2026-09-25,US,Charleston,South Carolina,32.776,-79.933,71.24,0,
2026-09-25,US,Memphis,Tennessee,35.15,-90.049,70.95,0,
2026-09-25,US,Savannah,Georgia,32.084,-81.1,70.85,0,
2026-09-25,US,Wilmington,North Carolina,34.236,-77.946,69.53,0,
2026-09-25,US,Albuquerque,New Mexico,35.084,-106.651,68.95,0,
2026-09-25,US,Hoboken,New Jersey,40.744,-74.032,67.11,0,
2026-09-25,US,Naperville,Illinois,41.786,-88.147,67.02,0,
2026-09-25,US,Grand Rapids,Michigan,42.963,-85.668,66.93,0,
2026-09-25,US,Franklin,Tennessee,35.925,-86.869,66.71,0,
2026-09-25,US,Huntsville,Alabama,34.73,-86.586,65.84,0,
2026-09-25,US,Kansas City,Missouri,39.1,-94.579,65.35,0,
2026-09-25,US,Fairfax,Virginia,38.846,-77.306,65.07,0,
2026-09-25,US,Shreveport,Louisiana,32.525,-93.75,64.32,0,
2026-09-25,US,Colorado Springs,Colorado,38.834,-104.821,64.27,0,
2026-09-25,US,Wilmington,Delaware,39.746,-75.547,61.44,0,
2026-09-25,US,Ann Arbor,Michigan,42.278,-83.741,61.06,0,
2026-09-25,US,Astoria,New York,40.772,-73.93,60.46,0,
2026-09-25,US,Vancouver,Washington,45.639,-122.661,60.269999999999996,0,
2026-09-25,US,Bellevue,Washington,47.61,-122.201,60.2,0,
2026-09-25,US,Carmel,Indiana,39.978,-86.118,60.07,0,
2026-09-25,US,Alpharetta,Georgia,34.075,-84.294,58.699999999999996,0,
2026-09-25,US,Saint Paul,Minnesota,44.944,-93.093,58.34,0,
2026-09-25,US,Milwaukee,Wisconsin,43.039,-87.906,57.589999999999996,0,
2026-09-25,US,Little Rock,Arkansas,34.746,-92.29,56.71,0,
2026-09-25,US,Myrtle Beach,South Carolina,33.689,-78.887,54.58,0,
2026-09-25,US,Lafayette,Louisiana,30.224,-92.02,54.16,0,
2026-09-25,US,Dayton,Ohio,39.759,-84.192,52.38,0,
2026-09-25,US,Chapel Hill,North Carolina,35.913,-79.056,51.85,0,
2026-09-25,US,Wichita,Kansas,37.692,-97.338,51.480000000000004,0,
2026-09-25,US,Omaha,Nebraska,41.256,-95.94,51.47,0,
2026-09-25,US,Columbia,South Carolina,34.001,-81.035,51.05,0,
2026-09-25,US,Oklahoma City,Oklahoma,35.468,-97.516,50.92,0,
2026-09-25,US,Tacoma,Washington,47.253,-122.444,49.49,0,
2026-09-25,US,Durham,North Carolina,35.994,-78.899,49.44,0,
2026-09-25,US,Henderson,Nevada,36.04,-114.982,49.08,1,
2026-09-25,US,Silver Spring,Maryland,38.991,-77.026,48.74,0,
2026-09-25,US,Overland Park,Kansas,38.982,-94.671,48.089999999999996,0,
2026-09-25,US,Mount Pleasant,South Carolina,32.794,-79.863,46.76,0,
2026-09-25,US,Madison,Wisconsin,43.073,-89.401,45.76,0,
2026-09-25,US,Rockville,Maryland,39.084,-77.153,45.55,0,
2026-09-25,US,Fort Wayne,Indiana,41.131,-85.129,45.22,0,
2026-09-25,US,Morristown,New Jersey,40.797,-74.482,44.97,0,
2026-09-25,US,Decatur,Georgia,33.775,-84.296,44.22,0,
2026-09-25,US,Reno,Nevada,39.53,-119.814,43.81,0,
2026-09-25,US,Annapolis,Maryland,38.979,-76.492,42.83,0,
2026-09-25,US,Westfield,New Jersey,40.659,-74.347,41.160000000000004,0,
2026-09-25,US,Chattanooga,Tennessee,35.046,-85.31,40.74,0,
2026-09-25,US,Somerville,Massachusetts,42.388,-71.1,40.44,0,
2026-09-25,US,Bloomfield Hills,Michigan,42.584,-83.245,40.1,0,
2026-09-25,US,Lancaster,Pennsylvania,40.038,-76.306,40.05,0,
2026-09-25,US,Lake Oswego,Oregon,45.421,-122.671,39.94,0,
2026-09-25,US,Evanston,Illinois,42.041,-87.69,39.3,0,
2026-09-25,US,West Chester,Pennsylvania,39.961,-75.608,38.839999999999996,0,
2026-09-25,US,Salt Lake City,Utah,40.761,-111.891,37.43,0,
2026-09-25,US,New Canaan,Connecticut,41.147,-73.495,36.94,0,
2026-09-25,US,Boise,Idaho,43.614,-116.203,36.85,0,
2026-09-25,US,Ewa Beach,Hawaii,21.316,-158.007,36.61,0,
2026-09-25,US,Wilmette,Illinois,42.072,-87.723,36.42,0,
2026-09-25,US,Dublin,Ohio,40.099,-83.114,36.15,0,
2026-09-25,US,Littleton,Colorado,39.613,-105.017,36.11,0,
2026-09-25,US,Mobile,Alabama,30.694,-88.043,35.96,0,
2026-09-25,US,Stamford,Connecticut,41.053,-73.539,35.93,0,
2026-09-25,US,Doylestown,Pennsylvania,40.31,-75.13,35.87,0,
2026-09-25,US,Fairfield,Connecticut,41.141,-73.264,34.49,0,
2026-09-25,US,Chesterfield,Missouri,38.663,-90.577,34.17,0,
2026-09-25,US,Princeton,New Jersey,40.349,-74.659,33.49,0,
2026-09-25,US,Cleveland,Ohio,41.5,-81.695,33.17,0,
2026-09-25,US,Metairie,Louisiana,29.984,-90.153,33.08,0,
2026-09-25,US,Providence,Rhode Island,41.824,-71.413,32.72,0,
2026-09-25,US,Bloomington,Indiana,39.165,-86.526,32.47,0,
2026-09-25,US,Downers Grove,Illinois,41.809,-88.011,32.07,0,
2026-09-25,US,Bentonville,Arkansas,36.373,-94.209,30.919999999999998,0,
2026-09-25,US,Fort Collins,Colorado,40.585,-105.084,30.84,0,
2026-09-25,US,Mesa,Arizona,33.422,-111.823,30.59,0,
2026-09-25,US,Norwalk,Connecticut,41.118,-73.408,30.2,0,
2026-09-25,US,Aurora,Colorado,39.729,-104.832,29.72,0,
2026-09-25,US,Gilbert,Arizona,33.353,-111.789,29.71,0,
2026-09-25,US,Eugene,Oregon,44.052,-123.087,28.43,0,
2026-09-25,US,Plymouth,Minnesota,45.011,-93.456,26.86,0,
2026-09-25,US,Beaverton,Oregon,45.487,-122.804,26.76,0,
2026-09-25,US,Madison,Alabama,34.699,-86.748,25.93,0,
2026-09-25,US,Kailua,Hawaii,21.402,-157.741,25.63,0,
2026-09-25,US,Olathe,Kansas,38.881,-94.819,25.63,0,
2026-09-25,US,Norman,Oklahoma,35.223,-97.439,25.29,0,
2026-09-25,US,Springfield,Missouri,37.215,-93.298,25.08,0,
2026-09-25,US,Saint Charles,Missouri,38.784,-90.481,24.73,0,
2026-09-25,US,Plymouth,Michigan,42.371,-83.47,23.96,0,
2026-09-25,US,Newark,Delaware,39.684,-75.75,23.759999999999998,0,
2026-09-25,US,Kaneohe,Hawaii,21.4,-157.799,23.5,0,
2026-09-25,US,Lincoln,Nebraska,40.8,-96.667,23.38,0,
2026-09-25,US,Salem,Oregon,44.943,-123.035,23.34,0,
2026-09-25,US,Berkley,Massachusetts,41.846,-71.083,23.16,0,
2026-09-25,US,Rogers,Arkansas,36.332,-94.119,22.68,0,
2026-09-25,US,Morgantown,West Virginia,39.63,-79.956,22.58,0,
2026-09-25,US,Santa Fe,New Mexico,35.687,-105.938,22.51,0,
2026-09-25,US,Cedar Rapids,Iowa,42.008,-91.644,22.04,0,
2026-09-25,US,New Castle,Delaware,39.659,-75.564,21.89,0,
2026-09-25,US,Meridian,Idaho,43.612,-116.392,21.82,0,
2026-09-25,US,Fairhope,Alabama,30.523,-87.903,21.72,0,
2026-09-25,US,Spokane,Washington,47.657,-117.425,21.4,0,
2026-09-25,US,Fayetteville,Arkansas,36.063,-94.157,20.89,0,
2026-09-25,US,Jonesboro,Arkansas,35.842,-90.704,20.86,0,
2026-09-25,US,Macomb,Michigan,42.701,-82.959,20.7,0,
2026-09-25,US,Lewes,Delaware,38.775,-75.139,20.35,0,
2026-09-25,US,West Lafayette,Indiana,40.426,-86.908,20.29,0,
2026-09-25,US,South Jordan,Utah,40.562,-111.93,20.15,0,
2026-09-25,US,Portland,Maine,43.657,-70.259,20.11,0,
2026-09-25,US,Mililani,Hawaii,21.45,-158.015,19.79,0,
2026-09-25,US,Broken Arrow,Oklahoma,36.053,-95.791,19.63,0,
2026-09-25,US,Nashua,New Hampshire,42.765,-71.468,19.03,0,
2026-09-25,US,Manchester,New Hampshire,42.996,-71.455,18.74,0,
2026-09-25,US,Paducah,Kentucky,37.083,-88.6,18.43,0,
2026-09-25,US,Eden Prairie,Minnesota,44.855,-93.471,18.18,0,
2026-09-25,US,Barrington,Rhode Island,41.741,-71.309,17.44,0,
2026-09-25,US,Anchorage,Alaska,61.218,-149.9,16.97,0,
2026-09-25,US,Kuna,Idaho,43.492,-116.42,16.84,0,
2026-09-25,US,Madison,Mississippi,32.462,-90.115,16.56,0,
2026-09-25,US,Iowa City,Iowa,41.661,-91.53,16.1,0,
2026-09-25,US,Park City,Utah,40.646,-111.498,16.09,0,
2026-09-25,US,Las Cruces,New Mexico,32.312,-106.778,15.82,0,
2026-09-25,US,Lawrence,Kansas,38.972,-95.235,15.49,0,
2026-09-25,US,Bowling Green,Kentucky,36.99,-86.444,15.1,0,
2026-09-25,US,Des Moines,Iowa,41.601,-93.609,15.09,0,
2026-09-25,US,Minnetonka,Minnesota,44.913,-93.503,14.950000000000001,0,
2026-09-25,US,Whitefish Bay,Wisconsin,43.113,-87.9,14.86,0,
2026-09-25,US,Waukesha,Wisconsin,43.012,-88.231,14.6,0,
2026-09-25,US,Fargo,North Dakota,46.877,-96.79,14.55,0,
2026-09-25,US,Gulfport,Mississippi,30.367,-89.093,14.35,0,
2026-09-25,US,Leawood,Kansas,38.967,-94.617,14.26,0,
2026-09-25,US,Billings,Montana,45.783,-108.501,14.14,0,
2026-09-25,US,Appleton,Wisconsin,44.262,-88.415,13.49,0,
2026-09-25,US,Sioux Falls,South Dakota,43.55,-96.7,13.48,0,
2026-09-25,US,Scarborough,Maine,43.578,-70.322,13.36,0,
2026-09-25,US,Sandy,Utah,40.592,-111.884,13.02,0,
2026-09-25,US,Elkhorn,Nebraska,41.345,-96.256,13.0,0,
2026-09-25,US,Hampton,New Hampshire,42.938,-70.839,12.95,0,
2026-09-25,US,Wheeling,West Virginia,40.064,-80.721,12.7,0,
2026-09-25,US,West Des Moines,Iowa,41.577,-93.711,12.24,0,
2026-09-25,US,Portsmouth,New Hampshire,43.077,-70.758,11.45,0,
2026-09-25,US,Cheyenne,Wyoming,41.14,-104.82,11.14,0,
2026-09-25,US,Huntington,West Virginia,38.419,-82.445,11.01,0,
2026-09-25,US,Bozeman,Montana,45.68,-111.039,10.9,0,
2026-09-25,US,Middletown,Delaware,39.45,-75.716,10.67,0,
2026-09-25,US,Ames,Iowa,42.035,-93.62,10.57,0,
2026-09-25,US,Warwick,Rhode Island,41.7,-71.416,10.41,0,
2026-09-25,US,South Burlington,Vermont,44.467,-73.171,10.27,0,
2026-09-25,US,Eagle,Idaho,43.695,-116.354,9.99,0,
2026-09-25,US,Charleston,West Virginia,38.35,-81.633,9.43,0,
2026-09-25,US,Southaven,Mississippi,34.989,-90.013,9.35,0,
2026-09-25,US,Cranston,Rhode Island,41.78,-71.437,9.27,0,
2026-09-25,US,Falmouth,Maine,43.73,-70.242,9.26,0,
2026-09-25,US,Sheridan,Wyoming,44.797,-106.956,9.12,0,
2026-09-25,US,Jackson,Mississippi,32.299,-90.185,8.84,0,
2026-09-25,US,West Fargo,North Dakota,46.875,-96.9,8.73,0,
2026-09-25,US,Exeter,New Hampshire,42.981,-70.948,8.3,0,
2026-09-25,US,Papillion,Nebraska,41.154,-96.042,8.22,0,
2026-09-25,US,East Greenwich,Rhode Island,41.66,-71.456,8.18,0,
2026-09-25,US,Burlington,Vermont,44.476,-73.212,8.03,0,
2026-09-25,US,Kalispell,Montana,48.196,-114.313,8.01,0,
2026-09-25,US,Hattiesburg,Mississippi,31.327,-89.29,7.97,0,
2026-09-25,US,Rock Springs,Wyoming,41.587,-109.203,7.2,0,
2026-09-25,US,Stowe,Vermont,44.465,-72.685,7.1899999999999995,0,
2026-09-25,US,Los Alamos,New Mexico,35.888,-106.307,7.1499999999999995,0,
2026-09-25,US,Rapid City,South Dakota,44.081,-103.231,7.04,0,
2026-09-25,US,Bangor,Maine,44.799,-68.773,6.640000000000001,0,
2026-09-25,US,Cordova,Alaska,60.543,-145.759,6.59,0,
2026-09-25,US,Great Falls,Montana,47.5,-111.301,6.55,0,
2026-09-25,US,Tijeras,New Mexico,35.081,-106.388,6.38,0,
2026-09-25,US,Missoula,Montana,46.872,-113.994,6.24,0,
2026-09-25,US,Bismarck,North Dakota,46.808,-100.784,6.09,0,
2026-09-25,US,Dickinson,North Dakota,46.879,-102.79,5.8,0,
2026-09-25,US,Hurricane,West Virginia,38.433,-82.02,5.76,0,
2026-09-25,US,Bellevue,Nebraska,41.137,-95.891,5.5,0,
2026-09-25,US,Essex Junction,Vermont,44.491,-73.111,5.41,0,
2026-09-25,US,Eliot,Maine,43.153,-70.8,5.22,0,
2026-09-25,US,Middlesboro,Kentucky,36.608,-83.717,5.08,0,
2026-09-25,US,Fairbanks,Alaska,64.838,-147.716,4.91,0,
2026-09-25,US,Carson City,Nevada,39.164,-119.767,4.9,0,
2026-09-25,US,North Las Vegas,Nevada,36.199,-115.118,4.65,0,
2026-09-25,US,Hyde Park,Vermont,44.594,-72.617,4.51,0,
2026-09-25,US,Lennox,South Dakota,43.354,-96.892,4.1,0,
2026-09-25,US,Sitka,Alaska,57.053,-135.331,3.5,0,
2026-09-25,US,Cody,Wyoming,44.526,-109.057,3.08,0,
2026-09-25,US,Eagle Mountain,Utah,40.314,-111.985,2.92,0,
2026-09-25,US,Madison,South Dakota,44.006,-97.114,2.74,0,
2026-09-25,US,Casper,Wyoming,42.867,-106.313,2.35,0,
2026-09-25,US,Coeur D'Alene,Idaho,47.678,-116.78,2.34,0,
2026-09-25,US,Wasilla,Alaska,61.581,-149.442,2.28,0,
2026-09-25,US,Grand Forks,North Dakota,47.925,-97.033,2.0100000000000002,0,
2026-09-25,US,Aberdeen,South Dakota,45.465,-98.486,1.93,0,
2026-09-26,UK,London,England,51.509,-0.126,68.31,2,
2026-09-26,UK,Bristol,England,51.455,-2.597,9.21,0,
2026-09-26,UK,Swindon,England,51.558,-1.781,4.83,0,
2026-09-26,UK,Sheffield,England,53.383,-1.466,3.96,0,
2026-09-26,UK,Glasgow,Scotland,55.865,-4.258,3.24,0,
2026-09-26,UK,Birmingham,England,52.481,-1.9,2.64,0,
2026-09-26,UK,Hove,England,50.831,-0.167,2.64,0,
2026-09-26,UK,Edinburgh,Scotland,55.952,-3.196,2.56,0,
2026-09-26,UK,Manchester,England,53.481,-2.237,2.52,0,
2026-09-26,UK,Brighton,England,50.828,-0.139,2.14,0,
2026-09-26,UK,Cardiff,Wales,51.48,-3.18,1.73,0,
2026-09-26,UK,Dunfermline,Scotland,56.072,-3.459,1.29,0,
2026-09-26,UK,Aberdeen,Scotland,57.144,-2.098,1.28,0,
2026-09-26,UK,Aberdare,Wales,51.714,-3.449,1.22,0,
2026-09-26,UK,Newry,Northern Ireland,54.178,-6.337,1.2,0,
2026-09-26,UK,Banchory,Scotland,57.052,-2.488,0.78,0,
2026-09-26,UK,Port Talbot,Wales,51.592,-3.78,0.67,0,
2026-09-26,UK,Barrhead,Scotland,55.799,-4.393,0.66,0,
2026-09-26,UK,Belfast,Northern Ireland,54.597,-5.925,0.63,0,
2026-09-26,UK,Merthyr Tydfil,Wales,51.748,-3.378,0.63,0,
2026-09-26,UK,Balerno,Scotland,55.884,-3.34,0.6,0,
2026-09-26,UK,Clarbeston Road,Wales,51.851,-4.881,0.5800000000000001,0,
2026-09-26,UK,Craigavon,Northern Ireland,54.447,-6.387,0.5700000000000001,0,
2026-09-26,UK,Cwmbran,Wales,51.654,-3.023,0.5700000000000001,0,
2026-09-26,UK,Dromara,Northern Ireland,54.367,-6.017,0.54,0,
2026-09-26,UK,Llanidloes,Wales,52.45,-3.54,0.54,0,
2026-09-26,UK,Swansea,Wales,51.621,-3.944,0.54,0,
2026-09-26,UK,Aboyne,Scotland,57.075,-2.78,0.5,0,
2026-09-26,US,New York,New York,40.714,-74.006,2302.68,94,
2026-09-26,US,Brooklyn,New York,40.65,-73.95,1153.83,45,
2026-09-26,US,Chicago,Illinois,41.85,-87.65,866.99,33,
2026-09-26,US,Houston,Texas,29.763,-95.363,816.94,16,
2026-09-26,US,Miami,Florida,25.774,-80.194,798.24,12,
2026-09-26,US,San Francisco,California,37.775,-122.419,735.54,21,
2026-09-26,US,Los Angeles,California,34.052,-118.244,714.0600000000001,24,
2026-09-26,US,Washington,District of Columbia,38.895,-77.036,519.35,11,
2026-09-26,US,Austin,Texas,30.267,-97.743,456.65,9,
2026-09-26,US,Seattle,Washington,47.606,-122.332,454.07,10,
2026-09-26,US,Dallas,Texas,32.783,-96.807,442.94,8,
2026-09-26,US,San Diego,California,32.716,-117.165,364.59,8,
2026-09-26,US,Atlanta,Georgia,33.749,-84.388,354.82,7,
2026-09-26,US,Philadelphia,Pennsylvania,39.952,-75.164,321.9,7,
2026-09-26,US,Charlotte,North Carolina,35.227,-80.843,311.39,6,
2026-09-26,US,Portland,Oregon,45.523,-122.676,301.5,6,
2026-09-26,US,Boston,Massachusetts,42.358,-71.06,292.92,6,
2026-09-26,US,San Jose,California,37.339,-121.895,289.04,7,
2026-09-26,US,Orlando,Florida,28.538,-81.379,287.79,5,
2026-09-26,US,Reading,Massachusetts,42.526,-71.095,280.24,14,
2026-09-26,US,Alexandria,Virginia,38.805,-77.047,249.92000000000002,5,
2026-09-26,US,Honolulu,Hawaii,21.307,-157.858,246.06,2,
2026-09-26,US,San Antonio,Texas,29.424,-98.494,226.04,5,
2026-09-26,US,Naples,Florida,26.142,-81.796,224.79,1,
2026-09-26,US,Cincinnati,Ohio,39.127,-84.514,219.02,1,
2026-09-26,US,Nashville,Tennessee,36.166,-86.784,209.03,3,
2026-09-26,US,Tampa,Florida,27.948,-82.458,205.11,1,
2026-09-26,US,Pittsburgh,Pennsylvania,40.441,-79.996,200.31,4,
2026-09-26,US,Raleigh,North Carolina,35.772,-78.639,198.34,2,
2026-09-26,US,Oakland,California,37.804,-122.271,197.07999999999998,5,
2026-09-26,US,Fort Worth,Texas,32.725,-97.321,184.38,1,
2026-09-26,US,Columbus,Ohio,39.961,-82.999,182.7,1,
2026-09-26,US,Arlington,Virginia,38.881,-77.104,179.35999999999999,2,
2026-09-26,US,Las Vegas,Nevada,36.175,-115.137,177.60999999999999,1,
2026-09-26,US,Boca Raton,Florida,26.359,-80.083,176.96,1,
2026-09-26,US,Jersey City,New Jersey,40.728,-74.078,172.89,1,
2026-09-26,US,Marietta,Georgia,33.953,-84.55,165.96,0,
2026-09-26,US,Denver,Colorado,39.739,-104.985,165.67000000000002,1,
2026-09-26,US,Louisville,Kentucky,38.254,-85.759,154.75,0,
2026-09-26,US,Minneapolis,Minnesota,44.98,-93.264,154.07,1,
2026-09-26,US,Saint Louis,Missouri,38.652,-90.205,148.44,0,
2026-09-26,US,Staten Island,New York,40.562,-74.14,146.54,0,
2026-09-26,US,Indianapolis,Indiana,39.768,-86.158,142.09,0,
2026-09-26,US,Virginia Beach,Virginia,36.853,-75.978,141.06,0,
2026-09-26,US,Richmond,Virginia,37.554,-77.46,138.77,0,
2026-09-26,US,Phoenix,Arizona,33.448,-112.074,135.52,0,
2026-09-26,US,Bronx,New York,40.85,-73.866,133.68,1,
2026-09-26,US,Tulsa,Oklahoma,36.154,-95.993,132.81,0,
2026-09-26,US,Greenwich,Connecticut,41.026,-73.628,124.33,0,
2026-09-26,US,Baton Rouge,Louisiana,30.443,-91.187,123.0,0,
2026-09-26,US,Knoxville,Tennessee,35.961,-83.921,121.67,0,
2026-09-26,US,Tucson,Arizona,32.222,-110.926,118.71,0,
2026-09-26,US,Bethesda,Maryland,38.981,-77.1,114.54,0,
2026-09-26,US,Edmond,Oklahoma,35.653,-97.478,112.13,1,
2026-09-26,US,Scottsdale,Arizona,33.509,-111.899,110.26,0,
2026-09-26,US,Birmingham,Alabama,33.521,-86.802,109.64,0,
2026-09-26,US,Baltimore,Maryland,39.29,-76.612,109.52,0,
2026-09-26,US,Lexington,Kentucky,37.989,-84.478,106.63,0,
2026-09-26,US,Greenville,South Carolina,34.853,-82.394,105.94,0,
2026-09-26,US,Cambridge,Massachusetts,42.375,-71.106,105.19,0,
2026-09-26,US,New Orleans,Louisiana,29.955,-90.075,95.04,0,
2026-09-26,US,Charleston,South Carolina,32.776,-79.933,94.83,0,
2026-09-26,US,Memphis,Tennessee,35.15,-90.049,94.45,0,
2026-09-26,US,Savannah,Georgia,32.084,-81.1,94.34,0,
2026-09-26,US,Wilmington,North Carolina,34.236,-77.946,92.59,0,
2026-09-26,US,Albuquerque,New Mexico,35.084,-106.651,91.81,0,
2026-09-26,US,Hoboken,New Jersey,40.744,-74.032,89.28,0,
2026-09-26,US,Naperville,Illinois,41.786,-88.147,89.22,0,
2026-09-26,US,Grand Rapids,Michigan,42.963,-85.668,89.03,0,
2026-09-26,US,Franklin,Tennessee,35.925,-86.869,88.8,0,
2026-09-26,US,Huntsville,Alabama,34.73,-86.586,87.62,0,
2026-09-26,US,Kansas City,Missouri,39.1,-94.579,86.95,0,
2026-09-26,US,Fairfax,Virginia,38.846,-77.306,86.62,0,
2026-09-26,US,Shreveport,Louisiana,32.525,-93.75,85.58,0,
2026-09-26,US,Colorado Springs,Colorado,38.834,-104.821,85.55,0,
2026-09-26,US,Wilmington,Delaware,39.746,-75.547,81.75,0,
2026-09-26,US,Ann Arbor,Michigan,42.278,-83.741,81.24,0,
2026-09-26,US,Astoria,New York,40.772,-73.93,80.48,0,
2026-09-26,US,Vancouver,Washington,45.639,-122.661,80.14,0,
2026-09-26,US,Bellevue,Washington,47.61,-122.201,80.04,0,
2026-09-26,US,Carmel,Indiana,39.978,-86.118,80.01,0,
2026-09-26,US,Alpharetta,Georgia,34.075,-84.294,78.03,0,
2026-09-26,US,Saint Paul,Minnesota,44.944,-93.093,77.61,0,
2026-09-26,US,Milwaukee,Wisconsin,43.039,-87.906,76.7,0,
2026-09-26,US,Little Rock,Arkansas,34.746,-92.29,75.52,0,
2026-09-26,US,Myrtle Beach,South Carolina,33.689,-78.887,72.69,0,
2026-09-26,US,Lafayette,Louisiana,30.224,-92.02,72.08,0,
2026-09-26,US,Dayton,Ohio,39.759,-84.192,69.8,0,
2026-09-26,US,Chapel Hill,North Carolina,35.913,-79.056,69.04,0,
2026-09-26,US,Wichita,Kansas,37.692,-97.338,68.61,0,
2026-09-26,US,Omaha,Nebraska,41.256,-95.94,68.51,0,
2026-09-26,US,Columbia,South Carolina,34.001,-81.035,67.96,0,
2026-09-26,US,Oklahoma City,Oklahoma,35.468,-97.516,67.84,0,
2026-09-26,US,Tacoma,Washington,47.253,-122.444,65.95,0,
2026-09-26,US,Durham,North Carolina,35.994,-78.899,65.81,0,
2026-09-26,US,Henderson,Nevada,36.04,-114.982,65.29,3,
2026-09-26,US,Silver Spring,Maryland,38.991,-77.026,64.95,0,
2026-09-26,US,Overland Park,Kansas,38.982,-94.671,63.96,0,
2026-09-26,US,Mount Pleasant,South Carolina,32.794,-79.863,62.25,0,
2026-09-26,US,Madison,Wisconsin,43.073,-89.401,60.92,0,
2026-09-26,US,Rockville,Maryland,39.084,-77.153,60.629999999999995,0,
2026-09-26,US,Fort Wayne,Indiana,41.131,-85.129,60.18,0,
2026-09-26,US,Morristown,New Jersey,40.797,-74.482,59.81,0,
2026-09-26,US,Decatur,Georgia,33.775,-84.296,58.84,0,
2026-09-26,US,Reno,Nevada,39.53,-119.814,58.28,0,
2026-09-26,US,Annapolis,Maryland,38.979,-76.492,57.01,0,
2026-09-26,US,Westfield,New Jersey,40.659,-74.347,54.78,0,
2026-09-26,US,Chattanooga,Tennessee,35.046,-85.31,54.22,0,
2026-09-26,US,Somerville,Massachusetts,42.388,-71.1,53.83,0,
2026-09-26,US,Bloomfield Hills,Michigan,42.584,-83.245,53.37,0,
2026-09-26,US,Lancaster,Pennsylvania,40.038,-76.306,53.269999999999996,0,
2026-09-26,US,Lake Oswego,Oregon,45.421,-122.671,53.15,0,
2026-09-26,US,Evanston,Illinois,42.041,-87.69,52.38,0,
2026-09-26,US,West Chester,Pennsylvania,39.961,-75.608,51.75,0,
2026-09-26,US,Salt Lake City,Utah,40.761,-111.891,49.800000000000004,0,
2026-09-26,US,New Canaan,Connecticut,41.147,-73.495,49.18,0,
2026-09-26,US,Boise,Idaho,43.614,-116.203,48.96,0,
2026-09-26,US,Ewa Beach,Hawaii,21.316,-158.007,48.69,0,
2026-09-26,US,Wilmette,Illinois,42.072,-87.723,48.43,0,
2026-09-26,US,Dublin,Ohio,40.099,-83.114,48.07,0,
2026-09-26,US,Littleton,Colorado,39.613,-105.017,48.03,0,
2026-09-26,US,Mobile,Alabama,30.694,-88.043,47.82,0,
2026-09-26,US,Stamford,Connecticut,41.053,-73.539,47.8,0,
2026-09-26,US,Doylestown,Pennsylvania,40.31,-75.13,47.77,0,
2026-09-26,US,Fairfield,Connecticut,41.141,-73.264,45.91,0,
2026-09-26,US,Chesterfield,Missouri,38.663,-90.577,45.43,0,
2026-09-26,US,Princeton,New Jersey,40.349,-74.659,44.58,0,
2026-09-26,US,Cleveland,Ohio,41.5,-81.695,44.18,0,
2026-09-26,US,Metairie,Louisiana,29.984,-90.153,44.07,0,
2026-09-26,US,Providence,Rhode Island,41.824,-71.413,43.55,0,
2026-09-26,US,Bloomington,Indiana,39.165,-86.526,43.29,0,
2026-09-26,US,Downers Grove,Illinois,41.809,-88.011,42.7,0,
2026-09-26,US,Bentonville,Arkansas,36.373,-94.209,41.18,0,
2026-09-26,US,Fort Collins,Colorado,40.585,-105.084,41.04,0,
2026-09-26,US,Mesa,Arizona,33.422,-111.823,40.69,0,
2026-09-26,US,Norwalk,Connecticut,41.118,-73.408,40.17,0,
2026-09-26,US,Aurora,Colorado,39.729,-104.832,39.59,0,
2026-09-26,US,Gilbert,Arizona,33.353,-111.789,39.57,0,
2026-09-26,US,Eugene,Oregon,44.052,-123.087,37.81,0,
2026-09-26,US,Plymouth,Minnesota,45.011,-93.456,35.79,0,
2026-09-26,US,Beaverton,Oregon,45.487,-122.804,35.61,0,
2026-09-26,US,Madison,Alabama,34.699,-86.748,34.53,0,
2026-09-26,US,Olathe,Kansas,38.881,-94.819,34.12,0,
2026-09-26,US,Kailua,Hawaii,21.402,-157.741,34.11,0,
2026-09-26,US,Norman,Oklahoma,35.223,-97.439,33.68,0,
2026-09-26,US,Springfield,Missouri,37.215,-93.298,33.37,0,
2026-09-26,US,Saint Charles,Missouri,38.784,-90.481,32.96,0,
2026-09-26,US,Plymouth,Michigan,42.371,-83.47,31.86,0,
2026-09-26,US,Newark,Delaware,39.684,-75.75,31.580000000000002,0,
2026-09-26,US,Kaneohe,Hawaii,21.4,-157.799,31.3,0,
2026-09-26,US,Salem,Oregon,44.943,-123.035,31.14,0,
2026-09-26,US,Lincoln,Nebraska,40.8,-96.667,31.06,0,
2026-09-26,US,Berkley,Massachusetts,41.846,-71.083,30.75,0,
2026-09-26,US,Rogers,Arkansas,36.332,-94.119,30.21,0,
2026-09-26,US,Morgantown,West Virginia,39.63,-79.956,30.08,0,
2026-09-26,US,Santa Fe,New Mexico,35.687,-105.938,29.99,0,
2026-09-26,US,Cedar Rapids,Iowa,42.008,-91.644,29.310000000000002,0,
2026-09-26,US,New Castle,Delaware,39.659,-75.564,29.17,0,
2026-09-26,US,Meridian,Idaho,43.612,-116.392,29.12,0,
2026-09-26,US,Fairhope,Alabama,30.523,-87.903,28.990000000000002,0,
2026-09-26,US,Spokane,Washington,47.657,-117.425,28.54,0,
2026-09-26,US,Fayetteville,Arkansas,36.063,-94.157,27.78,0,
2026-09-26,US,Jonesboro,Arkansas,35.842,-90.704,27.74,0,
2026-09-26,US,Macomb,Michigan,42.701,-82.959,27.5,0,
2026-09-26,US,Lewes,Delaware,38.775,-75.139,27.09,0,
2026-09-26,US,West Lafayette,Indiana,40.426,-86.908,26.99,0,
2026-09-26,US,South Jordan,Utah,40.562,-111.93,26.85,0,
2026-09-26,US,Portland,Maine,43.657,-70.259,26.77,0,
2026-09-26,US,Mililani,Hawaii,21.45,-158.015,26.31,0,
2026-09-26,US,Broken Arrow,Oklahoma,36.053,-95.791,26.1,0,
2026-09-26,US,Nashua,New Hampshire,42.765,-71.468,25.37,0,
2026-09-26,US,Manchester,New Hampshire,42.996,-71.455,24.98,0,
2026-09-26,US,Paducah,Kentucky,37.083,-88.6,24.53,0,
2026-09-26,US,Eden Prairie,Minnesota,44.855,-93.471,24.21,0,
2026-09-26,US,Barrington,Rhode Island,41.741,-71.309,23.23,0,
2026-09-26,US,Anchorage,Alaska,61.218,-149.9,22.52,0,
2026-09-26,US,Kuna,Idaho,43.492,-116.42,22.43,0,
2026-09-26,US,Madison,Mississippi,32.462,-90.115,21.99,0,
2026-09-26,US,Iowa City,Iowa,41.661,-91.53,21.4,0,
2026-09-26,US,Park City,Utah,40.646,-111.498,21.39,0,
2026-09-26,US,Las Cruces,New Mexico,32.312,-106.778,21.080000000000002,0,
2026-09-26,US,Lawrence,Kansas,38.972,-95.235,20.71,0,
2026-09-26,US,Bowling Green,Kentucky,36.99,-86.444,20.15,0,
2026-09-26,US,Des Moines,Iowa,41.601,-93.609,20.12,0,
2026-09-26,US,Minnetonka,Minnesota,44.913,-93.503,19.85,0,
2026-09-26,US,Whitefish Bay,Wisconsin,43.113,-87.9,19.78,0,
2026-09-26,US,Waukesha,Wisconsin,43.012,-88.231,19.42,0,
2026-09-26,US,Fargo,North Dakota,46.877,-96.79,19.38,0,
2026-09-26,US,Gulfport,Mississippi,30.367,-89.093,19.23,0,
2026-09-26,US,Leawood,Kansas,38.967,-94.617,18.98,0,
2026-09-26,US,Billings,Montana,45.783,-108.501,18.82,0,
2026-09-26,US,Appleton,Wisconsin,44.262,-88.415,17.93,0,
2026-09-26,US,Sioux Falls,South Dakota,43.55,-96.7,17.93,0,
2026-09-26,US,Scarborough,Maine,43.578,-70.322,17.77,0,
2026-09-26,US,Sandy,Utah,40.592,-111.884,17.35,0,
2026-09-26,US,Elkhorn,Nebraska,41.345,-96.256,17.31,0,
2026-09-26,US,Hampton,New Hampshire,42.938,-70.839,17.26,0,
2026-09-26,US,Wheeling,West Virginia,40.064,-80.721,16.93,0,
2026-09-26,US,West Des Moines,Iowa,41.577,-93.711,16.24,0,
2026-09-26,US,Portsmouth,New Hampshire,43.077,-70.758,15.26,0,
2026-09-26,US,Cheyenne,Wyoming,41.14,-104.82,14.85,0,
2026-09-26,US,Huntington,West Virginia,38.419,-82.445,14.68,0,
2026-09-26,US,Bozeman,Montana,45.68,-111.039,14.49,0,
2026-09-26,US,Middletown,Delaware,39.45,-75.716,14.16,0,
2026-09-26,US,Ames,Iowa,42.035,-93.62,14.08,0,
2026-09-26,US,Warwick,Rhode Island,41.7,-71.416,13.790000000000001,0,
2026-09-26,US,South Burlington,Vermont,44.467,-73.171,13.73,0,
2026-09-26,US,Eagle,Idaho,43.695,-116.354,13.34,0,
2026-09-26,US,Charleston,West Virginia,38.35,-81.633,12.55,0,
2026-09-26,US,Southaven,Mississippi,34.989,-90.013,12.37,0,
2026-09-26,US,Cranston,Rhode Island,41.78,-71.437,12.22,0,
2026-09-26,US,Falmouth,Maine,43.73,-70.242,12.22,0,
2026-09-26,US,Sheridan,Wyoming,44.797,-106.956,12.11,0,
2026-09-26,US,Jackson,Mississippi,32.299,-90.185,11.78,0,
2026-09-26,US,West Fargo,North Dakota,46.875,-96.9,11.64,0,
2026-09-26,US,Exeter,New Hampshire,42.981,-70.948,11.03,0,
2026-09-26,US,Papillion,Nebraska,41.154,-96.042,10.97,0,
2026-09-26,US,East Greenwich,Rhode Island,41.66,-71.456,10.91,0,
2026-09-26,US,Burlington,Vermont,44.476,-73.212,10.71,0,
2026-09-26,US,Kalispell,Montana,48.196,-114.313,10.65,0,
2026-09-26,US,Hattiesburg,Mississippi,31.327,-89.29,10.6,0,
2026-09-26,US,Rock Springs,Wyoming,41.587,-109.203,9.69,0,
2026-09-26,US,Stowe,Vermont,44.465,-72.685,9.6,0,
2026-09-26,US,Los Alamos,New Mexico,35.888,-106.307,9.56,0,
2026-09-26,US,Rapid City,South Dakota,44.081,-103.231,9.44,0,
2026-09-26,US,Bangor,Maine,44.799,-68.773,8.790000000000001,0,
2026-09-26,US,Cordova,Alaska,60.543,-145.759,8.75,0,
2026-09-26,US,Great Falls,Montana,47.5,-111.301,8.7,0,
2026-09-26,US,Tijeras,New Mexico,35.081,-106.388,8.5,0,
2026-09-26,US,Missoula,Montana,46.872,-113.994,8.31,0,
2026-09-26,US,Bismarck,North Dakota,46.808,-100.784,8.14,0,
2026-09-26,US,Dickinson,North Dakota,46.879,-102.79,7.73,0,
2026-09-26,US,Hurricane,West Virginia,38.433,-82.02,7.63,0,
2026-09-26,US,Bellevue,Nebraska,41.137,-95.891,7.26,0,
2026-09-26,US,Essex Junction,Vermont,44.491,-73.111,7.11,0,
2026-09-26,US,Eliot,Maine,43.153,-70.8,6.89,0,
2026-09-26,US,Middlesboro,Kentucky,36.608,-83.717,6.73,0,
2026-09-26,US,Carson City,Nevada,39.164,-119.767,6.55,0,
2026-09-26,US,Fairbanks,Alaska,64.838,-147.716,6.5,0,
2026-09-26,US,North Las Vegas,Nevada,36.199,-115.118,6.22,0,
2026-09-26,US,Hyde Park,Vermont,44.594,-72.617,6.1,0,
2026-09-26,US,Lennox,South Dakota,43.354,-96.892,5.4,0,
2026-09-26,US,Sitka,Alaska,57.053,-135.331,4.69,0,
2026-09-26,US,Cody,Wyoming,44.526,-109.057,4.11,0,
2026-09-26,US,Eagle Mountain,Utah,40.314,-111.985,3.92,0,
2026-09-26,US,Madison,South Dakota,44.006,-97.114,3.66,0,
2026-09-26,US,Casper,Wyoming,42.867,-106.313,3.12,0,
2026-09-26,US,Coeur D'Alene,Idaho,47.678,-116.78,3.08,0,
2026-09-26,US,Wasilla,Alaska,61.581,-149.442,2.99,0,
2026-09-26,US,Grand Forks,North Dakota,47.925,-97.033,2.67,0,
2026-09-26,US,Aberdeen,South Dakota,45.465,-98.486,2.53,0,
2026-09-27,US,New York,New York,40.714,-74.006,3397.47,119,
2026-09-27,US,Brooklyn,New York,40.65,-73.95,1704.3,66,
2026-09-27,US,Chicago,Illinois,41.85,-87.65,1280.64,48,
2026-09-27,US,Houston,Texas,29.763,-95.363,1206.7,24,
2026-09-27,US,Miami,Florida,25.774,-80.194,1179.11,15,
2026-09-27,US,San Francisco,California,37.775,-122.419,1086.33,30,
2026-09-27,US,Los Angeles,California,34.052,-118.244,1054.75,37,
2026-09-27,US,Washington,District of Columbia,38.895,-77.036,767.04,13,
2026-09-27,US,Austin,Texas,30.267,-97.743,674.55,11,
2026-09-27,US,Seattle,Washington,47.606,-122.332,670.75,13,
2026-09-27,US,Dallas,Texas,32.783,-96.807,654.29,10,
2026-09-27,US,San Diego,California,32.716,-117.165,538.71,10,
2026-09-27,US,Atlanta,Georgia,33.749,-84.388,524.12,9,
2026-09-27,US,Philadelphia,Pennsylvania,39.952,-75.164,475.53000000000003,9,
2026-09-27,US,Charlotte,North Carolina,35.227,-80.843,459.95,9,
2026-09-27,US,Portland,Oregon,45.523,-122.676,445.33,9,
2026-09-27,US,Boston,Massachusetts,42.358,-71.06,432.71999999999997,9,
2026-09-27,US,San Jose,California,37.339,-121.895,426.79,9,
2026-09-27,US,Orlando,Florida,28.538,-81.379,424.94,8,
2026-09-27,US,Reading,Massachusetts,42.526,-71.095,413.97,19,
2026-09-27,US,Alexandria,Virginia,38.805,-77.047,369.11,8,
2026-09-27,US,Honolulu,Hawaii,21.307,-157.858,363.49,5,
2026-09-27,US,San Antonio,Texas,29.424,-98.494,333.94,7,
2026-09-27,US,Naples,Florida,26.142,-81.796,332.11,4,
2026-09-27,US,Cincinnati,Ohio,39.127,-84.514,323.57,4,
2026-09-27,US,Nashville,Tennessee,36.166,-86.784,308.75,5,
2026-09-27,US,Tampa,Florida,27.948,-82.458,303.06,3,
2026-09-27,US,Pittsburgh,Pennsylvania,40.441,-79.996,295.91,6,
2026-09-27,US,Raleigh,North Carolina,35.772,-78.639,293.0,5,
2026-09-27,US,Oakland,California,37.804,-122.271,291.21,7,
2026-09-27,US,Fort Worth,Texas,32.725,-97.321,272.3,1,
2026-09-27,US,Columbus,Ohio,39.961,-82.999,269.99,3,
2026-09-27,US,Arlington,Virginia,38.881,-77.104,265.06,5,
2026-09-27,US,Las Vegas,Nevada,36.175,-115.137,262.25,2,
2026-09-27,US,Boca Raton,Florida,26.359,-80.083,261.28,1,
2026-09-27,US,Jersey City,New Jersey,40.728,-74.078,255.32,5,
2026-09-27,US,Marietta,Georgia,33.953,-84.55,245.17,0,
2026-09-27,US,Denver,Colorado,39.739,-104.985,244.75,2,
2026-09-27,US,Louisville,Kentucky,38.254,-85.759,228.60999999999999,0,
2026-09-27,US,Minneapolis,Minnesota,44.98,-93.264,227.73,5,
2026-09-27,US,Saint Louis,Missouri,38.652,-90.205,219.28,1,
2026-09-27,US,Staten Island,New York,40.562,-74.14,216.62,0,
2026-09-27,US,Indianapolis,Indiana,39.768,-86.158,209.9,0,
2026-09-27,US,Virginia Beach,Virginia,36.853,-75.978,208.33,0,
2026-09-27,US,Richmond,Virginia,37.554,-77.46,205.02,0,
2026-09-27,US,Phoenix,Arizona,33.448,-112.074,200.12,0,
2026-09-27,US,Bronx,New York,40.85,-73.866,197.42,1,
2026-09-27,US,Tulsa,Oklahoma,36.154,-95.993,196.1,0,
2026-09-27,US,Greenwich,Connecticut,41.026,-73.628,183.84,0,
2026-09-27,US,Baton Rouge,Louisiana,30.443,-91.187,181.73,0,
2026-09-27,US,Knoxville,Tennessee,35.961,-83.921,179.78,0,
2026-09-27,US,Tucson,Arizona,32.222,-110.926,175.35,0,
2026-09-27,US,Bethesda,Maryland,38.981,-77.1,169.18,0,
2026-09-27,US,Edmond,Oklahoma,35.653,-97.478,165.63,1,
2026-09-27,US,Scottsdale,Arizona,33.509,-111.899,162.77,0,
2026-09-27,US,Birmingham,Alabama,33.521,-86.802,161.89,0,
2026-09-27,US,Baltimore,Maryland,39.29,-76.612,161.88,0,
2026-09-27,US,Lexington,Kentucky,37.989,-84.478,157.63,0,
2026-09-27,US,Greenville,South Carolina,34.853,-82.394,156.3,0,
2026-09-27,US,Cambridge,Massachusetts,42.375,-71.106,155.48,0,
2026-09-27,US,New Orleans,Louisiana,29.955,-90.075,140.35,0,
2026-09-27,US,Charleston,South Carolina,32.776,-79.933,140.08,0,
2026-09-27,US,Memphis,Tennessee,35.15,-90.049,139.47,0,
2026-09-27,US,Savannah,Georgia,32.084,-81.1,139.36,0,
2026-09-27,US,Wilmington,North Carolina,34.236,-77.946,136.75,0,
2026-09-27,US,Albuquerque,New Mexico,35.084,-106.651,135.51,0,
2026-09-27,US,Hoboken,New Jersey,40.744,-74.032,131.97,0,
2026-09-27,US,Naperville,Illinois,41.786,-88.147,131.76,0,
2026-09-27,US,Grand Rapids,Michigan,42.963,-85.668,131.58,0,
2026-09-27,US,Franklin,Tennessee,35.925,-86.869,131.13,0,
2026-09-27,US,Huntsville,Alabama,34.73,-86.586,129.32,0,
2026-09-27,US,Kansas City,Missouri,39.1,-94.579,128.5,0,
2026-09-27,US,Fairfax,Virginia,38.846,-77.306,127.87,0,
2026-09-27,US,Shreveport,Louisiana,32.525,-93.75,126.54,0,
2026-09-27,US,Colorado Springs,Colorado,38.834,-104.821,126.45,0,
2026-09-27,US,Wilmington,Delaware,39.746,-75.547,120.8,0,
2026-09-27,US,Ann Arbor,Michigan,42.278,-83.741,120.04,0,
2026-09-27,US,Astoria,New York,40.772,-73.93,118.84,0,
2026-09-27,US,Vancouver,Washington,45.639,-122.661,118.57000000000001,0,
2026-09-27,US,Bellevue,Washington,47.61,-122.201,118.41,0,
2026-09-27,US,Carmel,Indiana,39.978,-86.118,118.15,0,
2026-09-27,US,Alpharetta,Georgia,34.075,-84.294,115.33,0,
2026-09-27,US,Saint Paul,Minnesota,44.944,-93.093,114.69,0,
2026-09-27,US,Milwaukee,Wisconsin,43.039,-87.906,113.27,0,
2026-09-27,US,Little Rock,Arkansas,34.746,-92.29,111.46,0,
2026-09-27,US,Myrtle Beach,South Carolina,33.689,-78.887,107.25999999999999,0,
2026-09-27,US,Lafayette,Louisiana,30.224,-92.02,106.59,0,
2026-09-27,US,Dayton,Ohio,39.759,-84.192,103.14,0,
2026-09-27,US,Chapel Hill,North Carolina,35.913,-79.056,102.03999999999999,0,
2026-09-27,US,Wichita,Kansas,37.692,-97.338,101.28,0,
2026-09-27,US,Omaha,Nebraska,41.256,-95.94,101.17,0,
2026-09-27,US,Columbia,South Carolina,34.001,-81.035,100.36,0,
2026-09-27,US,Oklahoma City,Oklahoma,35.468,-97.516,100.2,0,
2026-09-27,US,Tacoma,Washington,47.253,-122.444,97.44,0,
2026-09-27,US,Durham,North Carolina,35.994,-78.899,97.17,0,
2026-09-27,US,Henderson,Nevada,36.04,-114.982,96.6,5,
2026-09-27,US,Silver Spring,Maryland,38.991,-77.026,95.92,0,
2026-09-27,US,Overland Park,Kansas,38.982,-94.671,94.53,0,
2026-09-27,US,Mount Pleasant,South Carolina,32.794,-79.863,91.98,0,
2026-09-27,US,Madison,Wisconsin,43.073,-89.401,89.91,0,
2026-09-27,US,Rockville,Maryland,39.084,-77.153,89.53,0,
2026-09-27,US,Fort Wayne,Indiana,41.131,-85.129,88.92,0,
2026-09-27,US,Morristown,New Jersey,40.797,-74.482,88.41,0,
2026-09-27,US,Decatur,Georgia,33.775,-84.296,86.94,0,
2026-09-27,US,Reno,Nevada,39.53,-119.814,86.1,0,
2026-09-27,US,Annapolis,Maryland,38.979,-76.492,84.23,0,
2026-09-27,US,Westfield,New Jersey,40.659,-74.347,80.96,0,
2026-09-27,US,Chattanooga,Tennessee,35.046,-85.31,80.03,0,
2026-09-27,US,Somerville,Massachusetts,42.388,-71.1,79.49,0,
2026-09-27,US,Bloomfield Hills,Michigan,42.584,-83.245,78.87,0,
2026-09-27,US,Lancaster,Pennsylvania,40.038,-76.306,78.75,0,
2026-09-27,US,Lake Oswego,Oregon,45.421,-122.671,78.64,0,
2026-09-27,US,Evanston,Illinois,42.041,-87.69,77.44,0,
2026-09-27,US,West Chester,Pennsylvania,39.961,-75.608,76.36,0,
2026-09-27,US,Salt Lake City,Utah,40.761,-111.891,73.57000000000001,0,
2026-09-27,US,New Canaan,Connecticut,41.147,-73.495,72.7,0,
2026-09-27,US,Boise,Idaho,43.614,-116.203,72.47,0,
2026-09-27,US,Ewa Beach,Hawaii,21.316,-158.007,72.02,0,
2026-09-27,US,Wilmette,Illinois,42.072,-87.723,71.6,0,
2026-09-27,US,Dublin,Ohio,40.099,-83.114,71.12,0,
2026-09-27,US,Littleton,Colorado,39.613,-105.017,71.02,0,
2026-09-27,US,Mobile,Alabama,30.694,-88.043,70.69,0,
2026-09-27,US,Stamford,Connecticut,41.053,-73.539,70.64,0,
2026-09-27,US,Doylestown,Pennsylvania,40.31,-75.13,70.58,0,
2026-09-27,US,Fairfield,Connecticut,41.141,-73.264,67.89,0,
2026-09-27,US,Chesterfield,Missouri,38.663,-90.577,67.17,0,
2026-09-27,US,Princeton,New Jersey,40.349,-74.659,65.93,0,
2026-09-27,US,Cleveland,Ohio,41.5,-81.695,65.22,0,
2026-09-27,US,Metairie,Louisiana,29.984,-90.153,65.05,0,
2026-09-27,US,Providence,Rhode Island,41.824,-71.413,64.28,0,
2026-09-27,US,Bloomington,Indiana,39.165,-86.526,63.910000000000004,0,
2026-09-27,US,Downers Grove,Illinois,41.809,-88.011,62.98,0,
2026-09-27,US,Bentonville,Arkansas,36.373,-94.209,60.71,0,
2026-09-27,US,Fort Collins,Colorado,40.585,-105.084,60.67,0,
2026-09-27,US,Mesa,Arizona,33.422,-111.823,60.13,0,
2026-09-27,US,Norwalk,Connecticut,41.118,-73.408,59.339999999999996,0,
2026-09-27,US,Aurora,Colorado,39.729,-104.832,58.42,0,
2026-09-27,US,Gilbert,Arizona,33.353,-111.789,58.4,0,
2026-09-27,US,Eugene,Oregon,44.052,-123.087,55.86,0,
2026-09-27,US,Plymouth,Minnesota,45.011,-93.456,52.83,0,
2026-09-27,US,Beaverton,Oregon,45.487,-122.804,52.63,0,
2026-09-27,US,Madison,Alabama,34.699,-86.748,51.02,0,
2026-09-27,US,Kailua,Hawaii,21.402,-157.741,50.54,0,
2026-09-27,US,Olathe,Kansas,38.881,-94.819,50.39,0,
2026-09-27,US,Norman,Oklahoma,35.223,-97.439,49.73,0,
2026-09-27,US,Springfield,Missouri,37.215,-93.298,49.33,0,
2026-09-27,US,Saint Charles,Missouri,38.784,-90.481,48.72,0,
2026-09-27,US,Plymouth,Michigan,42.371,-83.47,47.07,0,
2026-09-27,US,Newark,Delaware,39.684,-75.75,46.61,0,
2026-09-27,US,Kaneohe,Hawaii,21.4,-157.799,46.17,0,
2026-09-27,US,Lincoln,Nebraska,40.8,-96.667,45.94,0,
2026-09-27,US,Salem,Oregon,44.943,-123.035,45.85,0,
2026-09-27,US,Berkley,Massachusetts,41.846,-71.083,45.51,0,
2026-09-27,US,Rogers,Arkansas,36.332,-94.119,44.62,0,
2026-09-27,US,Morgantown,West Virginia,39.63,-79.956,44.42,0,
2026-09-27,US,Santa Fe,New Mexico,35.687,-105.938,44.32,0,
2026-09-27,US,Cedar Rapids,Iowa,42.008,-91.644,43.28,0,
2026-09-27,US,New Castle,Delaware,39.659,-75.564,43.04,0,
2026-09-27,US,Meridian,Idaho,43.612,-116.392,42.91,0,
2026-09-27,US,Fairhope,Alabama,30.523,-87.903,42.72,0,
2026-09-27,US,Spokane,Washington,47.657,-117.425,42.13,0,
2026-09-27,US,Fayetteville,Arkansas,36.063,-94.157,41.01,0,
2026-09-27,US,Jonesboro,Arkansas,35.842,-90.704,40.98,0,
2026-09-27,US,Macomb,Michigan,42.701,-82.959,40.67,0,
2026-09-27,US,Lewes,Delaware,38.775,-75.139,40.06,0,
2026-09-27,US,West Lafayette,Indiana,40.426,-86.908,39.87,0,
2026-09-27,US,South Jordan,Utah,40.562,-111.93,39.63,0,
2026-09-27,US,Portland,Maine,43.657,-70.259,39.55,0,
2026-09-27,US,Mililani,Hawaii,21.45,-158.015,38.89,0,
2026-09-27,US,Broken Arrow,Oklahoma,36.053,-95.791,38.62,0,
2026-09-27,US,Nashua,New Hampshire,42.765,-71.468,37.46,0,
2026-09-27,US,Manchester,New Hampshire,42.996,-71.455,36.82,0,
2026-09-27,US,Paducah,Kentucky,37.083,-88.6,36.17,0,
2026-09-27,US,Eden Prairie,Minnesota,44.855,-93.471,35.68,0,
2026-09-27,US,Barrington,Rhode Island,41.741,-71.309,34.33,0,
2026-09-27,US,Anchorage,Alaska,61.218,-149.9,33.32,0,
2026-09-27,US,Kuna,Idaho,43.492,-116.42,33.15,0,
2026-09-27,US,Madison,Mississippi,32.462,-90.115,32.53,0,
2026-09-27,US,Iowa City,Iowa,41.661,-91.53,31.74,0,
2026-09-27,US,Park City,Utah,40.646,-111.498,31.73,0,
2026-09-27,US,Las Cruces,New Mexico,32.312,-106.778,31.150000000000002,0,
2026-09-27,US,Lawrence,Kansas,38.972,-95.235,30.56,0,
2026-09-27,US,Bowling Green,Kentucky,36.99,-86.444,29.74,0,
2026-09-27,US,Des Moines,Iowa,41.601,-93.609,29.65,0,
2026-09-27,US,Minnetonka,Minnesota,44.913,-93.503,29.42,0,
2026-09-27,US,Whitefish Bay,Wisconsin,43.113,-87.9,29.22,0,
2026-09-27,US,Waukesha,Wisconsin,43.012,-88.231,28.740000000000002,0,
2026-09-27,US,Fargo,North Dakota,46.877,-96.79,28.69,0,
2026-09-27,US,Gulfport,Mississippi,30.367,-89.093,28.38,0,
2026-09-27,US,Leawood,Kansas,38.967,-94.617,28.14,0,
2026-09-27,US,Billings,Montana,45.783,-108.501,27.75,0,
2026-09-27,US,Appleton,Wisconsin,44.262,-88.415,26.5,0,
2026-09-27,US,Sioux Falls,South Dakota,43.55,-96.7,26.490000000000002,0,
2026-09-27,US,Scarborough,Maine,43.578,-70.322,26.28,0,
2026-09-27,US,Sandy,Utah,40.592,-111.884,25.57,0,
2026-09-27,US,Elkhorn,Nebraska,41.345,-96.256,25.51,0,
2026-09-27,US,Hampton,New Hampshire,42.938,-70.839,25.46,0,
2026-09-27,US,Wheeling,West Virginia,40.064,-80.721,24.92,0,
2026-09-27,US,West Des Moines,Iowa,41.577,-93.711,24.14,0,
2026-09-27,US,Portsmouth,New Hampshire,43.077,-70.758,22.54,0,
2026-09-27,US,Cheyenne,Wyoming,41.14,-104.82,21.97,0,
2026-09-27,US,Huntington,West Virginia,38.419,-82.445,21.71,0,
2026-09-27,US,Bozeman,Montana,45.68,-111.039,21.509999999999998,0,
2026-09-27,US,Middletown,Delaware,39.45,-75.716,20.96,0,
2026-09-27,US,Ames,Iowa,42.035,-93.62,20.89,0,
2026-09-27,US,Warwick,Rhode Island,41.7,-71.416,20.580000000000002,0,
2026-09-27,US,South Burlington,Vermont,44.467,-73.171,20.22,0,
2026-09-27,US,Eagle,Idaho,43.695,-116.354,19.68,0,
2026-09-27,US,Charleston,West Virginia,38.35,-81.633,18.55,0,
2026-09-27,US,Southaven,Mississippi,34.989,-90.013,18.4,0,
2026-09-27,US,Cranston,Rhode Island,41.78,-71.437,18.16,0,
2026-09-27,US,Falmouth,Maine,43.73,-70.242,18.16,0,
2026-09-27,US,Sheridan,Wyoming,44.797,-106.956,17.96,0,
2026-09-27,US,Jackson,Mississippi,32.299,-90.185,17.48,0,
2026-09-27,US,West Fargo,North Dakota,46.875,-96.9,17.19,0,
2026-09-27,US,Exeter,New Hampshire,42.981,-70.948,16.29,0,
2026-09-27,US,Papillion,Nebraska,41.154,-96.042,16.21,0,
2026-09-27,US,East Greenwich,Rhode Island,41.66,-71.456,16.15,0,
2026-09-27,US,Burlington,Vermont,44.476,-73.212,15.85,0,
2026-09-27,US,Kalispell,Montana,48.196,-114.313,15.72,0,
2026-09-27,US,Hattiesburg,Mississippi,31.327,-89.29,15.6,0,
2026-09-27,US,Rock Springs,Wyoming,41.587,-109.203,14.18,0,
2026-09-27,US,Stowe,Vermont,44.465,-72.685,14.11,0,
2026-09-27,US,Los Alamos,New Mexico,35.888,-106.307,14.040000000000001,0,
2026-09-27,US,Rapid City,South Dakota,44.081,-103.231,13.9,0,
2026-09-27,US,Bangor,Maine,44.799,-68.773,12.97,0,
2026-09-27,US,Cordova,Alaska,60.543,-145.759,12.94,0,
2026-09-27,US,Great Falls,Montana,47.5,-111.301,12.86,0,
2026-09-27,US,Tijeras,New Mexico,35.081,-106.388,12.6,0,
2026-09-27,US,Missoula,Montana,46.872,-113.994,12.370000000000001,0,
2026-09-27,US,Bismarck,North Dakota,46.808,-100.784,12.01,0,
2026-09-27,US,Dickinson,North Dakota,46.879,-102.79,11.44,0,
2026-09-27,US,Hurricane,West Virginia,38.433,-82.02,11.35,0,
2026-09-27,US,Bellevue,Nebraska,41.137,-95.891,10.74,0,
2026-09-27,US,Essex Junction,Vermont,44.491,-73.111,10.55,0,
2026-09-27,US,Eliot,Maine,43.153,-70.8,10.23,0,
2026-09-27,US,Middlesboro,Kentucky,36.608,-83.717,9.92,0,
2026-09-27,US,Fairbanks,Alaska,64.838,-147.716,9.72,0,
2026-09-27,US,Carson City,Nevada,39.164,-119.767,9.68,0,
2026-09-27,US,North Las Vegas,Nevada,36.199,-115.118,9.1,0,
2026-09-27,US,Hyde Park,Vermont,44.594,-72.617,8.95,0,
2026-09-27,US,Lennox,South Dakota,43.354,-96.892,8.06,0,
2026-09-27,US,Sitka,Alaska,57.053,-135.331,7.01,0,
2026-09-27,US,Cody,Wyoming,44.526,-109.057,6.1000000000000005,0,
2026-09-27,US,Eagle Mountain,Utah,40.314,-111.985,5.81,0,
2026-09-27,US,Madison,South Dakota,44.006,-97.114,5.42,0,
2026-09-27,US,Casper,Wyoming,42.867,-106.313,4.59,0,
2026-09-27,US,Coeur D'Alene,Idaho,47.678,-116.78,4.48,0,
2026-09-27,US,Wasilla,Alaska,61.581,-149.442,4.37,0,
2026-09-27,US,Grand Forks,North Dakota,47.925,-97.033,3.88,0,
2026-09-27,US,Aberdeen,South Dakota,45.465,-98.486,3.74,0,
2026-09-28,UK,London,England,51.509,-0.126,115.79,1,
2026-09-28,UK,Bristol,England,51.455,-2.597,15.61,0,
2026-09-28,UK,Swindon,England,51.558,-1.781,8.18,0,
2026-09-28,UK,Sheffield,England,53.383,-1.466,6.71,0,
2026-09-28,UK,Glasgow,Scotland,55.865,-4.258,5.5,0,
2026-09-28,UK,Hove,England,50.831,-0.167,4.49,0,
2026-09-28,UK,Birmingham,England,52.481,-1.9,4.48,0,
2026-09-28,UK,Edinburgh,Scotland,55.952,-3.196,4.34,0,
2026-09-28,UK,Manchester,England,53.481,-2.237,4.28,0,
2026-09-28,UK,Brighton,England,50.828,-0.139,3.64,0,
2026-09-28,UK,Cardiff,Wales,51.48,-3.18,2.93,0,
2026-09-28,UK,Dunfermline,Scotland,56.072,-3.459,2.18,0,
2026-09-28,UK,Aberdeen,Scotland,57.144,-2.098,2.17,0,
2026-09-28,UK,Aberdare,Wales,51.714,-3.449,2.06,0,
2026-09-28,UK,Newry,Northern Ireland,54.178,-6.337,2.03,0,
2026-09-28,UK,Banchory,Scotland,57.052,-2.488,1.33,0,
2026-09-28,UK,Port Talbot,Wales,51.592,-3.78,1.13,0,
2026-09-28,UK,Barrhead,Scotland,55.799,-4.393,1.11,0,
2026-09-28,UK,Merthyr Tydfil,Wales,51.748,-3.378,1.08,0,
2026-09-28,UK,Belfast,Northern Ireland,54.597,-5.925,1.07,0,
2026-09-28,UK,Balerno,Scotland,55.884,-3.34,1.02,0,
2026-09-28,UK,Clarbeston Road,Wales,51.851,-4.881,0.98,0,
2026-09-28,UK,Craigavon,Northern Ireland,54.447,-6.387,0.98,0,
2026-09-28,UK,Cwmbran,Wales,51.654,-3.023,0.97,0,
2026-09-28,UK,Swansea,Wales,51.621,-3.944,0.93,0,
2026-09-28,UK,Llanidloes,Wales,52.45,-3.54,0.92,0,
2026-09-28,UK,Dromara,Northern Ireland,54.367,-6.017,0.91,0,
2026-09-28,UK,Aboyne,Scotland,57.075,-2.78,0.84,0,
2026-09-28,US,New York,New York,40.714,-74.006,3159.33,121,
2026-09-28,US,Brooklyn,New York,40.65,-73.95,1584.8600000000001,63,
2026-09-28,US,Chicago,Illinois,41.85,-87.65,1190.84,47,
2026-09-28,US,Houston,Texas,29.763,-95.363,1122.02,31,
2026-09-28,US,Miami,Florida,25.774,-80.194,1096.42,21,
2026-09-28,US,San Francisco,California,37.775,-122.419,1010.21,33,
2026-09-28,US,Los Angeles,California,34.052,-118.244,980.8100000000001,37,
2026-09-28,US,Washington,District of Columbia,38.895,-77.036,713.31,18,
2026-09-28,US,Austin,Texas,30.267,-97.743,627.24,13,
2026-09-28,US,Seattle,Washington,47.606,-122.332,623.68,16,
2026-09-28,US,Dallas,Texas,32.783,-96.807,608.45,12,
2026-09-28,US,San Diego,California,32.716,-117.165,500.86,13,
2026-09-28,US,Atlanta,Georgia,33.749,-84.388,487.35,10,
2026-09-28,US,Philadelphia,Pennsylvania,39.952,-75.164,442.08,12,
2026-09-28,US,Charlotte,North Carolina,35.227,-80.843,427.7,10,
2026-09-28,US,Portland,Oregon,45.523,-122.676,414.12,10,
2026-09-28,US,Boston,Massachusetts,42.358,-71.06,402.39,10,
2026-09-28,US,San Jose,California,37.339,-121.895,396.92,11,
2026-09-28,US,Orlando,Florida,28.538,-81.379,395.24,8,
2026-09-28,US,Reading,Massachusetts,42.526,-71.095,384.86,24,
2026-09-28,US,Alexandria,Virginia,38.805,-77.047,343.22,8,
2026-09-28,US,Honolulu,Hawaii,21.307,-157.858,338.02,7,
2026-09-28,US,San Antonio,Texas,29.424,-98.494,310.45,7,
2026-09-28,US,Naples,Florida,26.142,-81.796,308.78,7,
2026-09-28,US,Cincinnati,Ohio,39.127,-84.514,300.83,6,
2026-09-28,US,Nashville,Tennessee,36.166,-86.784,287.01,7,
2026-09-28,US,Tampa,Florida,27.948,-82.458,281.71999999999997,5,
2026-09-28,US,Pittsburgh,Pennsylvania,40.441,-79.996,275.18,7,
2026-09-28,US,Raleigh,North Carolina,35.772,-78.639,272.51,7,
2026-09-28,US,Oakland,California,37.804,-122.271,270.76,8,
2026-09-28,US,Fort Worth,Texas,32.725,-97.321,253.26,4,
2026-09-28,US,Columbus,Ohio,39.961,-82.999,251.02,4,
2026-09-28,US,Arlington,Virginia,38.881,-77.104,246.49,7,
2026-09-28,US,Las Vegas,Nevada,36.175,-115.137,243.93,4,
2026-09-28,US,Boca Raton,Florida,26.359,-80.083,242.96,4,
2026-09-28,US,Jersey City,New Jersey,40.728,-74.078,237.39,7,
2026-09-28,US,Marietta,Georgia,33.953,-84.55,227.88,3,
2026-09-28,US,Denver,Colorado,39.739,-104.985,227.58,4,
2026-09-28,US,Louisville,Kentucky,38.254,-85.759,212.58,2,
2026-09-28,US,Minneapolis,Minnesota,44.98,-93.264,211.7,7,
2026-09-28,US,Saint Louis,Missouri,38.652,-90.205,204.01,3,
2026-09-28,US,Staten Island,New York,40.562,-74.14,201.42000000000002,3,
2026-09-28,US,Indianapolis,Indiana,39.768,-86.158,195.13,1,
2026-09-28,US,Virginia Beach,Virginia,36.853,-75.978,193.75,1,
2026-09-28,US,Richmond,Virginia,37.554,-77.46,190.57,1,
2026-09-28,US,Phoenix,Arizona,33.448,-112.074,186.11,1,
2026-09-28,US,Bronx,New York,40.85,-73.866,183.55,4,
2026-09-28,US,Tulsa,Oklahoma,36.154,-95.993,182.44,1,
2026-09-28,US,Greenwich,Connecticut,41.026,-73.628,170.9,0,
2026-09-28,US,Baton Rouge,Louisiana,30.443,-91.187,168.95,1,
2026-09-28,US,Knoxville,Tennessee,35.961,-83.921,167.21,1,
2026-09-28,US,Tucson,Arizona,32.222,-110.926,163.03,1,
2026-09-28,US,Bethesda,Maryland,38.981,-77.1,157.35,1,
2026-09-28,US,Edmond,Oklahoma,35.653,-97.478,154.03,4,
2026-09-28,US,Scottsdale,Arizona,33.509,-111.899,151.38,1,
2026-09-28,US,Baltimore,Maryland,39.29,-76.612,150.52,1,
2026-09-28,US,Birmingham,Alabama,33.521,-86.802,150.51,1,
2026-09-28,US,Lexington,Kentucky,37.989,-84.478,146.54,1,
2026-09-28,US,Greenville,South Carolina,34.853,-82.394,145.43,1,
2026-09-28,US,Cambridge,Massachusetts,42.375,-71.106,144.57999999999998,1,
2026-09-28,US,New Orleans,Louisiana,29.955,-90.075,130.54,1,
2026-09-28,US,Charleston,South Carolina,32.776,-79.933,130.29,1,
2026-09-28,US,Memphis,Tennessee,35.15,-90.049,129.75,1,
2026-09-28,US,Savannah,Georgia,32.084,-81.1,129.64,1,
2026-09-28,US,Wilmington,North Carolina,34.236,-77.946,127.14,1,
2026-09-28,US,Albuquerque,New Mexico,35.084,-106.651,126.08,1,
2026-09-28,US,Hoboken,New Jersey,40.744,-74.032,122.72,1,
2026-09-28,US,Naperville,Illinois,41.786,-88.147,122.53,0,
2026-09-28,US,Grand Rapids,Michigan,42.963,-85.668,122.43,0,
2026-09-28,US,Franklin,Tennessee,35.925,-86.869,121.96,1,
2026-09-28,US,Huntsville,Alabama,34.73,-86.586,120.31,1,
2026-09-28,US,Kansas City,Missouri,39.1,-94.579,119.53999999999999,1,
2026-09-28,US,Fairfax,Virginia,38.846,-77.306,118.91,1,
2026-09-28,US,Shreveport,Louisiana,32.525,-93.75,117.61,0,
2026-09-28,US,Colorado Springs,Colorado,38.834,-104.821,117.59,1,
2026-09-28,US,Wilmington,Delaware,39.746,-75.547,112.33,1,
2026-09-28,US,Ann Arbor,Michigan,42.278,-83.741,111.58,1,
2026-09-28,US,Astoria,New York,40.772,-73.93,110.55,1,
2026-09-28,US,Vancouver,Washington,45.639,-122.661,110.25,1,
2026-09-28,US,Bellevue,Washington,47.61,-122.201,110.15,1,
2026-09-28,US,Carmel,Indiana,39.978,-86.118,109.83,1,
2026-09-28,US,Alpharetta,Georgia,34.075,-84.294,107.29,1,
2026-09-28,US,Saint Paul,Minnesota,44.944,-93.093,106.64,1,
2026-09-28,US,Milwaukee,Wisconsin,43.039,-87.906,105.31,1,
2026-09-28,US,Little Rock,Arkansas,34.746,-92.29,103.62,0,
2026-09-28,US,Myrtle Beach,South Carolina,33.689,-78.887,99.68,0,
2026-09-28,US,Lafayette,Louisiana,30.224,-92.02,99.08,0,
2026-09-28,US,Dayton,Ohio,39.759,-84.192,95.85,0,
2026-09-28,US,Chapel Hill,North Carolina,35.913,-79.056,94.84,1,
2026-09-28,US,Wichita,Kansas,37.692,-97.338,94.2,0,
2026-09-28,US,Omaha,Nebraska,41.256,-95.94,94.09,1,
2026-09-28,US,Columbia,South Carolina,34.001,-81.035,93.3,0,
2026-09-28,US,Oklahoma City,Oklahoma,35.468,-97.516,93.16,0,
2026-09-28,US,Tacoma,Washington,47.253,-122.444,90.51,1,
2026-09-28,US,Durham,North Carolina,35.994,-78.899,90.38,1,
2026-09-28,US,Henderson,Nevada,36.04,-114.982,89.75,7,
2026-09-28,US,Silver Spring,Maryland,38.991,-77.026,89.21,1,
2026-09-28,US,Overland Park,Kansas,38.982,-94.671,87.84,0,
2026-09-28,US,Mount Pleasant,South Carolina,32.794,-79.863,85.53,0,
2026-09-28,US,Madison,Wisconsin,43.073,-89.401,83.65,0,
2026-09-28,US,Rockville,Maryland,39.084,-77.153,83.28,0,
2026-09-28,US,Fort Wayne,Indiana,41.131,-85.129,82.69,0,
2026-09-28,US,Morristown,New Jersey,40.797,-74.482,82.14,0,
2026-09-28,US,Decatur,Georgia,33.775,-84.296,80.83,0,
2026-09-28,US,Reno,Nevada,39.53,-119.814,80.03999999999999,0,
2026-09-28,US,Annapolis,Maryland,38.979,-76.492,78.35,0,
2026-09-28,US,Westfield,New Jersey,40.659,-74.347,75.34,0,
2026-09-28,US,Chattanooga,Tennessee,35.046,-85.31,74.44,0,
2026-09-28,US,Somerville,Massachusetts,42.388,-71.1,73.92,0,
2026-09-28,US,Bloomfield Hills,Michigan,42.584,-83.245,73.34,0,
2026-09-28,US,Lancaster,Pennsylvania,40.038,-76.306,73.22,0,
2026-09-28,US,Lake Oswego,Oregon,45.421,-122.671,73.06,0,
2026-09-28,US,Evanston,Illinois,42.041,-87.69,71.99,0,
2026-09-28,US,West Chester,Pennsylvania,39.961,-75.608,71.04,0,
2026-09-28,US,Salt Lake City,Utah,40.761,-111.891,68.39,0,
2026-09-28,US,New Canaan,Connecticut,41.147,-73.495,67.56,0,
2026-09-28,US,Boise,Idaho,43.614,-116.203,67.39,0,
2026-09-28,US,Ewa Beach,Hawaii,21.316,-158.007,67.0,0,
2026-09-28,US,Wilmette,Illinois,42.072,-87.723,66.62,0,
2026-09-28,US,Dublin,Ohio,40.099,-83.114,66.16,0,
2026-09-28,US,Littleton,Colorado,39.613,-105.017,66.02,0,
2026-09-28,US,Mobile,Alabama,30.694,-88.043,65.73,0,
2026-09-28,US,Stamford,Connecticut,41.053,-73.539,65.7,0,
2026-09-28,US,Doylestown,Pennsylvania,40.31,-75.13,65.65,0,
2026-09-28,US,Fairfield,Connecticut,41.141,-73.264,63.07,0,
2026-09-28,US,Chesterfield,Missouri,38.663,-90.577,62.45,0,
2026-09-28,US,Princeton,New Jersey,40.349,-74.659,61.31,0,
2026-09-28,US,Cleveland,Ohio,41.5,-81.695,60.660000000000004,0,
2026-09-28,US,Metairie,Louisiana,29.984,-90.153,60.49,0,
2026-09-28,US,Providence,Rhode Island,41.824,-71.413,59.82,0,
2026-09-28,US,Bloomington,Indiana,39.165,-86.526,59.480000000000004,0,
2026-09-28,US,Downers Grove,Illinois,41.809,-88.011,58.57,0,
2026-09-28,US,Bentonville,Arkansas,36.373,-94.209,56.49,0,
2026-09-28,US,Fort Collins,Colorado,40.585,-105.084,56.43,0,
2026-09-28,US,Mesa,Arizona,33.422,-111.823,55.95,0,
2026-09-28,US,Norwalk,Connecticut,41.118,-73.408,55.21,0,
2026-09-28,US,Aurora,Colorado,39.729,-104.832,54.36,0,
2026-09-28,US,Gilbert,Arizona,33.353,-111.789,54.34,0,
2026-09-28,US,Eugene,Oregon,44.052,-123.087,52.02,0,
2026-09-28,US,Plymouth,Minnesota,45.011,-93.456,49.1,0,
2026-09-28,US,Beaverton,Oregon,45.487,-122.804,48.92,0,
2026-09-28,US,Madison,Alabama,34.699,-86.748,47.49,0,
2026-09-28,US,Kailua,Hawaii,21.402,-157.741,46.97,0,
2026-09-28,US,Olathe,Kansas,38.881,-94.819,46.84,0,
2026-09-28,US,Norman,Oklahoma,35.223,-97.439,46.339999999999996,0,
2026-09-28,US,Springfield,Missouri,37.215,-93.298,45.83,0,
2026-09-28,US,Saint Charles,Missouri,38.784,-90.481,45.26,0,
2026-09-28,US,Plymouth,Michigan,42.371,-83.47,43.85,0,
2026-09-28,US,Newark,Delaware,39.684,-75.75,43.41,0,
2026-09-28,US,Kaneohe,Hawaii,21.4,-157.799,42.99,0,
2026-09-28,US,Lincoln,Nebraska,40.8,-96.667,42.730000000000004,0,
2026-09-28,US,Salem,Oregon,44.943,-123.035,42.69,0,
2026-09-28,US,Berkley,Massachusetts,41.846,-71.083,42.33,1,
2026-09-28,US,Rogers,Arkansas,36.332,-94.119,41.53,0,
2026-09-28,US,Morgantown,West Virginia,39.63,-79.956,41.32,0,
2026-09-28,US,Santa Fe,New Mexico,35.687,-105.938,41.21,0,
2026-09-28,US,Cedar Rapids,Iowa,42.008,-91.644,40.28,0,
2026-09-28,US,New Castle,Delaware,39.659,-75.564,40.03,0,
2026-09-28,US,Meridian,Idaho,43.612,-116.392,39.9,0,
2026-09-28,US,Fairhope,Alabama,30.523,-87.903,39.72,0,
2026-09-28,US,Spokane,Washington,47.657,-117.425,39.21,0,
2026-09-28,US,Fayetteville,Arkansas,36.063,-94.157,38.17,0,
2026-09-28,US,Jonesboro,Arkansas,35.842,-90.704,38.12,0,
2026-09-28,US,Macomb,Michigan,42.701,-82.959,37.8,0,
2026-09-28,US,Lewes,Delaware,38.775,-75.139,37.27,0,
2026-09-28,US,West Lafayette,Indiana,40.426,-86.908,37.089999999999996,0,
2026-09-28,US,South Jordan,Utah,40.562,-111.93,36.91,0,
2026-09-28,US,Portland,Maine,43.657,-70.259,36.8,0,
2026-09-28,US,Mililani,Hawaii,21.45,-158.015,36.23,0,
2026-09-28,US,Broken Arrow,Oklahoma,36.053,-95.791,35.9,0,
2026-09-28,US,Nashua,New Hampshire,42.765,-71.468,34.81,0,
2026-09-28,US,Manchester,New Hampshire,42.996,-71.455,34.28,0,
2026-09-28,US,Paducah,Kentucky,37.083,-88.6,33.64,0,
2026-09-28,US,Eden Prairie,Minnesota,44.855,-93.471,33.18,0,
2026-09-28,US,Barrington,Rhode Island,41.741,-71.309,31.9,0,
2026-09-28,US,Anchorage,Alaska,61.218,-149.9,31.01,0,
2026-09-28,US,Kuna,Idaho,43.492,-116.42,30.86,0,
2026-09-28,US,Madison,Mississippi,32.462,-90.115,30.2,0,
2026-09-28,US,Iowa City,Iowa,41.661,-91.53,29.43,0,
2026-09-28,US,Park City,Utah,40.646,-111.498,29.419999999999998,0,
2026-09-28,US,Las Cruces,New Mexico,32.312,-106.778,28.98,0,
2026-09-28,US,Lawrence,Kansas,38.972,-95.235,28.33,0,
2026-09-28,US,Bowling Green,Kentucky,36.99,-86.444,27.66,0,
2026-09-28,US,Des Moines,Iowa,41.601,-93.609,27.580000000000002,0,
2026-09-28,US,Minnetonka,Minnesota,44.913,-93.503,27.26,0,
2026-09-28,US,Whitefish Bay,Wisconsin,43.113,-87.9,27.11,0,
2026-09-28,US,Waukesha,Wisconsin,43.012,-88.231,26.69,0,
2026-09-28,US,Fargo,North Dakota,46.877,-96.79,26.63,0,
2026-09-28,US,Gulfport,Mississippi,30.367,-89.093,26.35,0,
2026-09-28,US,Leawood,Kansas,38.967,-94.617,26.14,0,
2026-09-28,US,Billings,Montana,45.783,-108.501,25.78,0,
2026-09-28,US,Appleton,Wisconsin,44.262,-88.415,24.6,0,
2026-09-28,US,Sioux Falls,South Dakota,43.55,-96.7,24.6,0,
2026-09-28,US,Scarborough,Maine,43.578,-70.322,24.41,0,
2026-09-28,US,Sandy,Utah,40.592,-111.884,23.75,0,
2026-09-28,US,Elkhorn,Nebraska,41.345,-96.256,23.73,0,
2026-09-28,US,Hampton,New Hampshire,42.938,-70.839,23.64,0,
2026-09-28,US,Wheeling,West Virginia,40.064,-80.721,23.16,0,
2026-09-28,US,West Des Moines,Iowa,41.577,-93.711,22.41,0,
2026-09-28,US,Portsmouth,New Hampshire,43.077,-70.758,20.95,0,
2026-09-28,US,Cheyenne,Wyoming,41.14,-104.82,20.44,0,
2026-09-28,US,Huntington,West Virginia,38.419,-82.445,20.22,0,
2026-09-28,US,Bozeman,Montana,45.68,-111.039,20.009999999999998,0,
2026-09-28,US,Middletown,Delaware,39.45,-75.716,19.48,0,
2026-09-28,US,Ames,Iowa,42.035,-93.62,19.37,0,
2026-09-28,US,Warwick,Rhode Island,41.7,-71.416,19.06,0,
2026-09-28,US,South Burlington,Vermont,44.467,-73.171,18.85,0,
2026-09-28,US,Eagle,Idaho,43.695,-116.354,18.32,0,
2026-09-28,US,Charleston,West Virginia,38.35,-81.633,17.28,0,
2026-09-28,US,Southaven,Mississippi,34.989,-90.013,17.03,0,
2026-09-28,US,Cranston,Rhode Island,41.78,-71.437,16.85,0,
2026-09-28,US,Falmouth,Maine,43.73,-70.242,16.85,0,
2026-09-28,US,Sheridan,Wyoming,44.797,-106.956,16.63,0,
2026-09-28,US,Jackson,Mississippi,32.299,-90.185,16.2,0,
2026-09-28,US,West Fargo,North Dakota,46.875,-96.9,15.95,0,
2026-09-28,US,Exeter,New Hampshire,42.981,-70.948,15.16,0,
2026-09-28,US,Papillion,Nebraska,41.154,-96.042,15.09,0,
2026-09-28,US,East Greenwich,Rhode Island,41.66,-71.456,15.02,0,
2026-09-28,US,Burlington,Vermont,44.476,-73.212,14.76,0,
2026-09-28,US,Kalispell,Montana,48.196,-114.313,14.620000000000001,0,
2026-09-28,US,Hattiesburg,Mississippi,31.327,-89.29,14.5,0,
2026-09-28,US,Rock Springs,Wyoming,41.587,-109.203,13.25,0,
2026-09-28,US,Stowe,Vermont,44.465,-72.685,13.16,0,
2026-09-28,US,Los Alamos,New Mexico,35.888,-106.307,13.12,0,
2026-09-28,US,Rapid City,South Dakota,44.081,-103.231,12.98,0,
2026-09-28,US,Bangor,Maine,44.799,-68.773,12.06,0,
2026-09-28,US,Cordova,Alaska,60.543,-145.759,11.99,0,
2026-09-28,US,Great Falls,Montana,47.5,-111.301,11.91,0,
2026-09-28,US,Tijeras,New Mexico,35.081,-106.388,11.700000000000001,0,
2026-09-28,US,Missoula,Montana,46.872,-113.994,11.52,0,
2026-09-28,US,Bismarck,North Dakota,46.808,-100.784,11.209999999999999,0,
2026-09-28,US,Dickinson,North Dakota,46.879,-102.79,10.61,0,
2026-09-28,US,Hurricane,West Virginia,38.433,-82.02,10.51,0,
2026-09-28,US,Bellevue,Nebraska,41.137,-95.891,9.94,0,
2026-09-28,US,Essex Junction,Vermont,44.491,-73.111,9.76,0,
2026-09-28,US,Eliot,Maine,43.153,-70.8,9.44,0,
2026-09-28,US,Middlesboro,Kentucky,36.608,-83.717,9.19,0,
2026-09-28,US,Fairbanks,Alaska,64.838,-147.716,8.98,0,
2026-09-28,US,Carson City,Nevada,39.164,-119.767,8.97,0,
2026-09-28,US,North Las Vegas,Nevada,36.199,-115.118,8.51,0,
2026-09-28,US,Hyde Park,Vermont,44.594,-72.617,8.370000000000001,0,
2026-09-28,US,Lennox,South Dakota,43.354,-96.892,7.44,0,
2026-09-28,US,Sitka,Alaska,57.053,-135.331,6.48,0,
2026-09-28,US,Cody,Wyoming,44.526,-109.057,5.63,0,
2026-09-28,US,Eagle Mountain,Utah,40.314,-111.985,5.37,0,
2026-09-28,US,Madison,South Dakota,44.006,-97.114,5.05,0,
2026-09-28,US,Casper,Wyoming,42.867,-106.313,4.26,0,
2026-09-28,US,Coeur D'Alene,Idaho,47.678,-116.78,4.17,0,
2026-09-28,US,Wasilla,Alaska,61.581,-149.442,4.06,0,
2026-09-28,US,Grand Forks,North Dakota,47.925,-97.033,3.62,0,
2026-09-28,US,Aberdeen,South Dakota,45.465,-98.486,3.47,0,
2026-09-29,US,New York,New York,40.714,-74.006,1819.34,89,
2026-09-29,US,Brooklyn,New York,40.65,-73.95,912.03,50,
2026-09-29,US,Chicago,Illinois,41.85,-87.65,685.3299999999999,37,
2026-09-29,US,Houston,Texas,29.763,-95.363,645.79,19,
2026-09-29,US,Miami,Florida,25.774,-80.194,631.0,13,
2026-09-29,US,San Francisco,California,37.775,-122.419,581.32,22,
2026-09-29,US,Los Angeles,California,34.052,-118.244,564.42,26,
2026-09-29,US,Washington,District of Columbia,38.895,-77.036,410.49,13,
2026-09-29,US,Austin,Texas,30.267,-97.743,360.96000000000004,8,
2026-09-29,US,Seattle,Washington,47.606,-122.332,358.95,9,
2026-09-29,US,Dallas,Texas,32.783,-96.807,350.1,6,
2026-09-29,US,San Diego,California,32.716,-117.165,288.21,7,
2026-09-29,US,Atlanta,Georgia,33.749,-84.388,280.46999999999997,3,
2026-09-29,US,Philadelphia,Pennsylvania,39.952,-75.164,254.46,5,
2026-09-29,US,Charlotte,North Carolina,35.227,-80.843,246.16,2,
2026-09-29,US,Portland,Oregon,45.523,-122.676,238.27,2,
2026-09-29,US,Boston,Massachusetts,42.358,-71.06,231.55,2,
2026-09-29,US,San Jose,California,37.339,-121.895,228.43,3,
2026-09-29,US,Orlando,Florida,28.538,-81.379,227.51,2,
2026-09-29,US,Reading,Massachusetts,42.526,-71.095,221.47,17,
2026-09-29,US,Alexandria,Virginia,38.805,-77.047,197.56,2,
2026-09-29,US,Honolulu,Hawaii,21.307,-157.858,194.51,1,
2026-09-29,US,San Antonio,Texas,29.424,-98.494,178.68,2,
2026-09-29,US,Naples,Florida,26.142,-81.796,177.66,1,
2026-09-29,US,Cincinnati,Ohio,39.127,-84.514,173.18,1,
2026-09-29,US,Nashville,Tennessee,36.166,-86.784,165.23,1,
2026-09-29,US,Tampa,Florida,27.948,-82.458,162.16,1,
2026-09-29,US,Pittsburgh,Pennsylvania,40.441,-79.996,158.33,2,
2026-09-29,US,Raleigh,North Carolina,35.772,-78.639,156.78,1,
2026-09-29,US,Oakland,California,37.804,-122.271,155.86,2,
2026-09-29,US,Fort Worth,Texas,32.725,-97.321,145.74,1,
2026-09-29,US,Columbus,Ohio,39.961,-82.999,144.52,1,
2026-09-29,US,Arlington,Virginia,38.881,-77.104,141.82,1,
2026-09-29,US,Las Vegas,Nevada,36.175,-115.137,140.32,1,
2026-09-29,US,Boca Raton,Florida,26.359,-80.083,139.84,1,
2026-09-29,US,Jersey City,New Jersey,40.728,-74.078,136.68,1,
2026-09-29,US,Marietta,Georgia,33.953,-84.55,131.18,1,
2026-09-29,US,Denver,Colorado,39.739,-104.985,130.97,1,
2026-09-29,US,Louisville,Kentucky,38.254,-85.759,122.37,1,
2026-09-29,US,Minneapolis,Minnesota,44.98,-93.264,121.82000000000001,1,
2026-09-29,US,Saint Louis,Missouri,38.652,-90.205,117.34,1,
2026-09-29,US,Staten Island,New York,40.562,-74.14,115.87,1,
2026-09-29,US,Indianapolis,Indiana,39.768,-86.158,112.25,1,
2026-09-29,US,Virginia Beach,Virginia,36.853,-75.978,111.49,1,
2026-09-29,US,Richmond,Virginia,37.554,-77.46,109.7,1,
2026-09-29,US,Phoenix,Arizona,33.448,-112.074,107.02,0,
2026-09-29,US,Bronx,New York,40.85,-73.866,105.65,1,
2026-09-29,US,Tulsa,Oklahoma,36.154,-95.993,104.98,0,
2026-09-29,US,Greenwich,Connecticut,41.026,-73.628,98.32,0,
2026-09-29,US,Baton Rouge,Louisiana,30.443,-91.187,97.26,0,
2026-09-29,US,Knoxville,Tennessee,35.961,-83.921,96.2,0,
2026-09-29,US,Tucson,Arizona,32.222,-110.926,93.78,0,
2026-09-29,US,Bethesda,Maryland,38.981,-77.1,90.47,0,
2026-09-29,US,Edmond,Oklahoma,35.653,-97.478,88.66,1,
2026-09-29,US,Scottsdale,Arizona,33.509,-111.899,87.13,0,
2026-09-29,US,Baltimore,Maryland,39.29,-76.612,86.64,0,
2026-09-29,US,Birmingham,Alabama,33.521,-86.802,86.64,0,
2026-09-29,US,Lexington,Kentucky,37.989,-84.478,84.28,0,
2026-09-29,US,Greenville,South Carolina,34.853,-82.394,83.7,0,
2026-09-29,US,Cambridge,Massachusetts,42.375,-71.106,83.17,0,
2026-09-29,US,New Orleans,Louisiana,29.955,-90.075,75.1,0,
2026-09-29,US,Charleston,South Carolina,32.776,-79.933,75.03,0,
2026-09-29,US,Memphis,Tennessee,35.15,-90.049,74.7,0,
2026-09-29,US,Savannah,Georgia,32.084,-81.1,74.6,0,
2026-09-29,US,Wilmington,North Carolina,34.236,-77.946,73.16,0,
2026-09-29,US,Albuquerque,New Mexico,35.084,-106.651,72.53,0,
2026-09-29,US,Hoboken,New Jersey,40.744,-74.032,70.61,0,
2026-09-29,US,Naperville,Illinois,41.786,-88.147,70.52,0,
2026-09-29,US,Grand Rapids,Michigan,42.963,-85.668,70.41,0,
2026-09-29,US,Franklin,Tennessee,35.925,-86.869,70.2,0,
2026-09-29,US,Huntsville,Alabama,34.73,-86.586,69.27,0,
2026-09-29,US,Kansas City,Missouri,39.1,-94.579,68.76,0,
2026-09-29,US,Fairfax,Virginia,38.846,-77.306,68.4,0,
2026-09-29,US,Colorado Springs,Colorado,38.834,-104.821,67.68,0,
2026-09-29,US,Shreveport,Louisiana,32.525,-93.75,67.67,0,
2026-09-29,US,Wilmington,Delaware,39.746,-75.547,64.62,0,
2026-09-29,US,Ann Arbor,Michigan,42.278,-83.741,64.21000000000001,0,
2026-09-29,US,Astoria,New York,40.772,-73.93,63.63,0,
2026-09-29,US,Vancouver,Washington,45.639,-122.661,63.42,0,
2026-09-29,US,Bellevue,Washington,47.61,-122.201,63.33,0,
2026-09-29,US,Carmel,Indiana,39.978,-86.118,63.26,0,
2026-09-29,US,Alpharetta,Georgia,34.075,-84.294,61.69,0,
2026-09-29,US,Saint Paul,Minnesota,44.944,-93.093,61.36,0,
2026-09-29,US,Milwaukee,Wisconsin,43.039,-87.906,60.62,0,
2026-09-29,US,Little Rock,Arkansas,34.746,-92.29,59.6,0,
2026-09-29,US,Myrtle Beach,South Carolina,33.689,-78.887,57.41,0,
2026-09-29,US,Lafayette,Louisiana,30.224,-92.02,57.0,0,
2026-09-29,US,Dayton,Ohio,39.759,-84.192,55.2,0,
2026-09-29,US,Chapel Hill,North Carolina,35.913,-79.056,54.54,0,
2026-09-29,US,Wichita,Kansas,37.692,-97.338,54.24,0,
2026-09-29,US,Omaha,Nebraska,41.256,-95.94,54.15,0,
2026-09-29,US,Columbia,South Carolina,34.001,-81.035,53.7,0,
2026-09-29,US,Oklahoma City,Oklahoma,35.468,-97.516,53.57,0,
2026-09-29,US,Tacoma,Washington,47.253,-122.444,52.12,0,
2026-09-29,US,Durham,North Carolina,35.994,-78.899,51.99,0,
2026-09-29,US,Henderson,Nevada,36.04,-114.982,51.63,1,
2026-09-29,US,Silver Spring,Maryland,38.991,-77.026,51.31,0,
2026-09-29,US,Overland Park,Kansas,38.982,-94.671,50.54,0,
2026-09-29,US,Mount Pleasant,South Carolina,32.794,-79.863,49.22,0,
2026-09-29,US,Madison,Wisconsin,43.073,-89.401,48.1,0,
2026-09-29,US,Rockville,Maryland,39.084,-77.153,47.97,0,
2026-09-29,US,Fort Wayne,Indiana,41.131,-85.129,47.6,0,
2026-09-29,US,Morristown,New Jersey,40.797,-74.482,47.29,0,
2026-09-29,US,Decatur,Georgia,33.775,-84.296,46.55,0,
2026-09-29,US,Reno,Nevada,39.53,-119.814,46.050000000000004,0,
2026-09-29,US,Annapolis,Maryland,38.979,-76.492,45.089999999999996,0,
2026-09-29,US,Westfield,New Jersey,40.659,-74.347,43.33,0,
2026-09-29,US,Chattanooga,Tennessee,35.046,-85.31,42.82,0,
2026-09-29,US,Somerville,Massachusetts,42.388,-71.1,42.54,0,
2026-09-29,US,Bloomfield Hills,Michigan,42.584,-83.245,42.17,0,
2026-09-29,US,Lake Oswego,Oregon,45.421,-122.671,42.1,0,
2026-09-29,US,Lancaster,Pennsylvania,40.038,-76.306,42.09,0,
2026-09-29,US,Evanston,Illinois,42.041,-87.69,41.33,0,
2026-09-29,US,West Chester,Pennsylvania,39.961,-75.608,40.86,0,
2026-09-29,US,Salt Lake City,Utah,40.761,-111.891,39.38,0,
2026-09-29,US,New Canaan,Connecticut,41.147,-73.495,38.84,0,
2026-09-29,US,Boise,Idaho,43.614,-116.203,38.74,0,
2026-09-29,US,Ewa Beach,Hawaii,21.316,-158.007,38.52,0,
2026-09-29,US,Wilmette,Illinois,42.072,-87.723,38.27,0,
2026-09-29,US,Littleton,Colorado,39.613,-105.017,38.02,0,
2026-09-29,US,Dublin,Ohio,40.099,-83.114,37.98,0,
2026-09-29,US,Stamford,Connecticut,41.053,-73.539,37.79,0,
2026-09-29,US,Doylestown,Pennsylvania,40.31,-75.13,37.78,0,
2026-09-29,US,Mobile,Alabama,30.694,-88.043,37.75,0,
2026-09-29,US,Fairfield,Connecticut,41.141,-73.264,36.26,0,
2026-09-29,US,Chesterfield,Missouri,38.663,-90.577,35.94,0,
2026-09-29,US,Princeton,New Jersey,40.349,-74.659,35.26,0,
2026-09-29,US,Cleveland,Ohio,41.5,-81.695,34.86,0,
2026-09-29,US,Metairie,Louisiana,29.984,-90.153,34.8,0,
2026-09-29,US,Providence,Rhode Island,41.824,-71.413,34.42,0,
2026-09-29,US,Bloomington,Indiana,39.165,-86.526,34.24,0,
2026-09-29,US,Downers Grove,Illinois,41.809,-88.011,33.7,0,
2026-09-29,US,Bentonville,Arkansas,36.373,-94.209,32.5,0,
2026-09-29,US,Fort Collins,Colorado,40.585,-105.084,32.480000000000004,0,
2026-09-29,US,Mesa,Arizona,33.422,-111.823,32.19,0,
2026-09-29,US,Norwalk,Connecticut,41.118,-73.408,31.77,0,
2026-09-29,US,Aurora,Colorado,39.729,-104.832,31.28,0,
2026-09-29,US,Gilbert,Arizona,33.353,-111.789,31.27,0,
2026-09-29,US,Eugene,Oregon,44.052,-123.087,29.900000000000002,0,
2026-09-29,US,Plymouth,Minnesota,45.011,-93.456,28.24,0,
2026-09-29,US,Beaverton,Oregon,45.487,-122.804,28.12,0,
2026-09-29,US,Madison,Alabama,34.699,-86.748,27.39,0,
2026-09-29,US,Kailua,Hawaii,21.402,-157.741,27.05,0,
2026-09-29,US,Olathe,Kansas,38.881,-94.819,27.0,0,
2026-09-29,US,Norman,Oklahoma,35.223,-97.439,26.62,0,
2026-09-29,US,Springfield,Missouri,37.215,-93.298,26.38,0,
2026-09-29,US,Saint Charles,Missouri,38.784,-90.481,26.11,0,
2026-09-29,US,Plymouth,Michigan,42.371,-83.47,25.21,0,
2026-09-29,US,Newark,Delaware,39.684,-75.75,24.99,0,
2026-09-29,US,Kaneohe,Hawaii,21.4,-157.799,24.8,0,
2026-09-29,US,Lincoln,Nebraska,40.8,-96.667,24.62,0,
2026-09-29,US,Salem,Oregon,44.943,-123.035,24.56,0,
2026-09-29,US,Berkley,Massachusetts,41.846,-71.083,24.29,0,
2026-09-29,US,Rogers,Arkansas,36.332,-94.119,23.9,0,
2026-09-29,US,Morgantown,West Virginia,39.63,-79.956,23.79,0,
2026-09-29,US,Santa Fe,New Mexico,35.687,-105.938,23.71,0,
2026-09-29,US,Cedar Rapids,Iowa,42.008,-91.644,23.18,0,
2026-09-29,US,New Castle,Delaware,39.659,-75.564,23.05,0,
2026-09-29,US,Meridian,Idaho,43.612,-116.392,22.97,0,
2026-09-29,US,Fairhope,Alabama,30.523,-87.903,22.87,0,
2026-09-29,US,Spokane,Washington,47.657,-117.425,22.56,0,
2026-09-29,US,Fayetteville,Arkansas,36.063,-94.157,21.94,0,
2026-09-29,US,Jonesboro,Arkansas,35.842,-90.704,21.91,0,
2026-09-29,US,Macomb,Michigan,42.701,-82.959,21.73,0,
2026-09-29,US,Lewes,Delaware,38.775,-75.139,21.45,0,
2026-09-29,US,West Lafayette,Indiana,40.426,-86.908,21.37,0,
2026-09-29,US,South Jordan,Utah,40.562,-111.93,21.25,0,
2026-09-29,US,Portland,Maine,43.657,-70.259,21.19,0,
2026-09-29,US,Mililani,Hawaii,21.45,-158.015,20.82,0,
2026-09-29,US,Broken Arrow,Oklahoma,36.053,-95.791,20.65,0,
2026-09-29,US,Nashua,New Hampshire,42.765,-71.468,20.01,0,
2026-09-29,US,Manchester,New Hampshire,42.996,-71.455,19.72,0,
2026-09-29,US,Paducah,Kentucky,37.083,-88.6,19.39,0,
2026-09-29,US,Eden Prairie,Minnesota,44.855,-93.471,19.1,0,
2026-09-29,US,Barrington,Rhode Island,41.741,-71.309,18.39,0,
2026-09-29,US,Anchorage,Alaska,61.218,-149.9,17.78,0,
2026-09-29,US,Kuna,Idaho,43.492,-116.42,17.71,0,
2026-09-29,US,Madison,Mississippi,32.462,-90.115,17.37,0,
2026-09-29,US,Iowa City,Iowa,41.661,-91.53,16.95,0,
2026-09-29,US,Park City,Utah,40.646,-111.498,16.95,0,
2026-09-29,US,Las Cruces,New Mexico,32.312,-106.778,16.67,0,
2026-09-29,US,Lawrence,Kansas,38.972,-95.235,16.3,0,
2026-09-29,US,Bowling Green,Kentucky,36.99,-86.444,15.99,0,
2026-09-29,US,Des Moines,Iowa,41.601,-93.609,15.86,0,
2026-09-29,US,Minnetonka,Minnesota,44.913,-93.503,15.66,0,
2026-09-29,US,Whitefish Bay,Wisconsin,43.113,-87.9,15.62,0,
2026-09-29,US,Waukesha,Wisconsin,43.012,-88.231,15.38,0,
2026-09-29,US,Fargo,North Dakota,46.877,-96.79,15.34,0,
2026-09-29,US,Gulfport,Mississippi,30.367,-89.093,15.22,0,
2026-09-29,US,Leawood,Kansas,38.967,-94.617,15.08,0,
2026-09-29,US,Billings,Montana,45.783,-108.501,14.83,0,
2026-09-29,US,Appleton,Wisconsin,44.262,-88.415,14.18,0,
2026-09-29,US,Sioux Falls,South Dakota,43.55,-96.7,14.17,0,
2026-09-29,US,Scarborough,Maine,43.578,-70.322,14.040000000000001,0,
2026-09-29,US,Sandy,Utah,40.592,-111.884,13.63,0,
2026-09-29,US,Elkhorn,Nebraska,41.345,-96.256,13.620000000000001,0,
2026-09-29,US,Hampton,New Hampshire,42.938,-70.839,13.6,0,
2026-09-29,US,Wheeling,West Virginia,40.064,-80.721,13.33,0,
2026-09-29,US,West Des Moines,Iowa,41.577,-93.711,12.85,0,
2026-09-29,US,Portsmouth,New Hampshire,43.077,-70.758,12.06,0,
2026-09-29,US,Cheyenne,Wyoming,41.14,-104.82,11.74,0,
2026-09-29,US,Huntington,West Virginia,38.419,-82.445,11.59,0,
2026-09-29,US,Bozeman,Montana,45.68,-111.039,11.47,0,
2026-09-29,US,Middletown,Delaware,39.45,-75.716,11.19,0,
2026-09-29,US,Ames,Iowa,42.035,-93.62,11.15,0,
2026-09-29,US,Warwick,Rhode Island,41.7,-71.416,10.93,0,
2026-09-29,US,South Burlington,Vermont,44.467,-73.171,10.85,0,
2026-09-29,US,Eagle,Idaho,43.695,-116.354,10.55,0,
2026-09-29,US,Charleston,West Virginia,38.35,-81.633,9.91,0,
2026-09-29,US,Southaven,Mississippi,34.989,-90.013,9.83,0,
2026-09-29,US,Cranston,Rhode Island,41.78,-71.437,9.69,0,
2026-09-29,US,Falmouth,Maine,43.73,-70.242,9.69,0,
2026-09-29,US,Sheridan,Wyoming,44.797,-106.956,9.55,0,
2026-09-29,US,Jackson,Mississippi,32.299,-90.185,9.29,0,
2026-09-29,US,West Fargo,North Dakota,46.875,-96.9,9.19,0,
2026-09-29,US,Exeter,New Hampshire,42.981,-70.948,8.73,0,
2026-09-29,US,Papillion,Nebraska,41.154,-96.042,8.71,0,
2026-09-29,US,East Greenwich,Rhode Island,41.66,-71.456,8.68,0,
2026-09-29,US,Burlington,Vermont,44.476,-73.212,8.47,0,
2026-09-29,US,Kalispell,Montana,48.196,-114.313,8.44,0,
2026-09-29,US,Hattiesburg,Mississippi,31.327,-89.29,8.39,0,
2026-09-29,US,Rock Springs,Wyoming,41.587,-109.203,7.59,0,
2026-09-29,US,Stowe,Vermont,44.465,-72.685,7.55,0,
2026-09-29,US,Los Alamos,New Mexico,35.888,-106.307,7.54,0,
2026-09-29,US,Rapid City,South Dakota,44.081,-103.231,7.46,0,
2026-09-29,US,Bangor,Maine,44.799,-68.773,6.95,0,
2026-09-29,US,Cordova,Alaska,60.543,-145.759,6.89,0,
2026-09-29,US,Great Falls,Montana,47.5,-111.301,6.86,0,
2026-09-29,US,Tijeras,New Mexico,35.081,-106.388,6.74,0,
2026-09-29,US,Missoula,Montana,46.872,-113.994,6.62,0,
2026-09-29,US,Bismarck,North Dakota,46.808,-100.784,6.46,0,
2026-09-29,US,Dickinson,North Dakota,46.879,-102.79,6.09,0,
2026-09-29,US,Hurricane,West Virginia,38.433,-82.02,6.03,0,
2026-09-29,US,Bellevue,Nebraska,41.137,-95.891,5.75,0,
2026-09-29,US,Essex Junction,Vermont,44.491,-73.111,5.62,0,
2026-09-29,US,Eliot,Maine,43.153,-70.8,5.45,0,
2026-09-29,US,Middlesboro,Kentucky,36.608,-83.717,5.32,0,
2026-09-29,US,Carson City,Nevada,39.164,-119.767,5.21,0,
2026-09-29,US,Fairbanks,Alaska,64.838,-147.716,5.14,0,
2026-09-29,US,North Las Vegas,Nevada,36.199,-115.118,4.89,0,
2026-09-29,US,Hyde Park,Vermont,44.594,-72.617,4.83,0,
2026-09-29,US,Lennox,South Dakota,43.354,-96.892,4.29,0,
2026-09-29,US,Sitka,Alaska,57.053,-135.331,3.7,0,
2026-09-29,US,Cody,Wyoming,44.526,-109.057,3.26,0,
2026-09-29,US,Eagle Mountain,Utah,40.314,-111.985,3.13,0,
2026-09-29,US,Madison,South Dakota,44.006,-97.114,2.89,0,
2026-09-29,US,Casper,Wyoming,42.867,-106.313,2.46,0,
2026-09-29,US,Coeur D'Alene,Idaho,47.678,-116.78,2.4,0,
2026-09-29,US,Wasilla,Alaska,61.581,-149.442,2.38,0,
2026-09-29,US,Grand Forks,North Dakota,47.925,-97.033,2.12,0,
2026-09-29,US,Aberdeen,South Dakota,45.465,-98.486,2.04,0,
2026-09-30,US,New York,New York,40.714,-74.006,642.4300000000001,44,
2026-09-30,US,Brooklyn,New York,40.65,-73.95,321.55,20,
2026-09-30,US,Chicago,Illinois,41.85,-87.65,241.63,13,
2026-09-30,US,Houston,Texas,29.763,-95.363,227.68,5,
2026-09-30,US,Miami,Florida,25.774,-80.194,222.46,3,
2026-09-30,US,San Francisco,California,37.775,-122.419,204.95,6,
2026-09-30,US,Los Angeles,California,34.052,-118.244,199.02,9,
2026-09-30,US,Washington,District of Columbia,38.895,-77.036,144.71,3,
2026-09-30,US,Austin,Texas,30.267,-97.743,127.25,1,
2026-09-30,US,Seattle,Washington,47.606,-122.332,126.6,2,
2026-09-30,US,Dallas,Texas,32.783,-96.807,123.41,0,
2026-09-30,US,San Diego,California,32.716,-117.165,101.57,0,
2026-09-30,US,Atlanta,Georgia,33.749,-84.388,98.88,0,
2026-09-30,US,Philadelphia,Pennsylvania,39.952,-75.164,89.73,0,
2026-09-30,US,Charlotte,North Carolina,35.227,-80.843,86.81,0,
2026-09-30,US,Portland,Oregon,45.523,-122.676,84.08,0,
2026-09-30,US,Boston,Massachusetts,42.358,-71.06,81.65,0,
2026-09-30,US,San Jose,California,37.339,-121.895,80.55,0,
2026-09-30,US,Orlando,Florida,28.538,-81.379,80.19,0,
2026-09-30,US,Reading,Massachusetts,42.526,-71.095,78.09,4,
2026-09-30,US,Alexandria,Virginia,38.805,-77.047,69.66,0,
2026-09-30,US,Honolulu,Hawaii,21.307,-157.858,68.59,0,
2026-09-30,US,San Antonio,Texas,29.424,-98.494,62.980000000000004,0,
2026-09-30,US,Naples,Florida,26.142,-81.796,62.660000000000004,0,
2026-09-30,US,Cincinnati,Ohio,39.127,-84.514,61.09,0,
2026-09-30,US,Nashville,Tennessee,36.166,-86.784,58.25,0,
2026-09-30,US,Tampa,Florida,27.948,-82.458,57.18,0,
2026-09-30,US,Pittsburgh,Pennsylvania,40.441,-79.996,55.82,0,
2026-09-30,US,Raleigh,North Carolina,35.772,-78.639,55.25,0,
2026-09-30,US,Oakland,California,37.804,-122.271,54.95,0,
2026-09-30,US,Fort Worth,Texas,32.725,-97.321,51.38,0,
2026-09-30,US,Columbus,Ohio,39.961,-82.999,50.99,0,
2026-09-30,US,Arlington,Virginia,38.881,-77.104,49.98,0,
2026-09-30,US,Las Vegas,Nevada,36.175,-115.137,49.47,0,
2026-09-30,US,Boca Raton,Florida,26.359,-80.083,49.309999999999995,0,
2026-09-30,US,Jersey City,New Jersey,40.728,-74.078,48.18,0,
2026-09-30,US,Marietta,Georgia,33.953,-84.55,46.25,0,
2026-09-30,US,Denver,Colorado,39.739,-104.985,46.160000000000004,0,
2026-09-30,US,Louisville,Kentucky,38.254,-85.759,43.13,0,
2026-09-30,US,Minneapolis,Minnesota,44.98,-93.264,42.89,0,
2026-09-30,US,Saint Louis,Missouri,38.652,-90.205,41.36,0,
2026-09-30,US,Staten Island,New York,40.562,-74.14,40.83,0,
2026-09-30,US,Indianapolis,Indiana,39.768,-86.158,39.58,0,
2026-09-30,US,Virginia Beach,Virginia,36.853,-75.978,39.29,0,
2026-09-30,US,Richmond,Virginia,37.554,-77.46,38.69,0,
2026-09-30,US,Phoenix,Arizona,33.448,-112.074,37.73,0,
2026-09-30,US,Bronx,New York,40.85,-73.866,37.26,0,
2026-09-30,US,Tulsa,Oklahoma,36.154,-95.993,37.03,0,
2026-09-30,US,Greenwich,Connecticut,41.026,-73.628,34.61,0,
2026-09-30,US,Baton Rouge,Louisiana,30.443,-91.187,34.27,0,
2026-09-30,US,Knoxville,Tennessee,35.961,-83.921,33.93,0,
2026-09-30,US,Tucson,Arizona,32.222,-110.926,33.04,0,
2026-09-30,US,Bethesda,Maryland,38.981,-77.1,31.87,0,
2026-09-30,US,Edmond,Oklahoma,35.653,-97.478,31.26,0,
2026-09-30,US,Scottsdale,Arizona,33.509,-111.899,30.77,0,
2026-09-30,US,Birmingham,Alabama,33.521,-86.802,30.56,0,
2026-09-30,US,Baltimore,Maryland,39.29,-76.612,30.5,0,
2026-09-30,US,Lexington,Kentucky,37.989,-84.478,29.68,0,
2026-09-30,US,Greenville,South Carolina,34.853,-82.394,29.509999999999998,0,
2026-09-30,US,Cambridge,Massachusetts,42.375,-71.106,29.3,0,
2026-09-30,US,New Orleans,Louisiana,29.955,-90.075,26.51,0,
2026-09-30,US,Charleston,South Carolina,32.776,-79.933,26.41,0,
2026-09-30,US,Memphis,Tennessee,35.15,-90.049,26.36,0,
2026-09-30,US,Savannah,Georgia,32.084,-81.1,26.33,0,
2026-09-30,US,Wilmington,North Carolina,34.236,-77.946,25.76,0,
2026-09-30,US,Albuquerque,New Mexico,35.084,-106.651,25.61,0,
2026-09-30,US,Naperville,Illinois,41.786,-88.147,24.9,0,
2026-09-30,US,Hoboken,New Jersey,40.744,-74.032,24.88,0,
2026-09-30,US,Grand Rapids,Michigan,42.963,-85.668,24.8,0,
2026-09-30,US,Franklin,Tennessee,35.925,-86.869,24.77,0,
2026-09-30,US,Huntsville,Alabama,34.73,-86.586,24.41,0,
2026-09-30,US,Kansas City,Missouri,39.1,-94.579,24.19,0,
2026-09-30,US,Fairfax,Virginia,38.846,-77.306,24.16,0,
2026-09-30,US,Colorado Springs,Colorado,38.834,-104.821,23.88,0,
2026-09-30,US,Shreveport,Louisiana,32.525,-93.75,23.85,0,
2026-09-30,US,Wilmington,Delaware,39.746,-75.547,22.8,0,
2026-09-30,US,Ann Arbor,Michigan,42.278,-83.741,22.64,0,
2026-09-30,US,Astoria,New York,40.772,-73.93,22.43,0,
2026-09-30,US,Vancouver,Washington,45.639,-122.661,22.34,0,
2026-09-30,US,Carmel,Indiana,39.978,-86.118,22.31,0,
2026-09-30,US,Bellevue,Washington,47.61,-122.201,22.3,0,
2026-09-30,US,Alpharetta,Georgia,34.075,-84.294,21.76,0,
2026-09-30,US,Saint Paul,Minnesota,44.944,-93.093,21.62,0,
2026-09-30,US,Milwaukee,Wisconsin,43.039,-87.906,21.38,0,
2026-09-30,US,Little Rock,Arkansas,34.746,-92.29,21.02,0,
2026-09-30,US,Myrtle Beach,South Carolina,33.689,-78.887,20.23,0,
2026-09-30,US,Lafayette,Louisiana,30.224,-92.02,20.05,0,
2026-09-30,US,Dayton,Ohio,39.759,-84.192,19.42,0,
2026-09-30,US,Chapel Hill,North Carolina,35.913,-79.056,19.24,0,
2026-09-30,US,Wichita,Kansas,37.692,-97.338,19.11,0,
2026-09-30,US,Omaha,Nebraska,41.256,-95.94,19.09,0,
2026-09-30,US,Columbia,South Carolina,34.001,-81.035,18.93,0,
2026-09-30,US,Oklahoma City,Oklahoma,35.468,-97.516,18.86,0,
2026-09-30,US,Tacoma,Washington,47.253,-122.444,18.37,0,
2026-09-30,US,Durham,North Carolina,35.994,-78.899,18.35,0,
2026-09-30,US,Henderson,Nevada,36.04,-114.982,18.18,0,
2026-09-30,US,Silver Spring,Maryland,38.991,-77.026,18.11,0,
2026-09-30,US,Overland Park,Kansas,38.982,-94.671,17.84,0,
2026-09-30,US,Mount Pleasant,South Carolina,32.794,-79.863,17.330000000000002,0,
2026-09-30,US,Madison,Wisconsin,43.073,-89.401,16.92,0,
2026-09-30,US,Rockville,Maryland,39.084,-77.153,16.86,0,
2026-09-30,US,Fort Wayne,Indiana,41.131,-85.129,16.75,0,
2026-09-30,US,Morristown,New Jersey,40.797,-74.482,16.68,0,
2026-09-30,US,Decatur,Georgia,33.775,-84.296,16.46,0,
2026-09-30,US,Reno,Nevada,39.53,-119.814,16.24,0,
2026-09-30,US,Annapolis,Maryland,38.979,-76.492,15.88,0,
2026-09-30,US,Westfield,New Jersey,40.659,-74.347,15.27,0,
2026-09-30,US,Chattanooga,Tennessee,35.046,-85.31,15.12,0,
2026-09-30,US,Somerville,Massachusetts,42.388,-71.1,15.049999999999999,0,
2026-09-30,US,Bloomfield Hills,Michigan,42.584,-83.245,14.85,0,
2026-09-30,US,Lake Oswego,Oregon,45.421,-122.671,14.82,0,
2026-09-30,US,Lancaster,Pennsylvania,40.038,-76.306,14.81,0,
2026-09-30,US,Evanston,Illinois,42.041,-87.69,14.55,0,
2026-09-30,US,West Chester,Pennsylvania,39.961,-75.608,14.38,0,
2026-09-30,US,Salt Lake City,Utah,40.761,-111.891,13.9,0,
2026-09-30,US,New Canaan,Connecticut,41.147,-73.495,13.71,0,
2026-09-30,US,Boise,Idaho,43.614,-116.203,13.64,0,
2026-09-30,US,Ewa Beach,Hawaii,21.316,-158.007,13.59,0,
2026-09-30,US,Wilmette,Illinois,42.072,-87.723,13.5,0,
2026-09-30,US,Littleton,Colorado,39.613,-105.017,13.4,0,
2026-09-30,US,Dublin,Ohio,40.099,-83.114,13.39,0,
2026-09-30,US,Doylestown,Pennsylvania,40.31,-75.13,13.35,0,
2026-09-30,US,Stamford,Connecticut,41.053,-73.539,13.35,0,
2026-09-30,US,Mobile,Alabama,30.694,-88.043,13.33,0,
2026-09-30,US,Fairfield,Connecticut,41.141,-73.264,12.76,0,
2026-09-30,US,Chesterfield,Missouri,38.663,-90.577,12.65,0,
2026-09-30,US,Princeton,New Jersey,40.349,-74.659,12.41,0,
2026-09-30,US,Cleveland,Ohio,41.5,-81.695,12.34,0,
2026-09-30,US,Metairie,Louisiana,29.984,-90.153,12.309999999999999,0,
2026-09-30,US,Providence,Rhode Island,41.824,-71.413,12.16,0,
2026-09-30,US,Bloomington,Indiana,39.165,-86.526,12.07,0,
2026-09-30,US,Downers Grove,Illinois,41.809,-88.011,11.84,0,
2026-09-30,US,Bentonville,Arkansas,36.373,-94.209,11.51,0,
2026-09-30,US,Fort Collins,Colorado,40.585,-105.084,11.450000000000001,0,
2026-09-30,US,Mesa,Arizona,33.422,-111.823,11.33,0,
2026-09-30,US,Norwalk,Connecticut,41.118,-73.408,11.21,0,
2026-09-30,US,Aurora,Colorado,39.729,-104.832,11.0,0,
2026-09-30,US,Gilbert,Arizona,33.353,-111.789,11.0,0,
2026-09-30,US,Eugene,Oregon,44.052,-123.087,10.57,0,
2026-09-30,US,Plymouth,Minnesota,45.011,-93.456,9.95,0,
2026-09-30,US,Beaverton,Oregon,45.487,-122.804,9.93,0,
2026-09-30,US,Madison,Alabama,34.699,-86.748,9.63,0,
2026-09-30,US,Kailua,Hawaii,21.402,-157.741,9.52,0,
2026-09-30,US,Olathe,Kansas,38.881,-94.819,9.51,0,
2026-09-30,US,Norman,Oklahoma,35.223,-97.439,9.36,0,
2026-09-30,US,Springfield,Missouri,37.215,-93.298,9.29,0,
2026-09-30,US,Saint Charles,Missouri,38.784,-90.481,9.23,0,
2026-09-30,US,Plymouth,Michigan,42.371,-83.47,8.91,0,
2026-09-30,US,Newark,Delaware,39.684,-75.75,8.84,0,
2026-09-30,US,Kaneohe,Hawaii,21.4,-157.799,8.75,0,
2026-09-30,US,Salem,Oregon,44.943,-123.035,8.69,0,
2026-09-30,US,Lincoln,Nebraska,40.8,-96.667,8.67,0,
2026-09-30,US,Berkley,Massachusetts,41.846,-71.083,8.55,0,
2026-09-30,US,Rogers,Arkansas,36.332,-94.119,8.42,0,
2026-09-30,US,Morgantown,West Virginia,39.63,-79.956,8.38,0,
2026-09-30,US,Santa Fe,New Mexico,35.687,-105.938,8.36,0,
2026-09-30,US,Cedar Rapids,Iowa,42.008,-91.644,8.200000000000001,0,
2026-09-30,US,New Castle,Delaware,39.659,-75.564,8.13,0,
2026-09-30,US,Meridian,Idaho,43.612,-116.392,8.1,0,
2026-09-30,US,Fairhope,Alabama,30.523,-87.903,8.09,0,
2026-09-30,US,Spokane,Washington,47.657,-117.425,7.99,0,
2026-09-30,US,Fayetteville,Arkansas,36.063,-94.157,7.76,0,
2026-09-30,US,Jonesboro,Arkansas,35.842,-90.704,7.74,0,
2026-09-30,US,Macomb,Michigan,42.701,-82.959,7.65,0,
2026-09-30,US,Lewes,Delaware,38.775,-75.139,7.56,0,
2026-09-30,US,West Lafayette,Indiana,40.426,-86.908,7.53,0,
2026-09-30,US,South Jordan,Utah,40.562,-111.93,7.4799999999999995,0,
2026-09-30,US,Portland,Maine,43.657,-70.259,7.46,0,
2026-09-30,US,Mililani,Hawaii,21.45,-158.015,7.37,0,
2026-09-30,US,Broken Arrow,Oklahoma,36.053,-95.791,7.25,0,
2026-09-30,US,Nashua,New Hampshire,42.765,-71.468,7.07,0,
2026-09-30,US,Manchester,New Hampshire,42.996,-71.455,6.92,0,
2026-09-30,US,Paducah,Kentucky,37.083,-88.6,6.82,0,
2026-09-30,US,Eden Prairie,Minnesota,44.855,-93.471,6.77,0,
2026-09-30,US,Barrington,Rhode Island,41.741,-71.309,6.45,0,
2026-09-30,US,Anchorage,Alaska,61.218,-149.9,6.26,0,
2026-09-30,US,Kuna,Idaho,43.492,-116.42,6.22,0,
2026-09-30,US,Madison,Mississippi,32.462,-90.115,6.14,0,
2026-09-30,US,Iowa City,Iowa,41.661,-91.53,5.99,0,
2026-09-30,US,Park City,Utah,40.646,-111.498,5.99,0,
2026-09-30,US,Las Cruces,New Mexico,32.312,-106.778,5.86,0,
2026-09-30,US,Lawrence,Kansas,38.972,-95.235,5.7700000000000005,0,
2026-09-30,US,Des Moines,Iowa,41.601,-93.609,5.61,0,
2026-09-30,US,Bowling Green,Kentucky,36.99,-86.444,5.6,0,
2026-09-30,US,Whitefish Bay,Wisconsin,43.113,-87.9,5.53,0,
2026-09-30,US,Minnetonka,Minnesota,44.913,-93.503,5.47,0,
2026-09-30,US,Waukesha,Wisconsin,43.012,-88.231,5.39,0,
2026-09-30,US,Fargo,North Dakota,46.877,-96.79,5.37,0,
2026-09-30,US,Gulfport,Mississippi,30.367,-89.093,5.32,0,
2026-09-30,US,Leawood,Kansas,38.967,-94.617,5.260000000000001,0,
2026-09-30,US,Billings,Montana,45.783,-108.501,5.2,0,
2026-09-30,US,Appleton,Wisconsin,44.262,-88.415,5.0200000000000005,0,
2026-09-30,US,Sioux Falls,South Dakota,43.55,-96.7,5.0200000000000005,0,
2026-09-30,US,Scarborough,Maine,43.578,-70.322,4.95,0,
2026-09-30,US,Elkhorn,Nebraska,41.345,-96.256,4.83,0,
2026-09-30,US,Sandy,Utah,40.592,-111.884,4.83,0,
2026-09-30,US,Hampton,New Hampshire,42.938,-70.839,4.82,0,
2026-09-30,US,Wheeling,West Virginia,40.064,-80.721,4.74,0,
2026-09-30,US,West Des Moines,Iowa,41.577,-93.711,4.4799999999999995,0,
2026-09-30,US,Portsmouth,New Hampshire,43.077,-70.758,4.22,0,
2026-09-30,US,Cheyenne,Wyoming,41.14,-104.82,4.15,0,
2026-09-30,US,Huntington,West Virginia,38.419,-82.445,4.08,0,
2026-09-30,US,Bozeman,Montana,45.68,-111.039,4.05,0,
2026-09-30,US,Ames,Iowa,42.035,-93.62,3.94,0,
2026-09-30,US,Middletown,Delaware,39.45,-75.716,3.91,0,
2026-09-30,US,South Burlington,Vermont,44.467,-73.171,3.83,0,
2026-09-30,US,Warwick,Rhode Island,41.7,-71.416,3.83,0,
2026-09-30,US,Eagle,Idaho,43.695,-116.354,3.71,0,
2026-09-30,US,Charleston,West Virginia,38.35,-81.633,3.48,0,
2026-09-30,US,Southaven,Mississippi,34.989,-90.013,3.45,0,
2026-09-30,US,Cranston,Rhode Island,41.78,-71.437,3.43,0,
2026-09-30,US,Falmouth,Maine,43.73,-70.242,3.43,0,
2026-09-30,US,Sheridan,Wyoming,44.797,-106.956,3.39,0,
2026-09-30,US,Jackson,Mississippi,32.299,-90.185,3.31,0,
2026-09-30,US,West Fargo,North Dakota,46.875,-96.9,3.27,0,
2026-09-30,US,Exeter,New Hampshire,42.981,-70.948,3.09,0,
2026-09-30,US,East Greenwich,Rhode Island,41.66,-71.456,3.07,0,
2026-09-30,US,Papillion,Nebraska,41.154,-96.042,3.07,0,
2026-09-30,US,Burlington,Vermont,44.476,-73.212,3.02,0,
2026-09-30,US,Kalispell,Montana,48.196,-114.313,2.98,0,
2026-09-30,US,Hattiesburg,Mississippi,31.327,-89.29,2.96,0,
2026-09-30,US,Los Alamos,New Mexico,35.888,-106.307,2.65,0,
2026-09-30,US,Rock Springs,Wyoming,41.587,-109.203,2.65,0,
2026-09-30,US,Stowe,Vermont,44.465,-72.685,2.65,0,
2026-09-30,US,Rapid City,South Dakota,44.081,-103.231,2.62,0,
2026-09-30,US,Bangor,Maine,44.799,-68.773,2.45,0,
2026-09-30,US,Cordova,Alaska,60.543,-145.759,2.41,0,
2026-09-30,US,Great Falls,Montana,47.5,-111.301,2.4,0,
2026-09-30,US,Tijeras,New Mexico,35.081,-106.388,2.35,0,
2026-09-30,US,Missoula,Montana,46.872,-113.994,2.31,0,
2026-09-30,US,Bismarck,North Dakota,46.808,-100.784,2.22,0,
2026-09-30,US,Dickinson,North Dakota,46.879,-102.79,2.16,0,
2026-09-30,US,Hurricane,West Virginia,38.433,-82.02,2.14,0,
2026-09-30,US,Bellevue,Nebraska,41.137,-95.891,2.0300000000000002,0,
2026-09-30,US,Essex Junction,Vermont,44.491,-73.111,2.02,0,
2026-09-30,US,Eliot,Maine,43.153,-70.8,1.93,0,
2026-09-30,US,Middlesboro,Kentucky,36.608,-83.717,1.87,0,
2026-09-30,US,Carson City,Nevada,39.164,-119.767,1.83,0,
2026-09-30,US,Fairbanks,Alaska,64.838,-147.716,1.79,0,
2026-09-30,US,Hyde Park,Vermont,44.594,-72.617,1.71,0,
2026-09-30,US,North Las Vegas,Nevada,36.199,-115.118,1.71,0,
2026-09-30,US,Lennox,South Dakota,43.354,-96.892,1.52,0,
2026-09-30,US,Sitka,Alaska,57.053,-135.331,1.33,0,
2026-09-30,US,Cody,Wyoming,44.526,-109.057,1.16,0,
2026-09-30,US,Eagle Mountain,Utah,40.314,-111.985,1.12,0,
2026-09-30,US,Madison,South Dakota,44.006,-97.114,1.01,0,
2026-09-30,US,Casper,Wyoming,42.867,-106.313,0.85,0,
2026-09-30,US,Coeur D'Alene,Idaho,47.678,-116.78,0.82,0,
2026-09-30,US,Wasilla,Alaska,61.581,-149.442,0.82,0,
2026-09-30,US,Grand Forks,North Dakota,47.925,-97.033,0.74,0,
2026-09-30,US,Aberdeen,South Dakota,45.465,-98.486,0.7,0,
